canonical_smiles,is_coumarin,Factor_XIIa_pIC50,Factor_Xa_pIC50,Thrombin_pIC50,VKORC1_pIC50
Br.CCOC(=O)C(CC)(CCC(=O)OC)c1csc(Nc2ccccc2O)n1,False,,,4.301029995663981,
Br.COc1ccc(C2=CSC3=NCCN23)cc1F,False,4.301029995663981,,,
Brc1c(C[n+]2ccccc2)nc2ccccn12.[Br-],False,4.301029995663981,,,
Brc1cccc(/C=N/Nc2nn[nH]n2)c1,False,4.301029995663981,,,
C#CCN(C)C(=O)CC1CN(S(=O)(=O)c2cc3cc(Cl)ccc3[nH]2)CCN1C(=O)c1ccc(C2=NCCN2C)cc1,False,,7.853871964321762,,
C#CCN(C)C(=O)CC1CN(S(=O)(=O)c2cc3ccc(Cl)cc3s2)CCN1C(=O)c1ccc(C2=NCCN2C)cc1,False,,7.721246399047171,,
C#CCNc1cc(C)nc2ncnn12,False,,,4.301029995663981,
C#CCNc1nc(Cl)c(-c2ccccc2)n(CC(=O)NCc2ccc(C(=N)N)cc2)c1=O,False,,,5.522878745280337,
C#CCOC(=O)c1ccccc1C(=O)n1nnc2ccccc21,False,4.95825686218734,,,
C#CCOCCOCCOCCNc1nc(N2CCN(C(=O)Cn3cc(CC(C)O)nn3)CC2)nc(N2CCN(C(=O)[C@H](C)n3cc(CCCN=C(N)N)nn3)CC2)n1.Cl,False,,,5.167224205939433,
C#CCO[C@@H]1C[C@]23CC[C@H]4[C@@](C)(CCC[C@@]4(C)C(=O)OCC)[C@@H]2CC[C@@]1(C)C3,False,,4.489800954644382,,
C#CCOc1nc(Nc2cccc([N+](=O)[O-])c2)nc(OCC#C)n1,False,4.301029995663981,,,
C#CCSc1nncn1C(=O)/C=C/c1ccccc1,False,,,6.532288327162454,
C#Cc1ccc(-c2ccc(C(=O)NCC(C)C)cc2C(=O)O)c(C(=O)Nc2ccc(C(=N)N)cc2)c1,False,,8.089375595110798,7.298950369270861,
C#Cc1ccc(C(=O)NCC(C(=O)Nc2ccc(N3CCOCC3=O)c(C)c2)C(F)(F)F)s1,False,,7.318758762624412,,
C#Cc1ccc(NC(=O)c2cc(Cl)ccc2NC(=O)c2ccc(C(=N)N(C)C)cc2)cc1,False,,9.045757490560675,,
C#Cc1ccc(NC(=O)c2cc(Cl)ccc2NC(=O)c2ccc(C(=N)N(C)C)cc2)nc1,False,,9.096910013008056,,
C#Cc1ccc(NC(=O)c2cc(OC)ccc2NC(=O)c2nc3c(s2)CN(C)CC3)cc1,False,,7.698970004336019,,
C#Cc1ccc(NC(=O)c2ccc(C(=N)N(C)C)cc2)c(C(=O)Nc2ccc(Cl)cn2)c1,False,,9.301029995663981,,
C/C(=C(/F)C(=O)Nc1ccc(-c2ccccc2S(N)(=O)=O)cc1)c1ccc2ccnc(N)c2c1,False,,6.055517327849832,,
C/C(=C(/F)C(=O)Nc1ccc(-c2ccccc2S(N)(=O)=O)cc1)c1ccc2nc(N)nc(N)c2c1,False,,4.958607314841775,,
C/C(=C(/F)C(=O)Nc1ccc(-c2ccccc2S(N)(=O)=O)cc1)c1ccc2ncnc(N)c2c1,False,,6.568636235841013,,
C/C(=C(\CC(=O)O)C(=O)Nc1ccc(-c2ccccc2S(N)(=O)=O)cc1)c1cccc(C(=N)N)c1,False,,6.6307841425898575,,
C/C(=C(\CC(N)=O)C(=O)Nc1ccc(-c2ccccc2S(N)(=O)=O)cc1)c1cccc(C(=N)N)c1,False,,7.00436480540245,5.795880017344075,
C/C(=C(\F)C(=O)Nc1ccc(-c2ccccc2C#N)cc1)c1ccc2ccnc(N)c2c1,False,,6.721246399047171,,
C/C(=C(\F)C(=O)Nc1ccc(-c2ccccc2C(N)=O)cc1)c1ccc2ccnc(N)c2c1,False,,6.657577319177793,,
C/C(=C(\F)C(=O)Nc1ccc(-c2ccccc2S(N)(=O)=O)cc1)c1cc(Cl)ccc1C#N,False,,5.022276394711152,,
C/C(=C(\F)C(=O)Nc1ccc(-c2ccccc2S(N)(=O)=O)cc1)c1cc(N)ccc1[N+](=O)[O-],False,,6.6020599913279625,,
C/C(=C(\F)C(=O)Nc1ccc(-c2ccccc2S(N)(=O)=O)cc1)c1ccc(F)c(C(=N)N)c1,False,,8.443697499232712,,
C/C(=C(\F)C(=O)Nc1ccc(-c2ccccc2S(N)(=O)=O)cc1)c1ccc2[nH]nc(N)c2c1,False,,5.228412519118745,,
C/C(=C(\F)C(=O)Nc1ccc(-c2ccccc2S(N)(=O)=O)cc1)c1ccc2ccnc(N)c2c1,False,,7.853871964321762,,
C/C(=C(\F)C(=O)Nc1ccc(-c2ccccc2S(N)(=O)=O)cc1)c1cccc(C(=N)N)c1,False,,9.0,5.496209316942819,
C/C(=C(\F)C(=O)Nc1ccc(-c2ccccc2S(N)(=O)=O)cc1)c1cccc(C(=N)N2CCC2)c1,False,,6.050609993355087,,
C/C(=C(\F)C(=O)Nc1ccc(-c2ccccc2S(N)(=O)=O)cc1)c1cccc(C(=N)NC#N)c1,False,,6.5968794788241825,,
C/C(=C(\F)C(=O)Nc1ccc(-c2ccccc2S(N)(=O)=O)cc1)c1cccc(C(=N)NC2CC2)c1,False,,5.79317412396815,,
C/C(=C(\F)C(=O)Nc1ccc(-c2ccccc2S(N)(=O)=O)cc1)c1cccc(C(=N)NN(C)C)c1,False,,6.309803919971486,,
C/C(=C(\F)C(=O)Nc1ccc(-c2ccccc2S(N)(=O)=O)cc1)c1cccc(C(=N)NNCC(F)(F)F)c1,False,,6.376750709602099,,
C/C(=C(\F)C(=O)Nc1ccc(-c2ccccc2S(N)(=O)=O)cc1)c1cccc(C(=N)NNc2ccccc2)c1,False,,6.1249387366083,,
C/C(=C(\F)C(=O)Nc1ccc(-c2ccccc2S(N)(=O)=O)cc1)c1cccc(C(=N)NO)c1,False,,6.356547323513812,,
C/C(=C(\F)C(=O)Nc1ccc(-c2ccccc2S(N)(=O)=O)cc1)c1cccc(C(N)=O)c1,False,,6.036212172654444,,
C/C(=C(\F)C(=O)Nc1ccc(-c2ccccc2S(N)(=O)=O)cc1)c1cccc(CN)c1,False,,5.886056647693163,,
C/C(=C(\F)C(=O)Nc1ccc(-c2ccccc2S(N)(=O)=O)cc1)c1cccc(N)c1,False,,4.958607314841775,,
C/C(=C(\F)C(=O)Nc1ccc(-c2ccccc2S(N)(=O)=O)cc1)c1cccc(NN)c1,False,,4.958607314841775,,
C/C(=C(\F)C(=O)Nc1ccc(-c2ccccc2S(N)(=O)=O)cc1Br)c1cc(Br)ccc1N,False,,4.958607314841775,,
C/C(=C(\F)C(=O)Nc1ccc(-c2ccccc2S(N)(=O)=O)cc1Br)c1cc(Br)ccc1[N+](=O)[O-],False,,5.5376020021010435,,
C/C(=C(\F)C(=O)Nc1ccc(-c2ccccc2S(N)(=O)=O)cc1Br)c1ccc(F)c(C(=N)N)c1,False,,9.1249387366083,,
C/C(=C(\F)C(=O)Nc1ccc(-c2ccccc2S(N)(=O)=O)cc1Br)c1ccc2ccnc(N)c2c1,False,,8.154901959985743,5.318758762624412,
C/C(=C(\F)C(=O)Nc1ccc(-c2ccccc2S(N)(=O)=O)cc1Br)c1cccc(C(=N)N)c1,False,,9.301029995663981,6.298432014944073,
C/C(=C(\F)C(=O)Nc1ccc(-c2ccccc2S(N)(=O)=O)cc1Br)c1cccc(C(=N)NN)c1,False,,7.2441251443275085,,
C/C(=C(\F)C(=O)Nc1ccc(-c2ccccc2S(N)(=O)=O)cc1Br)c1cccc(C(=N)NO)c1,False,,5.928117992693875,,
C/C(=C(\F)C(=O)Nc1ccc(-c2ccccc2S(N)(=O)=O)cc1C(N)=O)c1ccc2ccnc(N)c2c1,False,,5.958607314841775,,
C/C(=C(\F)C(=O)Nc1ccc(-c2ccccc2S(N)(=O)=O)cc1Cl)c1ccc(F)c(C(=N)N)c1,False,,9.130768280269024,,
C/C(=C(\F)C(=O)Nc1ccc(-c2ccccc2S(N)(=O)=O)cc1Cl)c1ccc2ccnc(N)c2c1,False,,7.958607314841775,5.267606240177032,
C/C(=C(\F)C(=O)Nc1ccc(-c2ccccc2S(N)(=O)=O)cc1Cl)c1cccc(C(=N)N)c1,False,,9.301029995663981,6.187086643357144,
C/C(=C(\F)C(=O)Nc1ccc(-c2ccccc2S(N)(=O)=O)cc1Cl)c1cccc(C(=N)NN)c1,False,,7.3872161432802645,,
C/C(=C(\F)C(=O)Nc1ccc(-c2ccccc2S(N)(=O)=O)cc1Cl)c1cccc(C(=N)NO)c1,False,,6.1249387366083,,
C/C(=C(\F)C(=O)Nc1ccc(-c2ccccc2S(N)(=O)=O)cc1F)c1cc(C(=N)N)ccc1N,False,,8.585026652029182,,
C/C(=C(\F)C(=O)Nc1ccc(-c2ccccc2S(N)(=O)=O)cc1F)c1cc(C(=N)N)ccc1[N+](=O)[O-],False,,7.823908740944319,,
C/C(=C(\F)C(=O)Nc1ccc(-c2ccccc2S(N)(=O)=O)cc1F)c1ccc(F)c(C(=N)N)c1,False,,8.823908740944319,,
C/C(=C(\F)C(=O)Nc1ccc(-c2ccccc2S(N)(=O)=O)cc1F)c1ccc2ccnc(N)c2c1,False,,8.301029995663981,5.200659450546418,
C/C(=C(\F)C(=O)Nc1ccc(-c2ccccc2S(N)(=O)=O)cc1F)c1cccc(C(=N)N)c1,False,,9.698970004336019,5.657577319177793,
C/C(=C(\F)C(=O)Nc1ccc(-c2ccccc2S(N)(=O)=O)cc1F)c1cccc(C(=N)NN)c1,False,,6.958607314841775,,
C/C(=C(\F)C(=O)Nc1ccc(-c2ccccc2S(N)(=O)=O)cc1F)c1cccc(C(=N)NO)c1,False,,5.798602875679548,,
C/C(=C(\F)C(=O)Nc1ccc(-c2ccccc2S(N)(=O)=O)cc1F)c1cccc(C(=N)S)c1,False,,6.853871964321762,,
C/C(=C(\F)C(=O)Nc1ccc(-c2ccccc2S(N)(=O)=O)cn1)c1ccc2ccnc(N)c2c1,False,,7.853871964321762,,
C/C(=C(\F)C(=O)Nc1ccc(-c2ccnc(C(N)=O)c2)cc1)c1ccc2ccnc(N)c2c1,False,,5.823908740944319,,
C/C(=C(\F)C(=O)Nc1ccc(-c2ccncc2S(C)(=O)=O)cc1)c1ccc2ccnc(N)c2c1,False,,8.154901959985743,,
C/C(=C(\F)C(=O)Nc1ccc(-c2ccncc2[S+](C)[O-])cc1F)c1ccc2ccnc(N)c2c1,False,,5.823908740944319,,
C/C(=C/C(=O)N1CCN(C)CC1)C(=O)O,False,,,4.301029995663981,
C/C(=C/C(=O)Nc1ccc(-c2ccccc2S(N)(=O)=O)cc1)c1cccc(C(=N)N)c1,False,,8.397940008672037,,
C/C(=C/c1cccc(C(=N)N)c1)C(=O)Nc1ccc(-c2ccccc2S(N)(=O)=O)cc1,False,,6.441291429466834,,
C/C(=C1\CC(=O)N(c2ccc(-c3ccccc3S(N)(=O)=O)cc2)C1=O)c1cccc(C(=N)N)c1,False,,8.698970004336019,6.173925197299173,
C/C(=C1\CC(=O)N(c2ccc(-c3ccccc3S(N)(=O)=O)cc2)C1=O)c1cccc(C(=N)NN)c1,False,,7.107905397309519,,
C/C(=C1\CC(=O)N(c2ccc(-c3ccccc3S(N)(=O)=O)cc2)C1=O)c1cccc(C(=N)NO)c1,False,,6.1487416512809245,,
C/C(=C1\CC(=O)N(c2ccc(C(=O)N3CCCC3)cc2)C1=O)c1cccc(C(=N)N)c1,False,,6.7447274948966935,4.97061622231479,
C/C(=C1\CC(=O)N(c2ccc(C(C)(C)C)cc2)C1=O)c1cccc(C(=N)N)c1,False,,7.5376020021010435,7.119186407719209,
C/C(=C\C(=O)O)c1ccc2c(C)cc(Oc3ccc(C(=N)N)cc3)nc2c1,False,,,6.221848749616356,
C/C(=C\c1ccccc1)C(=O)n1nnc2ccccc21,False,5.0227223468782505,,6.072496186349151,
C/C(=N\NC(=O)CCn1nnc2ccccc21)c1cccs1,False,4.301029995663981,,,
C/C(=N\NC(=O)c1cccc(N/N=C(\C)c2ccccc2)c1)c1ccccc1,False,4.301029995663981,,,
C/C(=N\NC(=S)NC1CCCCC1)c1cccc(Br)c1,False,,,4.301029995663981,
C/C(=N\Nc1ccc(Cl)c(C(=O)O)c1)c1cccc([N+](=O)[O-])c1,False,,,4.301029995663981,
C/C(Cc1ccc(Br)cc1)=C(\F)C(=O)Nc1ccc(-c2ccccc2S(N)(=O)=O)cc1,False,,5.7447274948966935,,
C/C(Cc1ccccc1)=N\NC(=O)CNC(=O)c1ccc(Cl)cc1Cl,False,4.301029995663981,,,
C/C=C1\NC(=O)[C@@H](NC(=O)[C@@H](NC(=O)[C@@H](COS(=O)(=O)[O-])OC)C(C)C)[C@@H](C)OC(=O)[C@H]([C@H](C)CC)NC(=O)[C@H](Cc2ccccc2)N(C)C(=O)[C@H](Cc2ccccc2)N2C(=O)[C@H](CC[C@H]2O)NC1=O.[Na+],False,,5.0,,
C/C=C\Cc1ccc(-c2ccc(C(=O)NCC(C)C)cc2C(=O)O)c(C(=O)Nc2ccc(C(=N)N)cc2)c1,False,,8.119186407719209,8.311580177997289,
C/N=C(/N)CCCC[C@H]1C(=O)O[C@H]2Cc3ccc(-c4ccc(O)cc4)cc3[C@@H]21,False,,,5.795880017344075,
C/N=C(/N)N(C)Cc1ccc(C(=O)Nc2ccc(Cl)cc2C(=O)Nc2ccc(Cl)cn2)cc1,False,,9.154901959985743,4.958607314841775,
C/N=C(/N)c1cccc(C2Oc3ccccc3N(CCCCCN3C(C)CCCC3C)C2=O)c1,False,,5.552841968657781,,
C/N=C(/NC)N(C)Cc1ccc(C(=O)Nc2ccc(Cl)cc2C(=O)Nc2ccc(Cl)cn2)cc1,False,,9.096910013008056,4.958607314841775,
C/N=C(\N(C)C)N(C)CCCC[C@H](NC(=O)OC(C)(C)C)C(=O)NCC(=O)NC(C=O)CCCN=C(N)N,False,,5.522878745280337,4.0,
C/N=C(\N)c1ccc(C(=O)N2CCN(S(=O)(=O)c3ccc4cc(Br)ccc4c3)CC2)cc1,False,,6.638272163982407,,
C/N=C(\N)c1ccc(NC(=O)c2cc(C)nn2-c2cc3ccccc3cc2F)c(F)c1,False,,6.943095148663527,,
C/N=C(\N)c1cccc(/C(C)=C(/F)C(=O)Nc2ccc(-c3ccccc3S(N)(=O)=O)cc2)c1,False,,6.050609993355087,,
C=C(C)/C=C\c1ccc(-c2ccc(C(=O)NCC(C)C)cc2C(=O)O)c(C(=O)Nc2ccc(C(=N)N)cc2)c1,False,,9.508638306165727,,
C=C(C)C(=O)Nc1cccc(C2=NOC3(C2)C[C@H](C(N)=O)N(C(=O)CC)C3)c1,False,4.301029995663981,,,
C=C(C)CN(CC)C(=O)CC1C(=O)NCCN1CC(C)(C)C,False,,,4.301029995663981,
C=C(C)C[C@]1(N)C[C@H](OC)[C@@H]2[C@H](CC)CC(C(=O)NCc3ccc(C(=N)N)cc3)N2C1=O.O=C(O)/C=C/C(=O)O,False,,,6.42021640338319,
C=C(C)c1ccc(-c2ccc(C(=O)NCC(C)C)cc2C(=O)O)c(C(=O)Nc2ccc(C(=N)N)cc2)c1,False,,8.931814138253838,7.747146969020107,
C=C(CCC(=O)c1ccccc1)C(=O)c1ccccc1,False,,,4.301029995663981,
C=C(CCO)c1ccc(-c2ccc(C(=O)NCC(C)C)cc2C(=O)O)c(C(=O)Nc2ccc(C(=N)N)cc2)c1,False,,7.948076083953893,7.250109158728578,
C=C(CO)c1ccc(-c2ccc(C(=O)NCC(C)C)cc2C(=O)O)c(C(=O)Nc2ccc(C(=N)N)cc2)c1,False,,8.148741651280925,7.401209493236885,
C=C1CCN(C(=O)[C@@H](CC2CCCCC2)NCC(=O)O)[C@@H]1C(=O)NCc1ccc(C(=N)N)nc1,False,,,7.249491605148654,
C=C1C[C@@H](C(=O)NCc2ccc(C(=N)N)nc2)N(C(=O)[C@@H](CC2CCCCC2)NCC(=O)O)C1,False,,,7.496209316942819,
C=C=Cc1ccc(-c2ccc(C(=O)NCC(C)C)cc2C(=O)O)c(C(=O)Nc2ccc(C(=N)N)cc2)c1,False,,8.823908740944319,7.553462832926356,
C=CCC1(CC=C)CCCN1C(=O)CC1C(=O)NCCN1Cc1cccc(OC)c1OC,False,4.301029995663981,,,
C=CCN(C(=O)Nc1ccc2c(c1)nc(C)n2C)c1ccccc1,False,4.301029995663981,,4.301029995663981,
C=CCN(CC(=O)O)C(=O)/C(C)=C/c1ccc(C(=O)Oc2ccc(C(=N)N)cc2)cc1.CS(=O)(=O)O,False,,,4.455931955649724,
C=CCN(CC(=O)OCC)C(=O)/C(C)=C/c1ccc(C(=O)Oc2ccc(C(=N)N)cc2)cc1.CS(=O)(=O)O,False,,,5.436518914605589,
C=CCN1C(=O)C(C(C)CC)NC1=S,False,,,4.301029995663981,
C=CCNC(=O)/C(C#N)=C\c1cc(Cl)c(O)c(OCC)c1,False,,,4.301029995663981,
C=CCNC(=O)C(C#N)c1nc2ccccc2nc1N1CCN(Cc2ccccc2)CC1,False,,,4.301029995663981,
C=CCNC(=O)CN(c1ccc(F)cc1)S(=O)(=O)c1ccc(OC)cc1,False,4.301029995663981,,,
C=CCNC(=S)N/N=C/c1ccc(C)c([N+](=O)[O-])c1,False,4.301029995663981,,,
C=CCNc1nc(Cl)c(-c2ccccc2)n(CC(=O)NCc2ccc(C(=N)N)cc2)c1=O,False,,,5.060480747381382,
C=CCNc1ncnc2c1[nH]c1ccc(C)cc12,False,4.301029995663981,,,
C=CCOC(=O)C1=C(C)N=C(C)/C(=C(/O)OCC=C)C1c1ccc(O)cc1,False,4.301029995663981,,,
C=CCOC(=O)C1=C(C)N=C2SCCC(=O)N2C1c1cccs1,False,4.301029995663981,,,
C=CCOC(=O)c1c(C)oc2cc(OC)c(OS(=O)(=O)[O-])cc12.[Na+],False,,,2.5228787452803374,
C=CCOc1ccc(C(=O)C2=C(O)C(=O)N(CCCOC)C2c2ccncc2)cc1,False,,,4.301029995663981,
C=CCSc1nc(C)c(CC=C)c(O)n1,False,4.301029995663981,,,
C=CCSc1nnc(Cc2cc(O)nc(O)n2)n1-c1cc(C)ccc1C,False,4.301029995663981,,,
C=CC[C@@H]1C(=O)O[C@H]2CCC[C@@H]21,False,,,7.008773924307505,
C=CC[C@@H]1C(=O)O[C@H]2CCN(C(=O)OCc3ccccc3)C21,False,,,4.350859935855781,
C=CC[C@H]1C(=O)N(S(=O)(=O)c2cccc3ccccc23)[C@H]2CCN(C(=O)OCc3ccccc3)C12,False,,,4.0,
C=CC[C@H]1C(=O)N(S(C)(=O)=O)[C@H]2CCN(C(=O)OCc3ccccc3)[C@H]12,False,,,4.274333339685821,
C=CC[C@H]1C(=O)N[C@H]2CCN(C(=O)OCc3ccccc3)[C@@H]21,False,,,4.0,
C=CC[C@H]1C(=O)O[C@H]2CCC[C@@H]21,False,,,7.301029995663981,
C=CC[C@H]1C(=O)O[C@H]2CCN(C(=O)OCC)C21,False,,,3.6989700043360187,
C=CC[C@H]1C(=O)O[C@H]2CCN(C(=O)OCc3ccccc3)C21,False,,,4.30989256054367,
C=CCc1ccc(-c2ccc(C(=O)NCC(C)C)cc2C(=O)O)c(C(=O)Nc2ccc(C(=N)N)cc2)c1,False,,8.721246399047171,7.717377887121938,
C=CCc1cccc(/C=N/NC(=O)CNc2ccccc2)c1O,False,,,4.301029995663981,
C=CCn1c(COc2ccc(CC)cc2)nnc1SCC(=O)N(C)C1CCS(=O)(=O)C1,False,4.301029995663981,,,
C=CCn1c(O)c(N=NC(S)=Nc2ccccc2F)c2cc(S(=O)(=O)N3CCOCC3)ccc21,False,4.301029995663981,,,
C=CCn1c(SCC(=O)Nc2cccnc2Cl)nnc1-c1ccc(Cl)cc1,False,4.301029995663981,,,
C=CCn1c(SCc2c(C)noc2C)nc2cc(C(=O)O)ccc2c1=O,False,,,4.301029995663981,
C=CCn1cc(C(=O)NCc2ccc3c(c2)OCO3)c(=O)c2cc(S(=O)(=O)N(CC)CC)ccc21,False,,,4.717758429608733,
C=Cc1ccc(-c2ccc(C(=O)NCC(C)C)cc2C(=O)O)c(C(=O)Nc2ccc(C(=N)N)cc2)c1,False,,8.782516055786093,8.0268721464003,
CC#Cc1ccc(-c2ccc(C(=O)NCC(C)C)cc2C(=O)O)c(C(=O)Nc2ccc(C(=N)N)cc2)c1,False,,8.282329496997738,7.301029995663981,
CC(/N=c1\ccccn1C(=O)Nc1cccc(C(F)(F)F)c1)c1ccco1,False,4.301029995663981,,,
CC(=N)/C(C#N)=C(/O)CSc1nc2cc(Cl)ccc2s1,False,,,4.301029995663981,
CC(=N)N(C)CCN(C)Cc1ccc(C(=O)Nc2ccc(Cl)cc2C(=O)Nc2ccc(Cl)cn2)cc1,False,,8.958607314841775,4.958607314841775,
CC(=N)N(C)Cc1ccc(C(=O)Nc2ccc(Cl)cc2C(=O)Nc2ccc(Cl)cn2)cc1,False,,9.045757490560675,4.958607314841775,
CC(=N)N(C)c1ccc(C(=O)Nc2ccc(C)cc2C(=O)Nc2ccc(Cl)cn2)cc1,False,,9.301029995663981,,
CC(=N)N1CCC(COc2ccc3c(c2)CN(C(=N)N)CC3)CC1.Cl.Cl,False,,6.292429823902063,5.0,
CC(=N)N1CCC(Oc2ccc(N(Cc3cc(-c4cccc(C(=N)N)c4)no3)S(C)(=O)=O)cc2)CC1,False,,7.853871964321762,5.0,
CC(=N)N1CCC(Oc2ccc(N(Cc3cc(C)n(-c4cccc(C(=N)N)c4)n3)S(C)(=O)=O)cc2)CC1,False,,6.029653123769907,5.0,
CC(=N)N1CCC(Oc2ccc(N(Cc3cc(C)nn3-c3cccc(C(=N)N)c3)S(C)(=O)=O)cc2)CC1,False,,5.1598939055432425,5.0,
CC(=N)N1CCC(Oc2ccc(N(Cc3cc4cc(C(=N)N)ccc4n3C)S(C)(=O)=O)cc2)CC1,False,,7.508638306165727,5.0,
CC(=N)N1CCC(Oc2ccc(N(Cc3cc4cc(C(=N)N)ccc4s3)S(=O)(=O)CC(=O)O)cc2)CC1,False,,8.522878745280337,,
CC(=N)N1CCC(Oc2ccc(N(Cc3cc4cc(C(=N)N)ccc4s3)S(C)(=O)=O)cc2)CC1,False,,8.221848749616356,5.0,
CC(=N)N1CCC(Oc2ccc(N(Cc3cc4ccc(C(=N)N)cc4n3C)S(C)(=O)=O)cc2)CC1,False,,9.096910013008056,5.0,
CC(=N)N1CCC(Oc2ccc(N(Cc3ccc(-c4cccc(C(=N)N)c4)cc3)S(C)(=O)=O)cc2)CC1,False,,7.6020599913279625,5.0,
CC(=N)N1CCC(Oc2ccc(N(Cc3ccc4ccc(C(=N)N)cc4c3)S(=O)(=O)CC(=O)O)cc2)CC1,False,,8.698970004336019,8.113509274827518,
CC(=N)N1CCC(Oc2ccc(N(Cc3ccc4ccc(C(=N)N)cc4c3)S(C)(=O)=O)cc2)CC1,False,,8.221848749616356,5.0,
CC(=N)N1CCC(Oc2ccc(N(Cc3cccc(-c4cccc(C(=N)N)c4)c3)S(=O)(=O)CC(=O)O)cc2)CC1,False,,8.522878745280337,,
CC(=N)N1CCC(Oc2ccc(N(Cc3cccc(-c4cccc(C(=N)N)c4)c3)S(C)(=O)=O)cc2)CC1,False,,8.154901959985743,5.0,
CC(=N)N1CCC(Oc2ccc(N(Cc3ccccc3-c3ccc(C(=N)N)cc3)S(C)(=O)=O)cc2)CC1,False,,5.0,5.0,
CC(=N)N1CCC(Oc2ccc(N(Cc3ccccc3-c3cccc(C(=N)N)c3)S(C)(=O)=O)cc2)CC1,False,,5.154901959985743,5.0,
CC(=N)N1CCC(Oc2ccc(N(Cc3nc4cc(C(=N)N)ccc4n3CC(=O)NC(C)(C)c3ccccc3)C(=O)c3ccc(C(=O)O)cc3)cc2)CC1.Cl.Cl,False,,6.698970004336019,5.0,
CC(=N)N1CCC(Oc2ccc(N(Cc3nc4cc(C(=N)N)ccc4n3CC(=O)NC3CCCCC3)C(=O)c3ccc(C(=O)O)cc3)cc2)C1.Cl.Cl,False,,7.0,5.0,
CC(=N)N1CCC(Oc2ccc(N(Cc3nc4cc(C(=N)N)ccc4n3CC(=O)NC3CCCCC3)C(=O)c3ccc(C(=O)O)cc3)cc2)CC1.Cl.Cl,False,,8.0,5.0,
CC(=N)N1CCC(Oc2ccc(N(Cc3nc4cc(C(=N)N)ccc4n3CC(=O)NCc3ccc(Cl)c(Cl)c3)C(=O)c3ccc(C(=O)O)cc3)cc2)CC1.Cl.Cl,False,,8.221848749616356,5.0,
CC(=N)N1CCC(Oc2ccc(N(Cc3nc4cc(C(=N)N)ccc4n3CC(=O)Nc3ccc(Cl)c(Cl)c3)C(=O)c3ccc(C(=O)O)cc3)cc2)CC1.Cl.Cl,False,,6.698970004336019,5.0,
CC(=N)N1CCC(Oc2ccc(OCc3nc4cc(C(=N)N)ccc4n3CC(=O)N3CCCCC3)cc2)CC1.Cl.Cl,False,,5.522878745280337,5.0,
CC(=N)N1CCC(Oc2ccc(OCc3nc4cc(C(=N)N)ccc4n3CC(=O)NC(C)c3ccccc3)cc2)CC1.Cl.Cl,False,,7.522878745280337,5.0,
CC(=N)N1CCC(Oc2ccc(OCc3nc4cc(C(=N)N)ccc4n3CC(=O)NC3CCCCC3)cc2)CC1.Cl.Cl,False,,7.3979400086720375,5.0,
CC(=N)N1CCC(Oc2ccc(OCc3nc4cc(C(=N)N)ccc4n3CC(=O)NCC3CCCCC3)cc2)CC1.Cl.Cl,False,,6.522878745280337,5.0,
CC(=N)N1CCC(Oc2ccc(OCc3nc4cc(C(=N)N)ccc4n3CC(=O)NCCCc3ccccc3)cc2)CC1.Cl.Cl,False,,6.698970004336019,5.0,
CC(=N)N1CCC(Oc2ccc(OCc3nc4cc(C(=N)N)ccc4n3CC(=O)NCc3ccc(Cl)c(Cl)c3)cc2)CC1.Cl.Cl,False,,7.522878745280337,5.0,
CC(=N)N1CCC(Oc2ccc(OCc3nc4cc(C(=N)N)ccc4n3CC(=O)NCc3ccccc3)cc2)CC1.Cl.Cl,False,,7.0,5.0,
CC(=N)N1CCC(Oc2ccc(OCc3nc4cc(C(=N)N)ccc4n3CC(=O)Nc3ccc(Cl)c(Cl)c3)cc2)CC1.Cl.Cl,False,,7.221848749616356,5.0,
CC(=N)N1CCC(Oc2ccc(OCc3nc4cc(C(=N)N)ccc4n3CC(=O)Nc3ccccc3)cc2)CC1.Cl.Cl,False,,7.0,5.0,
CC(=N)N1CCC(Oc2ccc3c(c2)C(=O)NS(=O)(=O)N3Cc2ccc3ccc(C(=N)N)cc3c2)CC1,False,,9.397940008672037,,
CC(=N)N1CCC(Oc2ccc3c(c2)CC(/C=C/c2cc(C(=N)N)ccc2O)N3S(=O)(=O)CC(=O)O)CC1,False,,8.356547323513812,,
CC(=N)N1CCC(Oc2ccc3c(c2)C[C@H](c2ccc4ccc(C(=N)N)cc4c2)N3S(=O)(=O)CC(=O)O)CC1,False,,8.4089353929735,,
CC(=N)N1CCC(Oc2ccc3c(c2)OCC(=O)N3Cc2cc(-c3cccc(C(=N)N)c3)no2)CC1,False,,7.2839966563652006,5.0,
CC(=N)N1CCC(Oc2ccc3c(c2)OCC(=O)N3Cc2cc3ccc(C(=N)N)cc3n2C)CC1,False,,8.698970004336019,6.054531414868181,
CC(=N)N1CCC(Oc2ccc3c(c2)OCC(=O)N3Cc2ccc3ccc(C(=N)N)cc3c2)CC1,False,,8.221848749616356,5.0,
CC(=N)N1CCC(Oc2ccc3c(c2)OCC(=O)N3Cc2cccc(-c3cccc(C(=N)N)c3)c2)CC1,False,,8.397940008672037,5.0,
CC(=N)N1CCN(C(=O)c2ccc(N(Cc3ccc4ccc(C(=N)N)cc4c3)S(C)(=O)=O)cc2)CC1,False,,5.804100347590766,,
CC(=N)N1CCN(Cc2ccc(C(=O)Nc3ccc(Cl)cc3C(=O)Nc3ccc(Cl)cn3)cc2)CC1,False,,8.301029995663981,4.958607314841775,
CC(=N)N1CC[C@H](Oc2ccc(C(Cc3cc4cc(C(=N)N)ccc4o3)C(=O)O)cc2)C1,False,,6.301029995663981,4.823908740944319,
CC(=N)N1CC[C@H](Oc2ccc(C(Cc3cc4ccc(C(=N)N)cc4o3)C(=O)O)cc2)C1,False,,6.075720713938118,3.3979400086720375,
CC(=N)N1CC[C@H](Oc2ccc(C(Cc3ccc4cc(C(=N)N)ccc4c3)C(=O)O)cc2)C1,False,,6.443697499232712,4.657577319177793,
CC(=N)N1CC[C@H](Oc2ccc(C(Cc3ccc4ccc(C(=N)N)cc4c3)C(=O)O)cc2)C1,False,,6.795880017344075,2.9208187539523753,
CC(=N)N1CC[C@H](Oc2ccc(CCc3cc4cc(C(=N)N)ccc4o3)cc2)C1,False,,6.1938200260161125,5.3979400086720375,
CC(=N)N1CC[C@H](Oc2ccc(CCc3cc4cc(C(=N)N)ccc4o3)cc2)C1.Cl.Cl,False,,6.221848749616356,5.0,
CC(=N)N1CC[C@H](Oc2ccc([C@@H](Cc3ccc4ccc(C(=N)N)cc4c3)C(=O)O)cc2)C1,False,,6.301029995663981,3.0,
CC(=N)N1CC[C@H](Oc2ccc([C@H](Cc3ccc4ccc(C(=N)N)cc4c3)C(=O)O)cc2)C1,False,,7.105793197335932,3.132646669557346,
CC(=N)N1CC[C@H](Oc2ccc([C@H](Cc3ccc4ccc(C(=N)N)cc4c3)C(=O)O)cc2)C1.Cl,False,,7.221848749616356,5.0,
CC(=N)NCCC[C@@H](NC(=O)OC(C)(C)C)C(=O)NCC(=O)N[C@H](C=O)CCCN=C(N)N,False,,6.0,4.055517327849831,
CC(=N)NCc1ccc(C(=O)Nc2ccc(Cl)cc2C(=O)Nc2ccc(Cl)cn2)cc1,False,,8.443697499232712,4.958607314841775,
CC(=N)NCc1cccc(-c2ccc(C(=O)Nc3ccc(Cl)cc3C(=O)Nc3ccc(Cl)cn3)cc2)c1,False,,8.356547323513812,,
CC(=N)NCc1ccccc1-c1ccc(C(=O)Nc2ccc(Cl)cc2C(=O)Nc2ccc(Cl)cn2)cc1,False,,9.154901959985743,,
CC(=O)/N=C(\Nc1ccc2oc(C)cc2c1)N[C@H]1CCCCN(CC(=O)N2CCCC2)C1=O,False,,7.769551078621726,,
CC(=O)C1=C(C)N(c2cccc(C(F)(F)F)c2)C(=O)N[C@@H]1c1ccc(C#N)nc1,False,,4.522878745280337,4.522878745280337,
CC(=O)CC(C1=C/C=C(C(=O)O)\C=C/C=C\1)c1c(O)c2ccccc2oc1=O,True,,,,5.7146677723561154
CC(=O)CC(c1c(O)c2ccccc2oc1=O)C1CCCCC1,True,,,,7.044793462458058
CC(=O)CC(c1c(O)c2ccccc2oc1=O)C1CCCCCCC1,True,,,,7.229147988357855
CC(=O)CC(c1ccccc1)c1c(O)c2ccccc2oc1=O,True,,,,7.0153106838711725
CC(=O)N(C)c1ccc2c(c1)OC[C@H]1[C@H](CNC(=O)c3ccc(Cl)s3)OC(=O)N21,False,,6.357620340164612,,
CC(=O)N(c1ccc(N2CC(CNC(=O)c3ccc(Cl)s3)OC2=O)cc1)C1CC1,False,,7.301029995663981,,
CC(=O)N1C(=O)/C(=C2\SC(=S)N(c3c(C)n(C)n(-c4ccccc4)c3=O)C2=O)c2ccccc21,False,,,5.0471092829253745,
CC(=O)N1C(=O)[C@@H](C)[C@@H]2[C@@H]1CCN2C(=O)[C@@H]1CCCN1S(=O)(=O)c1cccc2c(N(C)C)cccc12,False,,,3.6989700043360187,
CC(=O)N1CC2CC(C1)CN(C(=O)CN1CCC[C@H](NS(=O)(=O)c3ccc4cc(Cl)ccc4c3)C1=O)C2,False,,7.958607314841775,,
CC(=O)N1CCC(CCc2ccccc2)(OC(=O)N[C@@H](CC(C)C)C(=O)N[C@@H](CCCNC(=N)N)C(=O)c2nc3ccccc3s2)CC1.O=C(O)C(F)(F)F,False,,5.698970004336019,5.113509274827518,
CC(=O)N1CCC(COc2ccc3c(c2)CN(C(=N)N)CC3)CC1.Cl,False,,5.391473966422806,5.0,
CC(=O)N1CCC(N2CCN(c3ccccc3F)CC2)CC1,False,4.301029995663981,,,
CC(=O)N1CCC(NC(=O)c2cc3cc(Cl)ccc3[nH]2)C(NC(=O)c2nc3c(s2)CN(C)CC3)C1,False,,8.065501548756432,,
CC(=O)N1CCC(NC(=O)c2nc3c(s2)CN(C)CC3)C(NC(=O)c2cc3cc(Cl)ccc3[nH]2)C1,False,,7.318758762624412,,
CC(=O)N1CCC([C@@H](NC2CCCCC2)C(=O)N2CCN(C(=O)Oc3ccccc3Cl)C[C@H]2C(=O)NCc2cccs2)CC1,False,7.709965388637482,,,
CC(=O)N1CCC[C@H]1C(=O)NC(CCCN=C(N)N)C(=O)c1nc2ccccc2s1,False,,,4.853871964321762,
CC(=O)N1CCC[C@H]1C(=O)N[C@@H](CCCN=C(N)N)C(=O)CCl,False,,,5.8696662315049934,
CC(=O)N1CCC[C@H]1C(=O)N[C@@H](CCCN=C(N)N)C(=O)c1nc2ccccc2s1,False,,,4.853871964321762,
CC(=O)N1CCN(c2ccc(NC(=O)[C@@H]3Cc4ccccc4CN3C(=O)OCc3ccccc3)cc2)CC1,False,,3.3010299956639813,,
CC(=O)N1CCN(c2ccc3c(c2)OC[C@H]2[C@H](CNC(=O)c4ccc(Cl)s4)OC(=O)N32)C(=O)C1,False,,7.126272619353321,,
CC(=O)N1CC[C@H](NC(=O)c2cc3cc(Cl)ccc3[nH]2)[C@H](NC(=O)c2nc3c(s2)CN(C)CC3)C1,False,,8.065501548756432,,
CC(=O)N1CCc2c(N)nn(C(=O)C3CCNc4ccccc43)c2C1,False,4.096910013008056,,3.8239087409443187,
CC(=O)N1CCc2c(nn(C(=O)C3CCNc4ccccc43)c2N)C1,False,5.7447274948966935,,4.3979400086720375,
CC(=O)N1CCc2c(nn(C(=O)c3cccc4[nH]c(C)cc34)c2N)C1,False,7.3979400086720375,,4.301029995663981,
CC(=O)N1CCc2c(sc(NC(=O)C3CC3)c2-c2nc3ccccc3s2)C1,False,4.589330215092196,,,
CC(=O)N1CCc2ccc(NC(=O)C(C)(C)NC(=O)c3ccc(Cl)s3)cc2CC1,False,,5.0,,
CC(=O)N1CCc2nc(C(=O)Nc3cc(C(=O)O)ccc3CNC(=O)c3ccc(Cl)s3)sc2C1,False,,7.309803919971486,,
CC(=O)N1CCc2nn(C(=O)C3CCNc4ccccc43)c(N)c2C1,False,6.154901959985743,,4.301029995663981,
CC(=O)N1C[C@@H](OCc2ccccc2)C[C@H]1C(=O)N[C@@H](CCCN=C(N)N)C(=O)CCl,False,,,5.337242168318426,
CC(=O)N1C[C@H](CCc2ccccc2)C[C@H]1C(=O)N[C@@H](CCCN=C(N)N)C(=O)CCl,False,,,7.3979400086720375,
CC(=O)N1C[C@H](OCC2CCCCC2)C[C@H]1C(=O)N[C@@H](CCCN=C(N)N)C(=O)CCl,False,,,8.309803919971486,
CC(=O)N1C[C@H](OCCC(c2ccccc2)c2ccccc2)C[C@H]1C(=O)N[C@@H](CCCN=C(N)N)C(=O)CCl,False,,,8.0,
CC(=O)N1C[C@H](OCCCc2ccccc2)C[C@H]1C(=O)N[C@@H](CCCN=C(N)N)C(=O)CCl,False,,,7.853871964321762,
CC(=O)N1C[C@H](OCc2ccccc2)C[C@H]1C(=O)N[C@@H](CCCN=C(N)N)C(=O)CCl,False,,,9.045757490560675,
CC(=O)N1c2ccccc2N2C(c3c(C)c(C)cc(C)c3C)=NON12,False,,,5.471950183502894,
CC(=O)NC(CC(=O)OCC(=O)c1c(N)n(C)c(=O)n(C)c1=O)c1ccccc1,False,4.301029995663981,,,
CC(=O)NC(Cc1ccc(NC(=N)N)cc1)P(=O)(Oc1ccccc1)Oc1ccccc1,False,,,4.492144128304169,
CC(=O)NC1CSCc2cc3cc(c2)CSC(C(N)=O)NC(=O)C(CC(C)C)NC(=O)C(CC(=O)O)NC(=O)C(CCC(N)=O)NC(=O)C(Cc2c[nH]cn2)NCC(C)NC(=O)C(CSC3)NC(=O)C(CCCNC(=N)N)NC(=O)C(Cc2ccc(O)cc2)NC(=O)C2CCN2C(=O)C(Cc2ccccc2)NC(=O)C(CO)NC1=O,False,,,4.301029995663981,
CC(=O)NCC(=O)OCC(=O)Nc1ccc(C(C)=O)cc1,False,4.301029995663981,,,
CC(=O)NCCCC[C@@H](NC1CCCCC1)C(=O)N1CC[C@@H](NC(=O)N2CCC3(CC2)CC3)[C@@H](C(=O)NCc2cccs2)C1,False,6.966576244513051,,,
CC(=O)NC[C@@H]1CCCN1C(=O)CN1CCCC[C@H](N/C(=N\C#N)Nc2ccc3oc(C)cc3c2)C1=O,False,,7.267606240177032,,
CC(=O)NC[C@H]1CCCN1C(=O)CN1CCCC[C@H](N/C(=N\C#N)Nc2ccc3oc(C)cc3c2)C1=O,False,,7.552841968657781,,
CC(=O)NCc1ccc(N2CC(CNC(=O)c3ccc(Cl)s3)OC2=O)cc1,False,,6.221848749616356,,
CC(=O)NN(CCCc1ccccc1)C(=O)[C@@H]1CCCC[C@H]1C(=O)N[C@H](C=O)CCCN=C(N)N,False,,,4.892790030352131,
CC(=O)NN(Cc1ccccc1)C(=O)[C@@H]1CCCC[C@H]1C(=O)N[C@@H](CCCN=C(N)N)C(=O)C(=O)NCCc1ccccc1,False,,,5.494850021680094,
CC(=O)NNC(=S)NC(=O)c1ccccc1,False,4.301029995663981,,4.301029995663981,
CC(=O)NNCc1ccc(C(=O)Nc2ccc(Cl)cc2C(=O)Nc2ccc(Cl)cn2)cc1,False,,7.3979400086720375,4.958607314841775,
CC(=O)NS(=O)(=O)c1ccc(NC(=S)NC(=O)c2ccco2)cc1,False,4.301029995663981,,,
CC(=O)N[C@@H](CC(C)C)C(=O)N[C@H](C(=O)N[C@@H](CCCNC(=N)N)C(=O)c1nccs1)C(C)C,False,,3.6989700043360187,3.6989700043360187,
CC(=O)N[C@@H](CCCCN)C(=O)N[C@@H](CCC(N)=O)C(=O)N[C@@H](CC(C)C)C(=O)N[C@@H](CCCNC(=N)N)C(=O)c1nc2ccccc2s1,False,,6.585026652029182,4.698970004336019,
CC(=O)N[C@@H](CO)C(=O)N[C@@H](CCCCN)C(=O)N[C@@H](CC(C)C)C(=O)N[C@@H](CCCNC(=N)N)C(=O)c1nc2ccc(C(=O)N[C@H](C(N)=O)C(C)C)cc2s1,False,,6.113509274827518,5.045757490560675,
CC(=O)N[C@@H](CO)C(=O)N[C@@H](CCCCN)C(=O)N[C@@H](CC(C)C)C(=O)N[C@@H](CCCNC(=N)N)C(=O)c1nc2ccccc2s1,False,,5.42021640338319,4.698970004336019,
CC(=O)N[C@@H](Cc1ccc(O)cc1)C(=O)N[C@H](C(=O)N[C@@H](CCCCNC(=N)N)C(=O)Cc1ccccc1)[C@@H](C)O,False,,2.96738123914928,2.8728952016351923,
CC(=O)N[C@@H](Cc1ccccc1)C(=O)N[C@@H](Cc1ccccc1)C(=O)N[C@@H](CCCCNC(=N)N)C(=O)Cc1ccccc1,False,,3.3979400086720375,3.3979400086720375,
CC(=O)N[C@@H]1CSc2ccccc2N(CC(=O)NCc2ccc(N)nc2C)C1=O.O=C(O)C(F)(F)F,False,,,3.876148359032914,
CC(=O)N[C@@]1(Cc2ccccc2)CC[C@H]2CC[C@@H](C(=O)N[C@H]3CCCN(C(=N)N)C3O)N2C1=O.Cl,False,,,5.4089353929735005,
CC(=O)N[C@H](CC1CCCCC1)C(=O)N1CCC[C@H]1C(=O)N[C@@H](CCCN=C(N)N)C(=O)C[n+]1ccccc1,False,,,6.7447274948966935,
CC(=O)N[C@H](CC1CCCCC1)C(=O)N1CCC[C@H]1C(=O)N[C@@H](CCCN=C(N)N)C(=O)Cc1ccccc1,False,,,6.200659450546418,
CC(=O)N[C@H](Cc1c[nH]c2ccccc12)C(=O)N[C@H](Cc1ccc(C(=N)N)cc1)P(=O)(O)c1ccccc1,False,,,5.1249387366083,
CC(=O)N[C@H](Cc1ccccc1)C(=O)N1CCC[C@H]1C(=O)NC(CCCN=C(N)N)C(=O)c1nc2ccccc2s1,False,,,6.366531544420414,
CC(=O)N[C@H](Cc1ccccc1)C(=O)N1CCC[C@H]1C(=O)NCCCCN=C(N)N,False,,,4.376750709602099,
CC(=O)N[C@H](Cc1ccccc1)C(=O)N1CCC[C@H]1C(=O)N[C@@H](CCCN=C(N)N)C(=O)C[n+]1ccccc1,False,,,5.568636235841013,
CC(=O)N[C@H](Cc1ccccc1)C(=O)N1CCC[C@H]1C(=O)N[C@H](CCCN=C(N)N)C(=O)c1nccs1,False,,,5.638272163982407,
CC(=O)N[C@H](Cc1ccccc1)C(=O)N1CCC[C@H]1C(=O)N[C@H]1CCCN(C(=N)N)C1O.Cl,False,,5.6020599913279625,6.546681659952962,
CC(=O)N[C@H](Cc1ccccc1)C(=O)N[C@@H](Cc1cccc2ccccc12)C(=O)N[C@@H](CCCN=C(N)N)C(=O)c1nc2ccccc2o1.O=C(O)C(F)(F)F,False,,,5.6020599913279625,
CC(=O)N[C@H](Cc1ccccc1)C(=O)N[C@@H](Cc1cccc2ccccc12)C(=O)N[C@H]1CCCN(C(=N)N)C1O.Cl,False,,,5.6020599913279625,
CC(=O)N[C@H]1C/C=C/COc2ccc(cc2)C[C@@H](C(=O)N[C@@H](CCCNC(=N)N)C(=O)c2nc3ccccc3s2)NC(=O)[C@H](CC(C)C)NC1=O,False,,4.698970004336019,5.055024091587952,
CC(=O)N[C@H]1CC(=O)N(C)CCCC[C@@H](C(=O)N[C@@H](CCCNC(=N)N)C(=O)c2nc3ccccc3s2)NC(=O)[C@H](CC(C)C)NC1=O,False,,6.168770306132936,4.767003889607846,
CC(=O)N[C@H]1CC(=O)NCCCCC[C@@H](C(=O)N[C@@H](CCCNC(=N)N)C(=O)c2nc3ccccc3s2)NC(=O)[C@H](CC(C)C)NC1=O,False,,5.76598918241282,4.698970004336019,
CC(=O)N[C@H]1CC(=O)NCCCC[C@@H](C(=O)N[C@@H](CCCNC(=N)N)C(=O)c2nc3ccc(N[C@H](C(N)=O)C(C)C)cc3s2)NC(=O)[C@H](CC(C)C)NC1=O,False,,6.928117992693875,7.468521082957745,
CC(=O)N[C@H]1CC(=O)NCCCC[C@@H](C(=O)N[C@@H](CCCNC(=N)N)C(=O)c2nc3ccccc3s2)NC(=O)CNC1=O,False,,5.208800753501125,3.6989700043360187,
CC(=O)N[C@H]1CC(=O)NCCCC[C@@H](C(=O)N[C@@H](CCCNC(=N)N)C(=O)c2nc3ccccc3s2)NC(=O)[C@H](C(C)C)NC1=O,False,,5.8198741248359465,3.6989700043360187,
CC(=O)N[C@H]1CC(=O)NCCCC[C@@H](C(=O)N[C@@H](CCCNC(=N)N)C(=O)c2nc3ccccc3s2)NC(=O)[C@H](C)NC1=O,False,,4.698970004336019,3.6989700043360187,
CC(=O)N[C@H]1CC(=O)NCCCC[C@@H](C(=O)N[C@@H](CCCNC(=N)N)C(=O)c2nc3ccccc3s2)NC(=O)[C@H](CC(C)C)NC1=O,False,,5.688670047696207,5.089375595110798,
CC(=O)N[C@H]1CC(=O)NCCCC[C@@H](C(=O)N[C@@H](CCCNC(=N)N)C(=O)c2nc3ccccc3s2)NC(=O)[C@H](CC(N)=O)NC1=O,False,,5.332266947466732,3.6989700043360187,
CC(=O)N[C@H]1CC(=O)NCCCC[C@@H](C(=O)N[C@@H](CCCNC(=N)N)C(=O)c2nc3ccccc3s2)NC(=O)[C@H](CCC(N)=O)NC1=O,False,,4.698970004336019,3.6989700043360187,
CC(=O)N[C@H]1CC(=O)NCCCC[C@@H](C(=O)N[C@@H](CCCNC(=N)N)C(=O)c2nc3ccccc3s2)NC(=O)[C@H](Cc2ccc(O)cc2)NC1=O,False,,4.770522941126837,3.6989700043360187,
CC(=O)N[C@H]1CC(=O)NCCCC[C@@H](C(=O)N[C@@H](CCCNC(=N)N)C(=O)c2nc3ccccc3s2)NC(=O)[C@H](Cc2ccccc2)NC1=O,False,,5.815308569182402,5.962573502059376,
CC(=O)N[C@H]1CC(=O)NCCCC[C@@H](C(=O)N[C@@H](CCCNC(=N)N)C(=O)c2nc3ccccc3s2)NC(=O)[C@H]([C@@H](C)O)NC1=O,False,,4.874811615831403,3.6989700043360187,
CC(=O)N[C@H]1CC(=O)NCCCC[C@@H](C(=O)N[C@@H](CCCNC(=N)N)C(=O)c2nccs2)NC(=O)[C@H](CC(C)C)NC1=O,False,,5.865504144165326,5.100234198055614,
CC(=O)N[C@H]1CCCCNC(=O)CC[C@@H](C(=O)N[C@@H](CCCNC(=N)N)C(=O)c2nc3ccccc3s2)NC(=O)[C@H](CC(C)C)NC1=O,False,,6.140861702705469,4.698970004336019,
CC(=O)N[C@H]1CCCCNC(=O)CC[C@@H](C(=O)N[C@@H](CCCNC(=N)N)C(=O)c2nc3ccccc3s2)NC(=O)[C@H](CCCNC(=N)N)NC1=O,False,,6.809668301829708,4.698970004336019,
CC(=O)N[C@H]1CCCCNC(=O)C[C@@H](C(=O)N[C@@H](CCCNC(=N)N)C(=O)c2nc3ccccc3s2)NC(=O)[C@H](CC(C)C)NC1=O,False,,5.935167780261426,4.698970004336019,
CC(=O)N[C@H]1CCCCn2cc(nn2)C[C@H](C(=O)N[C@@H](CCCNC(=N)N)C(=O)c2nc3ccccc3s2)NC(=O)[C@H](CC(C)C)NC1=O,False,,4.698970004336019,5.020451625295905,
CC(=O)N[C@H]1CCC[C@H]2CC[C@@H](C(=O)N[C@H]3CCCN(C(=N)N)C3O)N2C1=O.Cl,False,,,5.366531544420414,
CC(=O)N[C@H]1CSc2ccccc2N(CC(=O)NCc2ccc(C(=N)N)cc2)C1=O.O=C(O)C(F)(F)F,False,,,4.0,
CC(=O)N[C@H]1CSc2ccccc2N(CC(=O)NCc2ccc(N)nc2C)C1=O.O=C(O)C(F)(F)F,False,,,3.886056647693163,
CC(=O)N[C@H]1Cc2ccc(cc2)OC/C=C/C[C@@H](C(=O)N[C@@H](CCCNC(=N)N)C(=O)c2nc3ccccc3s2)NC(=O)[C@H](CC(C)C)NC1=O,False,,4.698970004336019,6.913640169325252,
CC(=O)N[C@H]1Cc2ccc(cc2)OC/C=C\CNC(=O)CC[C@@H](C(=O)N[C@@H](CCCNC(=N)N)C(=O)c2nc3ccccc3s2)NC(=O)[C@H](CC(C)C)NC1=O,False,,4.698970004336019,5.906578314837765,
CC(=O)N[C@H]1Cc2ccc(cc2)OC/C=C\CNC(=O)C[C@@H](C(=O)N[C@@H](CCCNC(=N)N)C(=O)c2nc3ccccc3s2)NC(=O)[C@H](CC(C)C)NC1=O,False,,4.698970004336019,5.497572880015567,
CC(=O)N[C@H]1Cc2ccc(cc2)OC/C=C\C[C@@H](C(=O)N[C@@H](CCCNC(=N)N)C(=O)c2nc3ccccc3s2)NC(=O)[C@@H](Cc2c[nH]c3ccccc23)NC1=O,False,,4.701146923590294,5.866461091629782,
CC(=O)N[C@H]1Cc2ccc(cc2)OCCCC[C@@H](C(=O)N[C@@H](CCCNC(=N)N)C(=O)c2nc3ccccc3s2)NC(=O)[C@@H](Cc2c[nH]c3ccccc23)NC1=O,False,,4.835647144215563,5.954677021213342,
CC(=O)N[C@H]1Cc2ccc(cc2)OCCCC[C@@H](C(=O)N[C@@H](CCCNC(=N)N)C(=O)c2nc3ccccc3s2)NC(=O)[C@H](CC(C)C)NC1=O,False,,4.698970004336019,5.577410160148518,
CC(=O)N[C@H]1Cc2ccc(cc2)OCCCC[C@@H](C(=O)N[C@@H](CCCNC(=N)N)C(=O)c2nc3ccccc3s2)NC(=O)[C@H](Cc2c[nH]c3ccccc23)NC1=O,False,,4.698970004336019,5.020907099361674,
CC(=O)N[C@H]1Cc2ccc(cc2)OCCCC[C@@H](C(=O)N[C@@H](CCCNC(=N)N)C(=O)c2nc3ccccc3s2)NC(=O)[C@H](Cc2ccccc2)NC1=O,False,,4.698970004336019,5.060480747381382,
CC(=O)N[C@H]1Cc2ccc(cc2)Oc2cccc(c2)C[C@@H](C(=O)N[C@@H](CCCNC(=N)N)C(=O)c2nc3ccccc3s2)NC(=O)[C@H](CC(C)C)NC1=O,False,,4.886056647693163,6.019996628416254,
CC(=O)N[C@H]1Cc2cn(nn2)CCCC[C@H](C(=O)N[C@@H](CCCNC(=N)N)C(=O)c2nc3ccccc3s2)NC(=O)[C@H](CC(C)C)NC1=O,False,,4.698970004336019,5.367542707815276,
CC(=O)Nc1c(CCc2ccccc2)ccn(CC(=O)N[C@H]2CCCN(C(=N)N)C2O)c1=O,False,,5.6020599913279625,6.3260580013659125,
CC(=O)Nc1ccc(-c2nc3cc(Cl)c([N+](=O)[O-])cc3[nH]2)cc1,False,4.301029995663981,,,
CC(=O)Nc1ccc(C(=O)Nc2cc(C(N)=O)ccc2NC(=O)c2ccc(-n3ccccc3=O)cc2)cc1,False,,7.806875401645538,,
CC(=O)Nc1ccc(C(=O)Nc2ccc(-c3ccccc3S(N)(=O)=O)cc2)c(Oc2cccc(C(=N)N)c2)c1,False,,7.214670164989233,,
CC(=O)Nc1ccc(C[C@H](NC(=O)[C@@H](Cc2ccccc2)NS(=O)(=O)Cc2ccccc2)C(=O)N[C@@H](CCCN=C(N)N)C(=O)c2nccs2)cc1,False,,6.522878745280337,5.338187314462739,
CC(=O)Nc1ccc(N2CC(CNC(=O)c3ccc(Cl)s3)OC2=O)cc1,False,,5.920818753952375,,
CC(=O)Nc1ccc(NC(=O)CCn2c(=S)oc3ccccc32)cc1,False,4.301029995663981,,,
CC(=O)Nc1ccc(NC(=O)CSc2ncnn2-c2ccccc2)cc1,False,4.301029995663981,,,
CC(=O)Nc1ccc(NC(=O)c2ccc(-c3ccccc3S(N)(=O)=O)cc2)c(C(=O)Nc2ccc(Br)cn2)c1,False,,6.431798275933005,,
CC(=O)Nc1ccc(OC(=O)c2ccco2)cc1,False,4.301029995663981,,,
CC(=O)Nc1ccc(OP(=O)(Oc2ccc(NC(C)=O)cc2)C(Cc2ccc(NC(=N)N)cc2)NC(=O)OCc2ccccc2)cc1,False,,4.0,6.4089353929735005,
CC(=O)Nc1ccc(OP(=O)(Oc2ccc(NC(C)=O)cc2)C(Cc2ccc(NC(=N)N)cc2)NC(=O)[C@H](C)NC(=O)[C@@H](CO)NC(=O)OCc2ccccc2)cc1,False,,,5.823908740944319,
CC(=O)Nc1ccc(OP(=O)(Oc2ccc(NC(C)=O)cc2)C(Cc2ccc(NC(=N)N)cc2)NS(C)(=O)=O)cc1,False,,,5.628932137728263,
CC(=O)Nc1ccc(Oc2cccc(C(=N)N)c2)c(C(=O)Nc2ccc(-c3ccccc3S(N)(=O)=O)cc2)c1,False,,8.113509274827518,,
CC(=O)Nc1ccc(S(=O)(=O)N2CCN(CC(=O)NC(CCCN=C(N)N)C(=O)c3nccs3)C(=O)C2)cc1,False,,6.935542010773082,5.301029995663981,
CC(=O)Nc1ccc(S(=O)(=O)NCCNc2ccccc2[N+](=O)[O-])cc1,False,4.301029995663981,,,
CC(=O)Nc1ccc(S(=O)(=O)n2cnc3cc(C)c(C)cc32)cc1,False,,,4.301029995663981,
CC(=O)Nc1ccc2c(c1)C(C(=O)n1nc(N)c3c1CN(S(C)(=O)=O)CC3)CCN2,False,4.522878745280337,,,
CC(=O)Nc1ccc2c(c1)C(C(=O)n1nc3c(c1N)CCN(S(C)(=O)=O)C3)CCN2,False,5.070581074285707,,,
CC(=O)Nc1cccc(-c2c(Cl)nc(NCCc3ccccc3)c(=O)n2CC(=O)NCc2ccc(C(=N)N)cc2)c1,False,,,6.958607314841775,
CC(=O)Nc1cnc2cccc(N3CCN(C(=O)CCS(=O)(=O)c4ccc5cc(Cl)ccc5c4)CC3)n12,False,,7.619788758288394,,
CC(=O)Nc1nc(=O)c2ccccc2s1,False,4.301029995663981,,,
CC(=O)Nc1nc(C)c(S(=O)(=O)N2CCN(CC(=O)NC(CCCN=C(N)N)C(=O)c3nccs3)C(=O)C2)s1,False,,7.236572006437063,5.3979400086720375,
CC(=O)Nc1nonc1NC(=O)CSc1ccccn1,False,4.301029995663981,,,
CC(=O)O.CNC(=O)COc1cc(C(=N)N)ccc1CNC(=O)c1cc(Cl)cc(N(Cc2ccccc2)S(C)(=O)=O)c1,False,,7.599967916780009,,
CC(=O)O.N=C(N)CCCC[C@H]1C(=O)O[C@H]2CCC[C@@H]21,False,,4.987162775294828,6.886056647693163,
CC(=O)O.N=C(N)c1ccc(C[C@H]2C(=O)O[C@H]3CCC[C@@H]32)cc1,False,,,4.774690718274137,
CC(=O)O.N=C(N)c1cccc(C[C@H]2C(=O)O[C@H]3CCC[C@@H]32)c1,False,,,4.0,
CC(=O)OC(C(=O)Nc1cccc2c1C(=O)C(=O)NC2=O)c1ccccc1,False,,,5.301029995663981,
CC(=O)OCC(=O)N1C(=O)C[C@H]2C(C(=O)OCc3ccccc3)CC[C@@H]21,False,,,5.207608310501746,
CC(=O)OCC(=O)N1C(=O)[C@@H](C)[C@H]2C(C(=O)OCc3ccccc3)CC[C@@H]21,False,,,4.0,
CC(=O)OCC(=O)N1C(=O)[C@H](C)[C@H]2C(C(=O)OCc3ccccc3)CC[C@@H]21,False,,,4.616184634019569,
CC(=O)OCC(Cc1cccc(C(=N)N)c1)C(/C=C/c1ccccc1)NC(=O)c1ccc(-c2ccccc2)cc1,False,,6.443697499232712,5.42021640338319,
CC(=O)OCC1(C)CN(c2ccccc2)N(C(=O)c2ccc(C(C)(C)C)cc2)C1=O,False,,,4.744024988871731,
CC(=O)OCCCC[C@@H](NC1CCCCC1)C(=O)N1CC[C@@H](NC(=O)N2CCC3(CC2)CC3)[C@@H](C(=O)NCc2cccs2)C1,False,7.18111458540599,,,
CC(=O)OC[C@]1(C)C[C@@H](OC(C)=O)C[C@@]2(C)[C@@H]3CC[C@](C)(CO)C=C3CC[C@H]12,False,,5.97183558057553,,
CC(=O)OC[C@]1(C)C[C@@H](OC(C)=O)C[C@@]2(C)[C@@H]3CC[C@](C)(O)CC=C3CC[C@H]12,False,,7.0915149811213505,,
CC(=O)OC[C@]1(C)C[C@@H](OC(C)=O)C[C@@]2(C)[C@@H]3CC[C@](C)([C@@H](O)CO)C=C3CC[C@H]12,False,,5.250495576123858,,
CC(=O)OC[C@]12C[C@@H]3OC(=O)[C@H](CC(=O)C=C(C)C)[C@H]3[C@]1(C)[C@@H](O)C[C@H]1C2=CC[C@@H]2[C@]1(C)CC[C@@H](OC(C)=O)[C@@]2(C)C(=O)O[C@@H]1O[C@H](CO)[C@@H](O)[C@H](O)[C@H]1O,False,,,7.154901959985743,
CC(=O)O[C@@H]1CC[C@@]2(C)[C@@H](CC=C3[C@@H]2CC[C@@]2(C)[C@H]4[C@H](C[C@]32C)OC(=O)[C@@H]4CC(=O)C=C(C)C)[C@]1(C)C(=O)O,False,,,7.7447274948966935,
CC(=O)O[C@@H]1CC[C@@]2(C)[C@@H](CC=C3[C@@H]2C[C@H](O)[C@@]2(C)[C@H]4[C@H](C[C@]32C)OC(=O)[C@@H]4CC(=O)C=C(C)C)[C@]1(C)C(=O)O,False,,,7.045757490560675,
CC(=O)O[C@@H]1CC[C@@]2(C)[C@@H](CC=C3[C@@H]2C[C@H](O)[C@@]2(C)[C@H]4[C@H](C[C@]32CO)OC(=O)[C@@H]4CC(=O)C=C(C)C)[C@]1(C)C(=O)O[C@@H]1O[C@H](CO)[C@@H](O)[C@H](O)[C@H]1O,False,,,6.886056647693163,
CC(=O)O[C@@H]1CC[C@@]2(C)[C@@H]3CC[C@](C)(CO)C=C3CC[C@@H]2C1(C)C,False,,5.073091898294564,,
CC(=O)O[C@@H]1CC[C@@]2(C)[C@@H]3CC[C@](C)(O)CC=C3CC[C@@H]2C1(C)C,False,,5.241466577762713,,
CC(=O)O[C@@H]1CC[C@@]2(C)[C@@H]3CC[C@](C)([C@@H](O)CO)C=C3CC[C@@H]2C1(C)C,False,,5.519131076312832,,
CC(=O)O[C@@H]1CC[C@]2(C)C3CC[C@@]4(C)[C@H]5[C@@H](C[C@]4(C)C3=CCC2[C@]1(C)C(=O)O)OC(=O)[C@@H]5CC(=O)C=C(C)C,False,,,5.3979400086720375,
CC(=O)Oc1ccc2c(C)cc(=O)oc2c1,True,4.301029995663981,,,
CC(=O)Oc1oc(-c2ccccc2)nc1/C=N/c1ccccc1,False,4.301029995663981,,,
CC(=O)Oc1oc(-c2ccccc2)nc1/C=N/c1ccccn1,False,4.785216798525808,,,
CC(=O)[C@H](CCCN=C(N)N)NC(=O)[C@@H]1CCCN1C(=O)[C@H](N)CC1CCCCC1,False,,,6.3872161432802645,
CC(=O)[C@H]1CC[C@H](NC(=O)c2cc3cc(Cl)ccc3[nH]2)[C@H](NC(=O)c2nc3c(s2)CN(C)CC3)C1,False,,8.267606240177031,,
CC(=O)c1c(C)nn(CC(O)COc2ccc3c(c2)CCC3)c1C,False,4.301029995663981,,,
CC(=O)c1c(OC(=O)c2ccco2)c2ccccc2n1C,False,4.951876458994415,,5.3987278816462565,
CC(=O)c1ccc(N2CCN(S(=O)(=O)c3cccc(S(=O)(=O)N4CCOCC4)c3)CC2)cc1,False,4.301029995663981,,,
CC(=O)c1ccc(NC(=O)[C@H](Cc2ccccc2)NC(=O)C2CCC(CN)CC2)cc1,False,,,3.0,
CC(=O)c1ccc(O)c(CSC2=NCCS2)c1,False,,,4.301029995663981,
CC(=O)c1ccc(OC(=O)c2ccc(Br)o2)cc1,False,4.732177552369625,,,
CC(=O)c1ccc(S(=O)(=O)Nc2ccc(-c3cn4c(n3)SCC4)cc2)cc1,False,,,4.301029995663981,
CC(=O)c1cccc(NS(=O)(=O)c2c(C)noc2C)c1,False,4.301029995663981,,,
CC(=O)c1sc(NC(=O)COc2ccc(Cl)cc2C)nc1C,False,4.301029995663981,,,
CC(=O)c1sc2ccccc2c1OC(=O)c1ccco1,False,5.086627551493457,,5.663964761238903,
CC(=O)n1nc(-c2ccc(C)cc2)nc1NCc1ccc(F)cc1,False,,,6.428535746004397,
CC(=O)n1nc(-c2ccc(C)cc2)nc1NCc1ccco1,False,,,5.738896600099683,
CC(=O)n1nc(-c2ccc(Cl)cc2)nc1NCc1ccco1,False,,,5.8406524155861606,
CC(=O)n1nc(-c2cccc(C)c2)nc1SCC(=O)Nc1ccccc1,False,,,6.136153922106284,
CC(=O)n1nc(-c2ccccc2)nc1NCc1ccc(F)cc1,False,,,7.781202001888262,
CC(=O)n1nc(-c2ccccc2)nc1NCc1ccc(N(C)C)cc1,False,,,5.470409253238421,
CC(=O)n1nc(-c2ccccc2)nc1NCc1cccs1,False,,,7.015652742414136,
CC(=O)n1nc2nc(C)cc(C)c2c1N,False,5.31760850208729,,,
CC(C(=O)NCc1ccccn1)N1C(=O)c2ccccc2C1=O,False,,,4.301029995663981,
CC(C(=O)N[C@H]1CCCC(C(=N)N)C1O)N1CCC[C@H](NS(=O)(=O)Cc2ccccc2)C1=O,False,,5.6020599913279625,6.543633966870957,
CC(C(=O)O)c1ccc(NC(=O)c2cc3cc(Cl)ccc3[nH]2)c(NC(=O)c2nc3c(s2)CN(C)CC3)c1,False,,8.958607314841775,,
CC(C(=O)Oc1ccc2c(c1)OCO2)N1C(=O)c2ccccc2C1=O,False,4.301029995663981,,,
CC(C)(C(=O)N1CCCC1)c1ccc2c(c1)nc1n2CCNC1Cc1ccc(C(=N)N)cc1,False,,,6.8326826652518236,
CC(C)(C(=O)N1CCCCC1)c1ccc2c(c1)nc1n2CCNC1Cc1ccc(C(=N)N)cc1,False,,,5.999132278468773,
CC(C)(C)C(=O)N1CCC([C@@H](NC2CCCCC2)C(=O)N2CCN(C(=O)Oc3ccccc3Cl)C[C@H]2C(=O)NCc2cccs2)CC1,False,8.075720713938118,,,
CC(C)(C)C(=O)N1N=C(Nc2ccccc2)SC1(C)C,False,4.301029995663981,,,
CC(C)(C)C(=O)Oc1cc(N)n(S(=O)(=O)c2ccccc2)n1,False,4.301029995663981,,,
CC(C)(C)C(=O)Oc1ccc(S(=O)(=O)Nc2ccccc2C(=O)NCC(=O)O)cc1,False,,,5.698970004336019,
CC(C)(C)C(=O)Oc1cn(-c2ccccc2)c(CSc2nc3cc(C(=O)O)ccc3o2)cc1=O,False,,,5.075720713938118,
CC(C)(C)C(=O)Oc1coc(CSc2nc3cc(C(=O)O)ccc3o2)cc1=O,False,,,4.301029995663981,
CC(C)(C)C(=O)Oc1coc(CSc2nc3ccccc3s2)cc1=O,False,,,4.301029995663981,
CC(C)(C)C(=O)n1nc(-c2ccc(=O)[nH]c2)cc1NCc1ccc(Cl)s1,False,,,6.721246399047171,
CC(C)(C)C(=O)n1nc(-c2ccc[nH]c2=O)cc1NCc1ccc(Cl)s1,False,4.0,4.0,9.0,
CC(C)(C)C(=O)n1nc(-c2cccc(=O)[nH]2)cc1NCc1ccc(Cl)s1,False,,,9.0,
CC(C)(C)C(=O)n1nc(-c2ccccc2)cc1NCc1ccc(F)cc1,False,,,4.962573502059376,
CC(C)(C)C(=O)n1nc(-c2ccccn2)cc1NCc1ccc(Cl)s1,False,,,8.096910013008056,
CC(C)(C)C(=O)n1nc(-c2ccccn2)cc1NCc1ccc(F)cc1,False,,,7.327902142064283,
CC(C)(C)C(=O)n1nc(-c2ccccn2)cc1NCc1ccccc1,False,,,7.154901959985743,
CC(C)(C)C(=O)n1nc(-c2ccccn2)cc1NCc1ccco1,False,,,6.638272163982407,
CC(C)(C)C(=O)n1nc(-c2ccccn2)cc1NCc1cccs1,False,,,7.3979400086720375,
CC(C)(C)C(=O)n1nc(-c2ccccn2)cc1NCc1ccsc1,False,,,6.886056647693163,
CC(C)(C)C(=O)n1nc(-c2ccccn2)nc1NCc1ccc(F)cc1,False,,5.0,9.0,
CC(C)(C)C(=O)n1nc(-c2cccnc2)cc1NCc1ccc(F)cc1,False,,,5.657577319177793,
CC(C)(C)C(=O)n1nc(-c2cccnn2)cc1NCc1ccc(Cl)s1,False,,,8.698970004336019,
CC(C)(C)C(=O)n1nc(-c2cccnn2)cc1NCc1ccc(F)cc1,False,,,8.301029995663981,
CC(C)(C)C(=O)n1nc(-c2ccncn2)cc1NCc1ccc(F)cc1,False,,,7.619788758288394,
CC(C)(C)C(=O)n1nc(-c2ncccn2)cc1NCc1ccc(F)cc1,False,,,7.6020599913279625,
CC(C)(C)C(=O)n1nc(C2(C)CCNCC2)cc1NCc1ccc(Cl)s1,False,,,6.119186407719209,
CC(C)(C)C(=O)n1nc(C2CCCN2)cc1NCc1ccc(Cl)s1,False,,,7.721246399047171,
CC(C)(C)C(=O)n1nc(C2CCCNC2)cc1NCc1ccc(Cl)s1,False,,,7.522878745280337,
CC(C)(C)C(=O)n1nc(C2CCCO2)cc1NCc1ccc(Cl)s1,False,,,7.920818753952375,
CC(C)(C)C(=O)n1nc(C2CCNCC2)c(F)c1NCc1ccc(Cl)s1,False,,,8.0,
CC(C)(C)C(=O)n1nc(C2CCNCC2)cc1NCc1ccc(Cl)s1,False,,,6.6777807052660805,
CC(C)(C)C(=O)n1nc(C2CCOCC2)c(F)c1NCc1ccc(Cl)s1,False,,,8.096910013008056,
CC(C)(C)C(=O)n1nc(C2CCOCC2)cc1NCc1ccc(Cl)s1,False,,,6.443697499232712,
CC(C)(C)C1CCC(Nc2nc(Cl)c(-c3ccccc3)n(CC(=O)NCc3ccc(C(=N)N)cc3)c2=O)CC1,False,,,4.823908740944319,
CC(C)(C)CC(=O)N1CCC([C@@H](NC2CCCCC2)C(=O)N2CCN(C(=O)Oc3ccccc3Cl)C[C@H]2C(=O)NCc2cccs2)CC1,False,7.647817481888637,,,
CC(C)(C)CC(=O)N[C@H](Cc1ccccc1)C(=O)N1CCC[C@H]1C(=O)N[C@@H](CCCN=C(N)N)C(=O)c1nc2ccccc2[nH]1.O=C(O)C(F)(F)F,False,,,7.035740369803151,
CC(C)(C)CC(=O)N[C@H](Cc1ccccc1)C(=O)N1CCC[C@H]1C(=O)N[C@@H](CCCNC(=N)N)C(=O)c1nc2ccccc2o1.O=C(O)C(F)(F)F,False,,6.958607314841775,7.167491087293763,
CC(C)(C)C[C@H](NC(=O)[C@@H](Cc1ccccc1)NS(=O)(=O)Cc1ccccc1)C(=O)N[C@@H](CCCN=C(N)N)C(=O)c1nccs1,False,,5.987162775294828,6.356547323513812,
CC(C)(C)NC(=O)CN(C(=O)C1CSC(=O)C1)c1ccc2c(c1)OCCO2,False,4.301029995663981,,,
CC(C)(C)NC(=O)N1CCN(C(=O)N2C(=O)[C@H](CC3CCNCC3)[C@H]2C(=O)O)CC1,False,,5.958607314841775,5.958607314841775,
CC(C)(C)NC(=O)N[C@H](C(=O)N1C[C@H]2[C@@H]([C@H]1C(=O)NC(CC1CCC1)C(=O)C(N)=O)C2(C)C)C(C)(C)C,False,,,6.0,
CC(C)(C)NC(=O)c1cc([N+](=O)[O-])ccc1N1CCCCC1,False,,,4.301029995663981,
CC(C)(C)OC(=O)C1CCCN1C(=O)c1ccc(NC(=O)COc2cccc(C(=N)N)c2)cc1,False,,5.533132379645891,5.0,
CC(C)(C)OC(=O)N1CC(=O)N(c2ccc(N3CC(COC(=O)[n+]4ccc(Cl)s4)OC3=O)cc2)C(=O)C1,False,,5.698970004336019,,
CC(C)(C)OC(=O)N1C[C@H]2[C@H](CNC(=O)c3ccc(Cl)s3)OC(=O)N2c2ccc(N3CCCCC3=O)cc21,False,,5.087246696328677,,
CC(C)(C)OC(=O)NC(C(=O)N1CCC[C@H]1C(=O)NC(C=O)CCCN=C(N)N)c1ccc(Cl)c(Cl)c1,False,,7.161150909262744,7.552841968657781,
CC(C)(C)OC(=O)NC(C(=O)N1CCC[C@H]1C(=O)NC(C=O)CCCN=C(N)N)c1cccc(C(F)(F)F)c1,False,,5.853871964321762,7.568636235841013,
CC(C)(C)OC(=O)NC(C(=O)N1CCC[C@H]1C(=O)N[C@H](C=O)CCCN=C(N)N)c1cccc2ccccc12,False,,,7.1651091923957315,
CC(C)(C)OC(=O)NC1CCCN(c2ccc(N3CC(CNC(=O)c4ccc(Cl)s4)OC3=O)cc2F)C1,False,,5.958607314841775,,
CC(C)(C)OC(=O)NN(Cc1ccccc1)C(=O)[C@@H]1CCCC[C@H]1C(=O)N[C@@H](CCCN=C(N)N)C(=O)C(=O)NCCc1ccccc1,False,,,6.055517327849832,
CC(C)(C)OC(=O)NN(Cc1ccccc1)C(=O)[C@@H]1CCCC[C@H]1C(=O)N[C@H](C=O)CCCN=C(N)N,False,,,5.6020599913279625,
CC(C)(C)OC(=O)NN1CCO[C@H](CC(=O)NCc2ccc(C(=N)N)cc2)C1=O,False,,,4.262012673666569,
CC(C)(C)OC(=O)N[C@@H](C(=O)N1CCC[C@H]1C(=O)NC(C=O)CCCN=C(N)N)c1ccc2ccccc2c1,False,,7.301029995663981,7.7447274948966935,
CC(C)(C)OC(=O)N[C@@H](C(=O)N1CCC[C@H]1C(=O)NC(C=O)CCCN=C(N)N)c1cccc2ccccc12,False,,5.853871964321762,7.638272163982407,
CC(C)(C)OC(=O)N[C@@H](C(=O)N1CCC[C@H]1C(=O)N[C@H](C=O)CCCN=C(N)N)C1CCCCC1,False,,7.0915149811213505,7.920818753952375,
CC(C)(C)OC(=O)N[C@@H](C(=O)N1CCC[C@H]1C(=O)N[C@H](C=O)CCCN=C(N)N)c1ccc(F)cc1,False,,5.795880017344075,7.522878745280337,
CC(C)(C)OC(=O)N[C@@H](C(=O)N1CCC[C@H]1C(=O)N[C@H](C=O)CCCN=C(N)N)c1ccc(O)cc1,False,,6.698970004336019,7.050609993355087,
CC(C)(C)OC(=O)N[C@@H](C(=O)N1CCC[C@H]1C(=O)N[C@H](C=O)CCCN=C(N)N)c1ccc2ccccc2c1,False,,,7.7447274948966935,
CC(C)(C)OC(=O)N[C@@H](C(=O)N1CCC[C@H]1C(=O)N[C@H](C=O)CCCN=C(N)N)c1cccc(C(F)(F)F)c1,False,,,7.568636235841013,
CC(C)(C)OC(=O)N[C@@H](C(=O)N1CCC[C@H]1C(=O)N[C@H](C=O)CCCN=C(N)N)c1cccc2ccccc12,False,,,7.638272163982407,
CC(C)(C)OC(=O)N[C@@H](C(=O)N1CCC[C@H]1C(=O)N[C@H](C=O)CCCN=C(N)N)c1ccccc1,False,,6.585026652029182,7.795880017344075,
CC(C)(C)OC(=O)N[C@@H](C(=O)N1CCC[C@H]1C(=O)N[C@H](C=O)CCCN=C(N)N)c1ccsc1,False,,6.721246399047171,7.136677139879544,
CC(C)(C)OC(=O)N[C@@H](CC(=O)O)C(=O)N1CCCC1C(=O)N[C@@H](CCCN=C(N)N)C(=O)C(=O)NCCc1ccccc1,False,,6.156144577376839,8.638272163982407,
CC(C)(C)OC(=O)N[C@@H](CCCN=C(N)N)C(=O)N1CCCC1C(=O)NC(C=O)CCCN=C(N)N,False,,7.337242168318426,6.698970004336019,
CC(C)(C)OC(=O)N[C@@H](CCCN=C(N)N)C(=O)N1CCC[C@H]1C(=O)NC(C=O)CCCN=C(N)N,False,,4.221848749616356,3.3010299956639813,
CC(C)(C)OC(=O)N[C@@H](CCCN=C(N)N)C(=O)NCC(=O)N[C@H](C=O)CCCN=C(N)N,False,,5.698970004336019,4.102372908709558,
CC(C)(C)OC(=O)N[C@@H](CCCN=C(N)N)C(=O)NCCC(=O)NC(C=O)CCCN=C(N)N,False,,4.958607314841775,3.3010299956639813,
CC(C)(C)OC(=O)N[C@@H](CCCN=C(N)N)C(=O)N[C@@H](Cc1cccc2ccccc12)C(=O)NC(C=O)CCCN=C(N)N,False,,6.853871964321762,4.376750709602099,
CC(C)(C)OC(=O)N[C@@H](CN1CCC[C@H]1C(=O)NC(C=O)CCCN=C(N)N)c1ccccc1,False,,3.721246399047171,4.107905397309519,
CC(C)(C)OC(=O)N[C@H](C(=O)N1CCC[C@H]1C(=O)NC(C=O)CCCN=C(N)N)c1cccc2ccccc12,False,,6.6777807052660805,7.259637310505756,
CC(C)(C)OC(=O)N[C@H](C(=O)N1CCC[C@H]1C(=O)N[C@H](C=O)CCCN=C(N)N)c1ccc(F)cc1,False,,5.173925197299173,7.070581074285707,
CC(C)(C)OC(=O)N[C@H](CCCCN)C(=O)NCC(=O)N[C@H](C=O)CCCN=C(N)N,False,,5.0,4.0,
CC(C)(C)OC(=O)N[C@H](CCCCN=C(N)N)C(=O)NCC(=O)N[C@H](C=O)CCCN=C(N)N,False,,7.0,3.3979400086720375,
CC(C)(C)OC(=O)N[C@H](CCCN)C(=O)NCC(=O)N[C@H](C=O)CCCN=C(N)N,False,,4.920818753952375,3.3010299956639813,
CC(C)(C)OC(=O)N[C@H](CCCN=C(N)N)C(=O)NC(C)(C)C(=O)N[C@H](C=O)CCCN=C(N)N,False,,6.259637310505756,3.3010299956639813,
CC(C)(C)OC(=O)N[C@H](CCCN=C(N)N)C(=O)NCC(=O)N[C@H](C=O)CCCN=C(N)N,False,,7.301029995663981,3.744727494896694,
CC(C)(C)OC(=O)N[C@H](CCCNC(N)=O)C(=O)NCC(=O)N[C@H](C=O)CCCN=C(N)N,False,,5.522878745280337,4.0,
CC(C)(C)OC(=O)N[C@H](Cc1ccccc1)C(=O)N1CCC[C@@H]1C(=O)N[C@@H](C=O)CCCN=C(N)N,False,,,5.26440110030182,
CC(C)(C)OC(=O)N[C@H](Cc1ccccc1)C(=O)N1CCC[C@@H]1C(=O)N[C@H](C=O)CCCN=C(N)N,False,,,8.045757490560675,
CC(C)(C)OC(=O)N[C@H](Cc1ccccc1)C(=O)N1CCC[C@@H]1C(=O)N[C@H](CC=O)CCCN=C(N)N,False,,,6.721246399047171,
CC(C)(C)OC(=O)N[C@H](Cc1ccccc1)C(=O)N1CCC[C@H]1C(=O)N[C@H](C=O)CCCN=C(N)N,False,,5.795880017344075,7.346787486224656,
CC(C)(C)OC(=O)N[C@H]1CCCN(CC(=O)N[C@H]2CCCC(C(=N)N)C2O)C1=O,False,,5.6020599913279625,5.835647144215563,
CC(C)(C)S(=O)(=O)N1CCc2c(N)nn(C(=O)C3CCNc4ccc(F)cc43)c2C1,False,4.259637310505756,,,
CC(C)(C)S(=O)(=O)N1CCc2c(nn(C(=O)C3CCNc4ccc(F)cc43)c2N)C1,False,7.096910013008056,,4.0,
CC(C)(C)SCCNS(=O)(=O)c1ccccc1,False,4.301029995663981,,,
CC(C)(C)[C@@H](NCC(=O)O)C(=O)NC1(C(=O)NCc2ccc(C(=N)N)cc2)Cc2ccccc2C1,False,,,3.5228787452803374,
CC(C)(C)c1ccc(C2(C)NC(=O)N(CC(=O)c3ccc[nH]3)C2=O)cc1,False,4.301029995663981,,,
CC(C)(C)c1ccc(Oc2ccc(NC(=O)CCCC(=O)O)cn2)cc1,False,4.301029995663981,,,
CC(C)(CO)C(=O)n1nc(-c2ccccn2)cc1NCc1ccc(Cl)s1,False,,,9.0,
CC(C)(CO)C(=O)n1nc(C2CCNCC2)c(F)c1NCc1ccc(Cl)s1,False,,,7.522878745280337,
CC(C)(CO)C(=O)n1nc(C2CCNCC2)cc1NCc1ccc(Cl)s1,False,,,6.6777807052660805,
CC(C)(CO)C(=O)n1nc(C2CCOCC2)c(F)c1NCc1ccc(Cl)s1,False,,,8.397940008672037,
CC(C)(CO)C(=O)n1nc(C2CCOCC2)cc1NCc1ccc(Cl)s1,False,,,7.468521082957745,
CC(C)(NC(=O)[C@@H](CC1CCCCC1)NCC(=O)O)C(=O)NCc1ccc(C(=N)N)nc1,False,,,6.235823867609669,
CC(C)(NC(=O)c1ccc(Br)s1)C(=O)Nc1ccc(Br)cc1,False,,5.0,,
CC(C)(NC(=O)c1ccc(Br)s1)C(=O)Nc1ccc(Cl)c(F)c1,False,,5.0,,
CC(C)(NC(=O)c1ccc(Br)s1)C(=O)Nc1ccc(N2CCOCC2=O)c(Cl)c1,False,,7.585026652029182,,
CC(C)(NC(=O)c1ccc(Cl)s1)C(=O)Nc1ccc(Br)cc1,False,,5.0,,
CC(C)(NC(=O)c1ccc(Cl)s1)C(=O)Nc1ccc(Cl)c(F)c1,False,,5.0,,
CC(C)(NC(=O)c1ccc(Cl)s1)C(=O)Nc1ccc(Cl)cc1,False,,5.0,,
CC(C)(NC(=O)c1ccc(Cl)s1)C(=O)Nc1ccc2c(c1)CCN(C(=O)C(F)(F)F)CC2,False,,5.0,,
CC(C)(NC(=O)c1ccc(Cl)s1)C(=O)Nc1ncc2c(n1)CCN(Cc1ccccc1)CC2,False,,5.0,,
CC(C)(NCC(=O)O)C(=O)NC1(C(=O)NCc2ccc(C(=N)N)cc2)Cc2ccccc2C1,False,,,3.5228787452803374,
CC(C)(O)Cc1cn2c(N3CCN(C(=O)CCS(=O)(=O)c4ccc5cc(Cl)ccc5c4)CC3)cccc2n1,False,,7.657577319177793,,
CC(C)(O)c1cn2c(N3CCN(C(=O)CCS(=O)(=O)c4ccc5cc(Cl)ccc5c4)CC3)cccc2n1,False,,7.7447274948966935,,
CC(C)/C(=C/C(=O)Nc1ccc(-c2ccccc2S(N)(=O)=O)cc1)c1cccc(C(=N)N)c1,False,,7.455931955649724,,
CC(C)/N=C/c1c(O)[nH]c2ccccc12,False,4.301029995663981,,,
CC(C)/N=C1\C=C(O)C(c2ccccc2)=C(CC(=O)NCc2ccc(C(=N)N)cc2)C1=O,False,,4.522878745280337,4.522878745280337,
CC(C)=CC(=O)C[C@@H]1C(=O)O[C@H]2CCCC21,False,,,7.721246399047171,
CC(C)=CC(=O)C[C@@H]1C(=O)O[C@H]2CCC[C@@H]21,False,,,7.6777807052660805,
CC(C)=CC(=O)C[C@H]1C(=O)O[C@H]2C[C@]3(C)C4=CC[C@@H]5[C@](C)(CC[C@H]6OC(=O)[C@@]56C)[C@H]4CC[C@@]3(C)[C@@H]21,False,,4.698970004336019,7.849485002168009,
CC(C)=CCC/C(C)=C/CC/C(C)=N/O,False,4.301029995663981,,,
CC(C)=CCC/C(C)=C\CC/C(C)=C\Cc1c(O)c2ccccc2oc1=O,True,,,,7.008773924307505
CC(C)=CCc1c(O)c2ccccc2oc1=O,True,,,,4.102372908709558
CC(C)=CCc1ccc(-c2ccc(C(=O)NCC(C)C)cc2C(=O)O)c(C(=O)Nc2ccc(C(=N)N)cc2)c1,False,,7.569280112136718,7.88672530753565,
CC(C)C(=O)N1CCN(c2nc(-c3ccccc3)c3c(c2C#N)CCCC3)CC1,False,4.301029995663981,,,
CC(C)C(=O)N1CC[C@H](NC(=O)c2cc3cc(Cl)ccc3[nH]2)[C@H](NC(=O)c2nc3c(s2)CN(C)CC3)C1,False,,8.2518119729938,,
CC(C)C(=O)N1CCc2c(nn(C(=O)C3CCNc4ccccc43)c2N)C1,False,6.3979400086720375,,4.096910013008056,
CC(C)C(=O)NC(c1ccco1)c1ccc2cccnc2c1O,False,4.301029995663981,,,
CC(C)C(=O)n1nc(-c2ccccn2)nc1NCc1ccc(F)cc1,False,,4.0,8.154901959985743,
CC(C)C(=O)n1nc(-c2cccnc2)nc1NCc1ccc(F)cc1,False,,,8.246416941107093,
CC(C)C(=O)n1nc(-c2cccnc2)nc1NCc1cccs1,False,,,8.221848749616356,
CC(C)C(C)(C#N)NC(=O)CSc1nnc(C(F)(F)F)n1C,False,4.301029995663981,,,
CC(C)C(NC(=O)CC12CC3CC(CC(C3)C1)C2)C(=O)O,False,4.301029995663981,,,
CC(C)C(NS(=O)(=O)c1ccccc1)C(=O)OCc1cc([N+](=O)[O-])cc2c1OCOC2,False,,,4.301029995663981,
CC(C)C(OC(=O)N1CCN(C(=O)N2C(=O)[C@H](CC3CCNCC3)[C@H]2C(=O)O)CC1)C(C)C,False,,4.481486060122112,4.481486060122112,
CC(C)C(OC(=O)c1cccs1)C(=O)NCc1ccc2c(c1)OCO2,False,4.301029995663981,,,
CC(C)C/C(=C/C(=O)Nc1ccc(-c2ccccc2S(N)(=O)=O)cc1)c1cccc(C(=N)N)c1,False,,8.301029995663981,,
CC(C)C1C(C#N)=C(N)Oc2[nH]nc(-c3cccs3)c21,False,4.301029995663981,,,
CC(C)CC(c1nnnn1Cc1ccco1)N1CCN(C2CCCC2)CC1.Cl,False,4.301029995663981,,,
CC(C)CCn1c(=S)[nH]c2ncccc2c1=O,False,4.301029995663981,,,
CC(C)CN(CC(C)C)S(=O)(=O)N1CCC(C(=O)NCCc2ccc(Cl)cc2)CC1,False,4.301029995663981,,,
CC(C)CN1CCc2c(N)nn(C(=O)C3CCNc4ccc(F)cc43)c2C1,False,4.7447274948966935,,,
CC(C)CN1CCc2c(nn(C(=O)C3CCNc4ccc(F)cc43)c2N)C1,False,7.301029995663981,,4.0,
CC(C)CNC(=O)c1ccc(-c2ccc(-c3ccc[nH]3)cc2C(=O)Nc2ccc(C(=N)N)cc2)c(C(=O)O)c1,False,,10.301029995663981,7.701583619938705,
CC(C)CNC(=O)c1ccc(-c2ccc(-c3ccccc3)cc2C(=O)Nc2ccc(C(=N)N)cc2)c(C(=O)O)c1,False,,9.455931955649724,7.927382523454764,
CC(C)CNC(=O)c1ccc(-c2ccc(-c3cccn3C)cc2C(=O)Nc2ccc(C(=N)N)cc2)c(C(=O)O)c1,False,,10.301029995663981,7.0611801749737895,
CC(C)CNC(=O)c1ccc(-c2ccc(-c3cccnc3)cc2C(=O)Nc2ccc(C(=N)N)cc2)c(C(=O)O)c1,False,,7.437826136635351,7.301029995663981,
CC(C)CNC(=O)c1ccc(-c2ccc(-c3ccco3)cc2C(=O)Nc2ccc(C(=N)N)cc2)c(C(=O)O)c1,False,,8.886056647693163,7.833569886156718,
CC(C)CNC(=O)c1ccc(-c2ccc(-c3cccs3)cc2C(=O)Nc2ccc(C(=N)N)cc2)c(C(=O)O)c1,False,,9.823908740944319,8.095825631715837,
CC(C)CNC(=O)c1ccc(-c2ccc(-c3ccncc3)cc2C(=O)Nc2ccc(C(=N)N)cc2)c(C(=O)O)c1,False,,7.711974464611637,7.451119437362485,
CC(C)CNC(=O)c1ccc(-c2ccc(-c3ccoc3)cc2C(=O)Nc2ccc(C(=N)N)cc2)c(C(=O)O)c1,False,,9.920818753952375,7.793984123236656,
CC(C)CNC(=O)c1ccc(-c2ccc(-c3ccoc3CO)cc2C(=O)Nc2ccc(C(=N)N)cc2)c(C(=O)O)c1,False,,10.698970004336019,7.301029995663981,
CC(C)CNC(=O)c1ccc(-c2ccc(-c3ccsc3)cc2C(=O)Nc2ccc(C(=N)N)cc2)c(C(=O)O)c1,False,,10.397940008672037,7.824198367151721,
CC(C)CNC(=O)c1ccc(-c2ccc(-c3ccsc3CO)cc2C(=O)Nc2ccc(C(=N)N)cc2)c(C(=O)O)c1,False,,9.346787486224656,7.301029995663981,
CC(C)CNC(=O)c1ccc(-c2ccc(-c3cocc3CO)cc2C(=O)Nc2ccc(C(=N)N)cc2)c(C(=O)O)c1,False,,9.638272163982407,7.301029995663981,
CC(C)CNC(=O)c1ccc(-c2ccc(-c3cscc3CN)cc2C(=O)Nc2ccc(C(=N)N)cc2)c(C(=O)O)c1,False,,11.0,6.956716334429425,
CC(C)CNC(=O)c1ccc(-c2ccc(-c3cscc3CN=[N+]=[N-])cc2C(=O)Nc2ccc(C(=N)N)cc2)c(C(=O)O)c1,False,,10.301029995663981,6.80465394165158,
CC(C)CNC(=O)c1ccc(-c2ccc(-c3cscc3CO)cc2C(=O)Nc2ccc(C(=N)N)cc2)c(C(=O)O)c1,False,,9.886056647693163,7.199970640755866,
CC(C)CNC(=O)c1ccc(-c2ccc(-c3nccs3)cc2C(=O)Nc2ccc(C(=N)N)cc2)c(C(=O)O)c1,False,,9.638272163982407,7.152427340857888,
CC(C)CNC(=O)c1ccc(-c2ccc(-c3occc3CO)cc2C(=O)Nc2ccc(C(=N)N)cc2)c(C(=O)O)c1,False,,9.823908740944319,7.301029995663981,
CC(C)CNC(=O)c1ccc(-c2ccc(-c3sccc3CO)cc2C(=O)Nc2ccc(C(=N)N)cc2)c(C(=O)O)c1,False,,9.193820026016112,7.301029995663981,
CC(C)CNC(=O)c1ccc(-c2ccc(/C=C/CO)cc2C(=O)Nc2ccc(C(=N)N)cc2)c(C(=O)O)c1,False,,8.1791420105603,7.643400564275029,
CC(C)CNC(=O)c1ccc(-c2ccc(C#CCCO)cc2C(=O)Nc2ccc(C(=N)N)cc2)c(C(=O)O)c1,False,,7.229147988357855,7.747146969020107,
CC(C)CNC(=O)c1ccc(-c2ccc(C(O)CO)cc2C(=O)Nc2ccc(C(=N)N)cc2)c(C(=O)O)c1,False,,7.301029995663981,7.301029995663981,
CC(C)CNC(=O)c1ccc(-c2ccc(Cc3ccccc3)cc2C(=O)Nc2ccc(C(=N)N)cc2)c(C(=O)O)c1,False,,8.756961951313706,8.070070439915412,
CC(C)CNC(=O)c1ccc(-c2ccc(Cc3cccs3)cc2C(=O)Nc2ccc(C(=N)N)cc2)c(C(=O)O)c1,False,,8.088842391260023,7.375511637486551,
CC(C)CNC(=O)c1ccc(-c2ccc(O)cc2C(=O)Nc2ccc(C(=N)N)cc2)c(C(=O)O)c1,False,,7.301029995663981,7.301029995663981,
CC(C)CNC(=O)c1ccc(-c2ccccc2C(=O)Nc2ccc(C(=N)N)cc2)c(C(=O)O)c1,False,,6.52134005157233,5.446395015176066,
CC(C)CNC(=O)c1ccc(Oc2nc(Oc3cccc(C(=N)N)c3)c(F)c(N(C(C)C)C(C)C)c2F)c(C(=O)O)c1.O=C(O)C(F)(F)F,False,,,5.920818753952375,
CC(C)CNC(=O)c1ccc(Oc2nc(Oc3cccc(C(=N)N)c3)c(F)c(NC(C)CCc3ccccc3)c2F)c(C(=O)O)c1.O=C(O)C(F)(F)F,False,,5.017728766960431,,
CC(C)CN[C@H](CC(C)C)C(=O)N1CCC[C@H]1C(=O)NCc1ccc2c(N)nccc2c1,False,,,7.431798275933005,
CC(C)CS(=O)(=O)N1CCC([C@@H](NC2CCCCC2)C(=O)N2CCN(C(=O)Oc3ccccc3Cl)C[C@H]2C(=O)NCc2cccs2)CC1,False,7.645891560852599,,,
CC(C)C[C@@H](NC(=O)[C@H](O)Cc1ccccc1)C(=O)N1[C@H](C(=O)NCCC2=CCN(C(=N)N)C2)C[C@@H]2CCCC[C@@H]21,False,,,6.920818753952375,
CC(C)C[C@@H](NC(=O)[C@H](O)Cc1ccccc1)C(=O)N1[C@H](C(=O)NCCC2=CCN(C(=N)N)C2)C[C@@H]2CC[C@@H](O)C[C@@H]21,False,,,6.657577319177793,
CC(C)C[C@@H](NC(=O)[C@H](O)Cc1ccccc1)C(=O)N1[C@H](C(=O)NCCCCNC(=N)N)C[C@@H]2CCCC[C@@H]21,False,,,5.823908740944319,
CC(C)C[C@@H](NC(=O)[C@H](O)Cc1ccccc1)C(=O)N1[C@H](C(=O)NCCCCNC(=N)N)C[C@@H]2CC[C@@H](O)C[C@@H]21,False,,,5.251811972993799,
CC(C)C[C@@H](NC(=O)[C@H](O)Cc1ccccc1)C(=O)N1[C@H](C(=O)NCc2ccc(C(=N)N)cc2)C[C@@H]2CCCC[C@@H]21,False,,,7.013228265733755,
CC(C)C[C@@H](NC(=O)c1ccc(Cl)s1)C(=O)Nc1ccc(-n2ccccc2=O)cc1,False,,4.795880017344075,5.0,
CC(C)C[C@@H](NC(=O)c1ccc(Cl)s1)C(=O)Nc1ccc(-n2ccncc2=O)cc1,False,,4.4089353929735005,5.0,
CC(C)C[C@@H](NC(=O)c1ccc(Cl)s1)C(=O)Nc1ccc(N2CCOCC2=O)cc1,False,,4.823908740944319,5.0,
CC(C)C[C@@H](NC(C)C(F)F)C(=O)N1CCC[C@H]1C(=O)NCc1ccc2c(N)nccc2c1,False,,,7.022276394711152,
CC(C)C[C@@H](NC1CCC(C(F)(F)F)CC1)C(=O)N1CCC[C@H]1C(=O)NCc1ccc2c(N)nccc2c1,False,,,6.7594507517174005,
CC(C)C[C@@H](NC1CCC(F)(F)CC1)C(=O)N1CCC[C@H]1C(=O)NCc1ccc2c(N)nccc2c1,False,,,6.920818753952375,
CC(C)C[C@@H](NC1CCC1)C(=O)N1CCC[C@H]1C(=O)NCc1ccc2c(N)nccc2c1,False,,,7.356547323513812,
CC(C)C[C@@H](NC1CCCC1)C(=O)N1CCC[C@H]1C(=O)NCc1ccc2c(N)nccc2c1,False,,,7.42021640338319,
CC(C)C[C@@H](NC1CCCCC1)C(=O)N1CCCC[C@H]1C(=O)NCc1ccc2c(N)nccc2c1,False,,,8.397940008672037,
CC(C)C[C@@H](NC1CCCCC1)C(=O)N1CCC[C@H]1C(=O)NCc1ccc2c(N)nccc2c1,False,,,8.301029995663981,
CC(C)C[C@@H](NC1CCCCC1)C(=O)N1CC[C@H]1C(=O)NCc1ccc2c(N)nccc2c1,False,,,8.522878745280337,
CC(C)C[C@@H](NC1CCCCC1)C(=O)N1C[C@@H](C(F)(F)F)C[C@H]1C(=O)NCc1ccc2c(N)nccc2c1,False,,,5.301029995663981,
CC(C)C[C@@H](NC1CCCCC1)C(=O)N1C[C@@H](F)C[C@H]1C(=O)NCc1ccc2c(N)nccc2c1,False,,,5.301029995663981,
CC(C)C[C@@H](NC1CCCCC1)C(=O)N1C[C@@H](O)C[C@H]1C(=O)NCc1ccc2c(N)nccc2c1,False,,,6.0,
CC(C)C[C@@H](NC1CCOCC1)C(=O)N1CCC[C@H]1C(=O)NCc1ccc2c(N)nccc2c1,False,,,6.55129368009492,
CC(C)C[C@@H](NCC(=O)O)C(=O)NC1(C(=O)NCc2ccc(C(=N)N)cc2)Cc2ccccc2C1,False,,,4.481486060122112,
CC(C)C[C@@H]1NC(=O)[C@@H](C2CCCCC2)NC(=O)CCCCCc2[nH]c3ccc(Cl)cc3c2CNC1=O,False,,,4.97469413473523,
CC(C)C[C@@H]1NC(=O)[C@@H](C2CCCCC2)NS(=O)(=O)CC/C=C/Cc2[nH]c3ccc(Cl)cc3c2CNC1=O,False,,,4.168130225719498,
CC(C)C[C@@H]1NC(=O)[C@H](C(C)C)NC(=O)CSC[C@@H](C(N)=O)NC(=O)CNC(=O)CNC(=O)[C@H](CCCNC(=N)N)NC(=O)[C@H](CC(=O)O)NC(=O)[C@H](CCCCN)NC(=O)[C@@H]2CCCN2C(=O)[C@H](CCCNC(=N)N)NC(=O)[C@H](Cc2ccccc2)NC(=O)[C@H](CCCNC(=N)N)NC1=O,False,3.677780705266081,,,
CC(C)C[C@@H]1NC(=O)[C@H](C)NC(=O)CSC[C@@H](C(N)=O)NC(=O)CNC(=O)CNC(=O)[C@H](CCC(N)=O)NC(=O)[C@H](CC(N)=O)NC(=O)[C@H]([C@@H](C)O)NC(=O)[C@@H]2CCCN2C(=O)[C@H](CCCCN)NC(=O)[C@H](CC(C)C)NC(=O)[C@H](CCCNC(=N)N)NC1=O,False,3.537602002101044,,,
CC(C)C[C@@H]1NC(=O)[C@H](C)NC(=O)CSC[C@@H](C(N)=O)NC(=O)CNC(=O)CNC(=O)[C@H](CCCNC(=N)N)NC(=O)[C@H](CC(=O)O)NC(=O)[C@H](CCCCN)NC(=O)[C@@H]2CCCN2C(=O)[C@H](CCCNC(=N)N)NC(=O)[C@H](Cc2ccccc2)NC(=O)[C@H](CCCNC(=N)N)NC1=O,False,3.3010299956639813,,,
CC(C)C[C@@H]1NC(=O)[C@H](C)NC(=O)[C@H](CC(C)C)NC(=O)[C@H](Cc2ccc(O)cc2)NC(=O)CSC[C@@H](C(N)=O)NC(=O)CNC(=O)CNC(=O)[C@H](CCC(N)=O)NC(=O)[C@H](CC(N)=O)NC(=O)[C@H]([C@@H](C)O)NC(=O)[C@@H]2CCCN2C(=O)[C@H](CCCCN)NC1=O,False,3.070581074285707,,,
CC(C)C[C@@H]1NC(=O)[C@H](CC2CCCCC2)NC(=O)CSC[C@@H](C(N)=O)NC(=O)CNC(=O)CNC(=O)[C@H](CCCNC(=N)N)NC(=O)[C@H](CC(=O)O)NC(=O)[C@H](CCCCN)NC(=O)[C@@H]2CCCN2C(=O)[C@H](CCCNC(=N)N)NC(=O)[C@H](Cc2ccccc2)NC(=O)[C@H](CCCNC(=N)N)NC1=O,False,3.853871964321762,,,
CC(C)C[C@@H]1NC(=O)[C@H](CCC(N)=O)NC(=O)[C@H](CCCNC(=N)N)NC(=O)[C@@H]2CSCCC(=O)N3CN(CN(C3)C(=O)CCSC[C@H](NC(=O)[C@@H](N)CCCNC(=N)N)C(=O)N[C@@H](Cc3ccccc3)C(=O)N[C@@H](CCCNC(=N)N)C(=O)N[C@@H](CC(C)C)C(=O)N3CCC[C@H]3C(=O)N2)C(=O)CCSC[C@@H](C(=O)N[C@@H](CCCNC(=N)N)C(=O)O)NC(=O)[C@H](CCCNC(=N)N)NC1=O,False,6.804832776244075,,,
CC(C)C[C@@H]1NC(=O)[C@H](CCCNC(=N)N)NC(=O)[C@H](C)NC(=O)[C@H](Cc2ccc(O)cc2)NC(=O)CSC[C@@H](C(N)=O)NC(=O)CNC(=O)CNC(=O)[C@H](CCC(N)=O)NC(=O)[C@H](CC(N)=O)NC(=O)[C@H]([C@@H](C)O)NC(=O)[C@@H]2CCCN2C(=O)[C@H](CCCCN)NC1=O,False,3.3872161432802645,,,
CC(C)C[C@@H]1NC(=O)[C@H](CCCNC(=N)N)NC(=O)[C@H](CC(C)C)NC(=O)[C@H](Cc2ccc(O)cc2)NC(=O)CSC[C@@H](C(N)=O)NC(=O)CNC(=O)CNC(=O)[C@H](CCC(N)=O)NC(=O)[C@H](CC(N)=O)NC(=O)[C@H]([C@@H](C)O)NC(=O)[C@@H]2CCCN2C(=O)[C@H](C)NC1=O,False,4.221848749616356,,,
CC(C)C[C@@H]1NC(=O)[C@H](CCc2ccc(O)cc2)NC(=O)CSC[C@@H](C(N)=O)NC(=O)CNC(=O)CNC(=O)[C@H](CCCNC(=N)N)NC(=O)[C@H](CC(=O)O)NC(=O)[C@H](CCCCN)NC(=O)[C@@H]2CCCN2C(=O)[C@H](CCCNC(=N)N)NC(=O)[C@H](Cc2ccccc2)NC(=O)[C@H](CCCNC(=N)N)NC1=O,False,3.431798275933005,,,
CC(C)C[C@@H]1NC(=O)[C@H](CCc2ccccc2)NC(=O)CSC[C@@H](C(N)=O)NC(=O)CNC(=O)CNC(=O)[C@H](CCCNC(=N)N)NC(=O)[C@H](CC(=O)O)NC(=O)[C@H](CCCCN)NC(=O)[C@@H]2CCCN2C(=O)[C@H](CCCNC(=N)N)NC(=O)[C@H](Cc2ccccc2)NC(=O)[C@H](CCCNC(=N)N)NC1=O,False,3.3872161432802645,,,
CC(C)C[C@@H]1NC(=O)[C@H](Cc2ccc(C#N)cc2)NC(=O)CSC[C@@H](C(N)=O)NC(=O)CNC(=O)CNC(=O)[C@H](CCCNC(=N)N)NC(=O)[C@H](CC(=O)O)NC(=O)[C@H](CCCCN)NC(=O)[C@@H]2CCCN2C(=O)[C@H](CCCNC(=N)N)NC(=O)[C@H](Cc2ccccc2)NC(=O)[C@H](CCCNC(=N)N)NC1=O,False,5.0915149811213505,,,
CC(C)C[C@@H]1NC(=O)[C@H](Cc2ccc(C(F)(F)F)cc2)NC(=O)CSC[C@@H](C(N)=O)NC(=O)CNC(=O)CNC(=O)[C@H](CCCNC(=N)N)NC(=O)[C@H](CC(=O)O)NC(=O)[C@H](CCCCN)NC(=O)[C@@H]2CCCN2C(=O)[C@H](CCCNC(=N)N)NC(=O)[C@H](Cc2ccccc2)NC(=O)[C@H](CCCNC(=N)N)NC1=O,False,4.130768280269024,,,
CC(C)C[C@@H]1NC(=O)[C@H](Cc2ccc(F)cc2)NC(=O)CSC[C@@H](C(N)=O)NC(=O)CNC(=O)CNC(=O)[C@H](CCCNC(=N)N)NC(=O)[C@H](CC(=O)O)NC(=O)[C@H](CCCCN)NC(=O)[C@@H]2CCCN2C(=O)[C@H](CCCNC(=N)N)NC(=O)[C@H](Cc2ccccc2)NC(=O)[C@H](CCCNC(=N)N)NC1=O,False,6.327902142064283,,,
CC(C)C[C@@H]1NC(=O)[C@H](Cc2ccc(O)c(F)c2)NC(=O)CSC[C@@H](C(N)=O)NC(=O)CNC(=O)CNC(=O)[C@H](CCCNC(=N)N)NC(=O)[C@H](CC(=O)O)NC(=O)[C@H](CCCCN)NC(=O)[C@@H]2CCCN2C(=O)[C@H](CCCNC(=N)N)NC(=O)[C@H](Cc2ccccc2)NC(=O)[C@H](CCCNC(=N)N)NC1=O,False,6.823908740944319,,,
CC(C)C[C@@H]1NC(=O)[C@H](Cc2ccc(O)c([N+](=O)[O-])c2)NC(=O)CSC[C@@H](C(N)=O)NC(=O)CNC(=O)CNC(=O)[C@H](CCCNC(=N)N)NC(=O)[C@H](CC(=O)O)NC(=O)[C@H](CCCCN)NC(=O)[C@@H]2CCCN2C(=O)[C@H](CCCNC(=N)N)NC(=O)[C@H](Cc2ccccc2)NC(=O)[C@H](CCCNC(=N)N)NC1=O,False,4.045757490560675,,,
CC(C)C[C@@H]1NC(=O)[C@H](Cc2ccc(O)cc2)NC(=O)CSC[C@@H](C(=O)N[C@@H](CCCNC(=N)N)C(=O)N[C@@H](CCCNC(=N)N)C(=O)N[C@@H](C)C(=O)N2CCC[C@H]2C(=O)N[C@@H](CC(N)=O)C(=O)N[C@@H](CO)C(N)=O)NC(=O)[C@H](CC(C)C)NC(=O)[C@H]([C@@H](C)O)NC(=O)[C@H](Cc2ccccc2)NC(=O)[C@H](CCCNC(=N)N)NC1=O,False,6.90866430666226,4.455931955649724,,
CC(C)C[C@@H]1NC(=O)[C@H](Cc2ccc(O)cc2)NC(=O)CSC[C@@H](C(N)=O)NC(=O)CNC(=O)CNC(=O)[C@H](C)NC(=O)[C@H](CC(=O)O)NC(=O)[C@H](CCCCN)NC(=O)[C@@H]2CCCN2C(=O)[C@H](CCCNC(=N)N)NC(=O)[C@H](Cc2ccccc2)NC(=O)[C@H](CCCNC(=N)N)NC1=O,False,6.187086643357144,,,
CC(C)C[C@@H]1NC(=O)[C@H](Cc2ccc(O)cc2)NC(=O)CSC[C@@H](C(N)=O)NC(=O)CNC(=O)CNC(=O)[C@H](C)NC(=O)[C@H](CC(N)=O)NC(=O)[C@H]([C@@H](C)O)NC(=O)[C@@H]2CCCN2C(=O)[C@H](CCCCN)NC(=O)[C@H](CC(C)C)NC(=O)[C@H](CCCNC(=N)N)NC1=O,False,6.0,,,
CC(C)C[C@@H]1NC(=O)[C@H](Cc2ccc(O)cc2)NC(=O)CSC[C@@H](C(N)=O)NC(=O)CNC(=O)CNC(=O)[C@H](CCC(N)=O)NC(=O)[C@H](C)NC(=O)[C@H]([C@@H](C)O)NC(=O)[C@@H]2CCCN2C(=O)[C@H](CCCCN)NC(=O)[C@H](CC(C)C)NC(=O)[C@H](CCCNC(=N)N)NC1=O,False,6.229147988357855,,,
CC(C)C[C@@H]1NC(=O)[C@H](Cc2ccc(O)cc2)NC(=O)CSC[C@@H](C(N)=O)NC(=O)CNC(=O)CNC(=O)[C@H](CCC(N)=O)NC(=O)[C@H](CC(N)=O)NC(=O)[C@H](C)NC(=O)[C@@H]2CCCN2C(=O)[C@H](CCCCN)NC(=O)[C@H](CC(C)C)NC(=O)[C@H](CCCNC(=N)N)NC1=O,False,6.346787486224656,,,
CC(C)C[C@@H]1NC(=O)[C@H](Cc2ccc(O)cc2)NC(=O)CSC[C@@H](C(N)=O)NC(=O)CNC(=O)CNC(=O)[C@H](CCC(N)=O)NC(=O)[C@H](CC(N)=O)NC(=O)[C@H]([C@@H](C)O)NC(=O)[C@@H]2CCCN2C(=O)[C@H](CCCCN)NC(=O)[C@H](C)NC(=O)[C@H](CCCNC(=N)N)NC1=O,False,4.886056647693163,,,
CC(C)C[C@@H]1NC(=O)[C@H](Cc2ccc(O)cc2)NC(=O)CSC[C@@H](C(N)=O)NC(=O)CNC(=O)CNC(=O)[C@H](CCC(N)=O)NC(=O)[C@H](CC(N)=O)NC(=O)[C@H]([C@@H](C)O)NC(=O)[C@@H]2CCCN2C(=O)[C@H](CCCCN)NC(=O)[C@H](CC(C)C)NC(=O)[C@H](CCCNC(=N)N)NC1=O,False,6.347065397990864,4.0,,
CC(C)C[C@@H]1NC(=O)[C@H](Cc2ccc(O)cc2)NC(=O)CSC[C@@H](C(N)=O)NC(=O)CNC(=O)CNC(=O)[C@H](CCC(N)=O)NC(=O)[C@H](CC(N)=O)NC(=O)[C@H]([C@@H](C)O)NC(=O)[C@H](C)NC(=O)[C@H](CCCCN)NC(=O)[C@H](CC(C)C)NC(=O)[C@H](CCCNC(=N)N)NC1=O,False,5.638272163982407,,,
CC(C)C[C@@H]1NC(=O)[C@H](Cc2ccc(O)cc2)NC(=O)CSC[C@@H](C(N)=O)NC(=O)CNC(=O)CNC(=O)[C@H](CCCNC(=N)N)NC(=O)[C@H](C)NC(=O)[C@H](CCCCN)NC(=O)[C@@H]2CCCN2C(=O)[C@H](CCCNC(=N)N)NC(=O)[C@H](Cc2ccccc2)NC(=O)[C@H](CCCNC(=N)N)NC1=O,False,7.301029995663981,,,
CC(C)C[C@@H]1NC(=O)[C@H](Cc2ccc(O)cc2)NC(=O)CSC[C@@H](C(N)=O)NC(=O)CNC(=O)CNC(=O)[C@H](CCCNC(=N)N)NC(=O)[C@H](CC(=O)O)NC(=O)[C@H](C)NC(=O)[C@@H]2CCCN2C(=O)[C@H](CCCNC(=N)N)NC(=O)[C@H](Cc2ccccc2)NC(=O)[C@H](CCCNC(=N)N)NC1=O,False,6.3979400086720375,,,
CC(C)C[C@@H]1NC(=O)[C@H](Cc2ccc(O)cc2)NC(=O)CSC[C@@H](C(N)=O)NC(=O)CNC(=O)CNC(=O)[C@H](CCCNC(=N)N)NC(=O)[C@H](CC(=O)O)NC(=O)[C@H](CCCCN)NC(=O)[C@@H]2CCCN2C(=O)[C@H](C)NC(=O)[C@H](Cc2ccccc2)NC(=O)[C@H](CCCNC(=N)N)NC1=O,False,4.102372908709558,,,
CC(C)C[C@@H]1NC(=O)[C@H](Cc2ccc(O)cc2)NC(=O)CSC[C@@H](C(N)=O)NC(=O)CNC(=O)CNC(=O)[C@H](CCCNC(=N)N)NC(=O)[C@H](CC(=O)O)NC(=O)[C@H](CCCCN)NC(=O)[C@@H]2CCCN2C(=O)[C@H](CCCCN)NC(=O)[C@H](Cc2ccccc2)NC(=O)[C@H](CCCNC(=N)N)NC1=O,False,7.187086643357144,,,
CC(C)C[C@@H]1NC(=O)[C@H](Cc2ccc(O)cc2)NC(=O)CSC[C@@H](C(N)=O)NC(=O)CNC(=O)CNC(=O)[C@H](CCCNC(=N)N)NC(=O)[C@H](CC(=O)O)NC(=O)[C@H](CCCCN)NC(=O)[C@@H]2CCCN2C(=O)[C@H](CCCCNC(=N)N)NC(=O)[C@H](Cc2ccccc2)NC(=O)[C@H](CCCNC(=N)N)NC1=O,False,6.327902142064283,,,
CC(C)C[C@@H]1NC(=O)[C@H](Cc2ccc(O)cc2)NC(=O)CSC[C@@H](C(N)=O)NC(=O)CNC(=O)CNC(=O)[C@H](CCCNC(=N)N)NC(=O)[C@H](CC(=O)O)NC(=O)[C@H](CCCCN)NC(=O)[C@@H]2CCCN2C(=O)[C@H](CCCN)NC(=O)[C@H](Cc2ccccc2)NC(=O)[C@H](CCCNC(=N)N)NC1=O,False,5.6777807052660805,,,
CC(C)C[C@@H]1NC(=O)[C@H](Cc2ccc(O)cc2)NC(=O)CSC[C@@H](C(N)=O)NC(=O)CNC(=O)CNC(=O)[C@H](CCCNC(=N)N)NC(=O)[C@H](CC(=O)O)NC(=O)[C@H](CCCCN)NC(=O)[C@@H]2CCCN2C(=O)[C@H](CCCNC(=N)N)NC(=O)[C@@H]2Cc3ccccc3CN2C(=O)[C@H](CCCNC(=N)N)NC1=O,False,4.657577319177793,,,
CC(C)C[C@@H]1NC(=O)[C@H](Cc2ccc(O)cc2)NC(=O)CSC[C@@H](C(N)=O)NC(=O)CNC(=O)CNC(=O)[C@H](CCCNC(=N)N)NC(=O)[C@H](CC(=O)O)NC(=O)[C@H](CCCCN)NC(=O)[C@@H]2CCCN2C(=O)[C@H](CCCNC(=N)N)NC(=O)[C@H](C)NC(=O)[C@H](CCCNC(=N)N)NC1=O,False,5.292429823902063,,,
CC(C)C[C@@H]1NC(=O)[C@H](Cc2ccc(O)cc2)NC(=O)CSC[C@@H](C(N)=O)NC(=O)CNC(=O)CNC(=O)[C@H](CCCNC(=N)N)NC(=O)[C@H](CC(=O)O)NC(=O)[C@H](CCCCN)NC(=O)[C@@H]2CCCN2C(=O)[C@H](CCCNC(=N)N)NC(=O)[C@H](CC2CCCCC2)NC(=O)[C@H](CCCNC(=N)N)NC1=O,False,7.275724130399211,,,
CC(C)C[C@@H]1NC(=O)[C@H](Cc2ccc(O)cc2)NC(=O)CSC[C@@H](C(N)=O)NC(=O)CNC(=O)CNC(=O)[C@H](CCCNC(=N)N)NC(=O)[C@H](CC(=O)O)NC(=O)[C@H](CCCCN)NC(=O)[C@@H]2CCCN2C(=O)[C@H](CCCNC(=N)N)NC(=O)[C@H](CCc2ccc(O)cc2)NC(=O)[C@H](CCCNC(=N)N)NC1=O,False,6.251811972993799,,,
CC(C)C[C@@H]1NC(=O)[C@H](Cc2ccc(O)cc2)NC(=O)CSC[C@@H](C(N)=O)NC(=O)CNC(=O)CNC(=O)[C@H](CCCNC(=N)N)NC(=O)[C@H](CC(=O)O)NC(=O)[C@H](CCCCN)NC(=O)[C@@H]2CCCN2C(=O)[C@H](CCCNC(=N)N)NC(=O)[C@H](CCc2ccccc2)NC(=O)[C@H](CCCNC(=N)N)NC1=O,False,6.130768280269024,,,
CC(C)C[C@@H]1NC(=O)[C@H](Cc2ccc(O)cc2)NC(=O)CSC[C@@H](C(N)=O)NC(=O)CNC(=O)CNC(=O)[C@H](CCCNC(=N)N)NC(=O)[C@H](CC(=O)O)NC(=O)[C@H](CCCCN)NC(=O)[C@@H]2CCCN2C(=O)[C@H](CCCNC(=N)N)NC(=O)[C@H](Cc2ccc(C#N)cc2)NC(=O)[C@H](CCCNC(=N)N)NC1=O,False,7.045757490560675,,,
CC(C)C[C@@H]1NC(=O)[C@H](Cc2ccc(O)cc2)NC(=O)CSC[C@@H](C(N)=O)NC(=O)CNC(=O)CNC(=O)[C@H](CCCNC(=N)N)NC(=O)[C@H](CC(=O)O)NC(=O)[C@H](CCCCN)NC(=O)[C@@H]2CCCN2C(=O)[C@H](CCCNC(=N)N)NC(=O)[C@H](Cc2ccc(C(F)(F)F)cc2)NC(=O)[C@H](CCCNC(=N)N)NC1=O,False,6.958607314841775,,,
CC(C)C[C@@H]1NC(=O)[C@H](Cc2ccc(O)cc2)NC(=O)CSC[C@@H](C(N)=O)NC(=O)CNC(=O)CNC(=O)[C@H](CCCNC(=N)N)NC(=O)[C@H](CC(=O)O)NC(=O)[C@H](CCCCN)NC(=O)[C@@H]2CCCN2C(=O)[C@H](CCCNC(=N)N)NC(=O)[C@H](Cc2ccc(F)cc2)NC(=O)[C@H](CCCNC(=N)N)NC1=O,False,7.337242168318426,,,
CC(C)C[C@@H]1NC(=O)[C@H](Cc2ccc(O)cc2)NC(=O)CSC[C@@H](C(N)=O)NC(=O)CNC(=O)CNC(=O)[C@H](CCCNC(=N)N)NC(=O)[C@H](CC(=O)O)NC(=O)[C@H](CCCCN)NC(=O)[C@@H]2CCCN2C(=O)[C@H](CCCNC(=N)N)NC(=O)[C@H](Cc2ccc(O)cc2)NC(=O)[C@H](CCCNC(=N)N)NC1=O,False,6.585026652029182,,,
CC(C)C[C@@H]1NC(=O)[C@H](Cc2ccc(O)cc2)NC(=O)CSC[C@@H](C(N)=O)NC(=O)CNC(=O)CNC(=O)[C@H](CCCNC(=N)N)NC(=O)[C@H](CC(=O)O)NC(=O)[C@H](CCCCN)NC(=O)[C@@H]2CCCN2C(=O)[C@H](CCCNC(=N)N)NC(=O)[C@H](Cc2ccc3ccccc3c2)NC(=O)[C@H](CCCNC(=N)N)NC1=O,False,7.301029995663981,,,
CC(C)C[C@@H]1NC(=O)[C@H](Cc2ccc(O)cc2)NC(=O)CSC[C@@H](C(N)=O)NC(=O)CNC(=O)CNC(=O)[C@H](CCCNC(=N)N)NC(=O)[C@H](CC(=O)O)NC(=O)[C@H](CCCCN)NC(=O)[C@@H]2CCCN2C(=O)[C@H](CCCNC(=N)N)NC(=O)[C@H](Cc2cccc(C#N)c2)NC(=O)[C@H](CCCNC(=N)N)NC1=O,False,6.795880017344075,,,
CC(C)C[C@@H]1NC(=O)[C@H](Cc2ccc(O)cc2)NC(=O)CSC[C@@H](C(N)=O)NC(=O)CNC(=O)CNC(=O)[C@H](CCCNC(=N)N)NC(=O)[C@H](CC(=O)O)NC(=O)[C@H](CCCCN)NC(=O)[C@@H]2CCCN2C(=O)[C@H](CCCNC(=N)N)NC(=O)[C@H](Cc2cccc(C(F)(F)F)c2)NC(=O)[C@H](CCCNC(=N)N)NC1=O,False,7.031517051446065,,,
CC(C)C[C@@H]1NC(=O)[C@H](Cc2ccc(O)cc2)NC(=O)CSC[C@@H](C(N)=O)NC(=O)CNC(=O)CNC(=O)[C@H](CCCNC(=N)N)NC(=O)[C@H](CC(=O)O)NC(=O)[C@H](CCCCN)NC(=O)[C@@H]2CCCN2C(=O)[C@H](CCCNC(=N)N)NC(=O)[C@H](Cc2cccc(F)c2)NC(=O)[C@H](CCCNC(=N)N)NC1=O,False,7.180456064458132,,,
CC(C)C[C@@H]1NC(=O)[C@H](Cc2ccc(O)cc2)NC(=O)CSC[C@@H](C(N)=O)NC(=O)CNC(=O)CNC(=O)[C@H](CCCNC(=N)N)NC(=O)[C@H](CC(=O)O)NC(=O)[C@H](CCCCN)NC(=O)[C@@H]2CCCN2C(=O)[C@H](CCCNC(=N)N)NC(=O)[C@H](Cc2cccc3ccccc23)NC(=O)[C@H](CCCNC(=N)N)NC1=O,False,7.167491087293763,,,
CC(C)C[C@@H]1NC(=O)[C@H](Cc2ccc(O)cc2)NC(=O)CSC[C@@H](C(N)=O)NC(=O)CNC(=O)CNC(=O)[C@H](CCCNC(=N)N)NC(=O)[C@H](CC(=O)O)NC(=O)[C@H](CCCCN)NC(=O)[C@@H]2CCCN2C(=O)[C@H](CCCNC(=N)N)NC(=O)[C@H](Cc2ccccc2)NC(=O)[C@H](C)NC1=O,False,3.958607314841775,,,
CC(C)C[C@@H]1NC(=O)[C@H](Cc2ccc(O)cc2)NC(=O)CSC[C@@H](C(N)=O)NC(=O)CNC(=O)CNC(=O)[C@H](CCCNC(=N)N)NC(=O)[C@H](CC(=O)O)NC(=O)[C@H](CCCCN)NC(=O)[C@@H]2CCCN2C(=O)[C@H](CCCNC(=N)N)NC(=O)[C@H](Cc2ccccc2)NC(=O)[C@H](CCCCN)NC1=O,False,6.522878745280337,,,
CC(C)C[C@@H]1NC(=O)[C@H](Cc2ccc(O)cc2)NC(=O)CSC[C@@H](C(N)=O)NC(=O)CNC(=O)CNC(=O)[C@H](CCCNC(=N)N)NC(=O)[C@H](CC(=O)O)NC(=O)[C@H](CCCCN)NC(=O)[C@@H]2CCCN2C(=O)[C@H](CCCNC(=N)N)NC(=O)[C@H](Cc2ccccc2)NC(=O)[C@H](CCCCNC(=N)N)NC1=O,False,7.136677139879544,,,
CC(C)C[C@@H]1NC(=O)[C@H](Cc2ccc(O)cc2)NC(=O)CSC[C@@H](C(N)=O)NC(=O)CNC(=O)CNC(=O)[C@H](CCCNC(=N)N)NC(=O)[C@H](CC(=O)O)NC(=O)[C@H](CCCCN)NC(=O)[C@@H]2CCCN2C(=O)[C@H](CCCNC(=N)N)NC(=O)[C@H](Cc2ccccc2)NC(=O)[C@H](CCCN)NC1=O,False,4.1487416512809245,,,
CC(C)C[C@@H]1NC(=O)[C@H](Cc2ccc(O)cc2)NC(=O)CSC[C@@H](C(N)=O)NC(=O)CNC(=O)CNC(=O)[C@H](CCCNC(=N)N)NC(=O)[C@H](CC(=O)O)NC(=O)[C@H](CCCCN)NC(=O)[C@@H]2CCCN2C(=O)[C@H](CCCNC(=N)N)NC(=O)[C@H](Cc2ccccc2)NC(=O)[C@H](CCCNC(=N)N)NC1=O,False,7.21113923774549,4.229147988357856,,
CC(C)C[C@@H]1NC(=O)[C@H](Cc2ccc(O)cc2)NC(=O)CSC[C@@H](C(N)=O)NC(=O)CNC(=O)CNC(=O)[C@H](CCCNC(=N)N)NC(=O)[C@H](CC(=O)O)NC(=O)[C@H](CCCCN)NC(=O)[C@@H]2CCCN2C(=O)[C@H](CCCNC(=N)N)NC(=O)[C@H](Cc2ccccc2)NC(=O)[C@H](CCNC(=N)N)NC1=O,False,6.231361898752385,,,
CC(C)C[C@@H]1NC(=O)[C@H](Cc2ccc(O)cc2)NC(=O)CSC[C@@H](C(N)=O)NC(=O)CNC(=O)CNC(=O)[C@H](CCCNC(=N)N)NC(=O)[C@H](CC(=O)O)NC(=O)[C@H](CCCCN)NC(=O)[C@@H]2CCCN2C(=O)[C@H](CCCNC(=N)N)NC(=O)[C@H](Cc2ccccc2C#N)NC(=O)[C@H](CCCNC(=N)N)NC1=O,False,6.920818753952375,,,
CC(C)C[C@@H]1NC(=O)[C@H](Cc2ccc(O)cc2)NC(=O)CSC[C@@H](C(N)=O)NC(=O)CNC(=O)CNC(=O)[C@H](CCCNC(=N)N)NC(=O)[C@H](CC(=O)O)NC(=O)[C@H](CCCCN)NC(=O)[C@@H]2CCCN2C(=O)[C@H](CCCNC(=N)N)NC(=O)[C@H](Cc2ccccc2C(F)(F)F)NC(=O)[C@H](CCCNC(=N)N)NC1=O,False,7.376750709602099,,,
CC(C)C[C@@H]1NC(=O)[C@H](Cc2ccc(O)cc2)NC(=O)CSC[C@@H](C(N)=O)NC(=O)CNC(=O)CNC(=O)[C@H](CCCNC(=N)N)NC(=O)[C@H](CC(=O)O)NC(=O)[C@H](CCCCN)NC(=O)[C@@H]2CCCN2C(=O)[C@H](CCCNC(=N)N)NC(=O)[C@H](Cc2ccccc2F)NC(=O)[C@H](CCCNC(=N)N)NC1=O,False,7.275724130399211,,,
CC(C)C[C@@H]1NC(=O)[C@H](Cc2ccc(O)cc2)NC(=O)CSC[C@@H](C(N)=O)NC(=O)CNC(=O)CNC(=O)[C@H](CCCNC(=N)N)NC(=O)[C@H](CC(=O)O)NC(=O)[C@H](CCCCN)NC(=O)[C@@H]2CCCN2C(=O)[C@H](CCCNC(=N)N)NC(=O)[C@H](Cc2ccccn2)NC(=O)[C@H](CCCNC(=N)N)NC1=O,False,7.017728766960431,,,
CC(C)C[C@@H]1NC(=O)[C@H](Cc2ccc(O)cc2)NC(=O)CSC[C@@H](C(N)=O)NC(=O)CNC(=O)CNC(=O)[C@H](CCCNC(=N)N)NC(=O)[C@H](CC(=O)O)NC(=O)[C@H](CCCCN)NC(=O)[C@@H]2CCCN2C(=O)[C@H](CCCNC(=N)N)NC(=O)[C@H](Cc2cccnc2)NC(=O)[C@H](CCCNC(=N)N)NC1=O,False,6.769551078621726,,,
CC(C)C[C@@H]1NC(=O)[C@H](Cc2ccc(O)cc2)NC(=O)CSC[C@@H](C(N)=O)NC(=O)CNC(=O)CNC(=O)[C@H](CCCNC(=N)N)NC(=O)[C@H](CC(=O)O)NC(=O)[C@H](CCCCN)NC(=O)[C@@H]2CCCN2C(=O)[C@H](CCCNC(=N)N)NC(=O)[C@H](Cc2ccncc2)NC(=O)[C@H](CCCNC(=N)N)NC1=O,False,6.920818753952375,,,
CC(C)C[C@@H]1NC(=O)[C@H](Cc2ccc(O)cc2)NC(=O)CSC[C@@H](C(N)=O)NC(=O)CNC(=O)CNC(=O)[C@H](CCCNC(=N)N)NC(=O)[C@H](CC(=O)O)NC(=O)[C@H](CCCCN)NC(=O)[C@@H]2CCCN2C(=O)[C@H](CCNC(=N)N)NC(=O)[C@H](Cc2ccccc2)NC(=O)[C@H](CCCNC(=N)N)NC1=O,False,5.481486060122113,,,
CC(C)C[C@@H]1NC(=O)[C@H](Cc2ccc(O)cc2)NC(=O)CSC[C@@H](C(N)=O)NC(=O)CNC(=O)CNC(=O)[C@H](CCCNC(=N)N)NC(=O)[C@H](CC(=O)O)NC(=O)[C@H](CCCCN)NC(=O)[C@H](C)NC(=O)[C@H](CCCNC(=N)N)NC(=O)[C@H](Cc2ccccc2)NC(=O)[C@H](CCCNC(=N)N)NC1=O,False,6.585026652029182,,,
CC(C)C[C@@H]1NC(=O)[C@H](Cc2ccc(O)cc2)NC(=O)CSC[C@@H](C(N)=O)NC(=O)CNC(=O)[C@H](C)NC(=O)[C@H](CCC(N)=O)NC(=O)[C@H](CC(N)=O)NC(=O)[C@H]([C@@H](C)O)NC(=O)[C@@H]2CCCN2C(=O)[C@H](CCCCN)NC(=O)[C@H](CC(C)C)NC(=O)[C@H](CCCNC(=N)N)NC1=O,False,4.6777807052660805,,,
CC(C)C[C@@H]1NC(=O)[C@H](Cc2ccc(O)cc2)NC(=O)CSC[C@@H](C(N)=O)NC(=O)CNC(=O)[C@H](C)NC(=O)[C@H](CCCNC(=N)N)NC(=O)[C@H](CC(=O)O)NC(=O)[C@H](CCCCN)NC(=O)[C@@H]2CCCN2C(=O)[C@H](CCCNC(=N)N)NC(=O)[C@H](Cc2ccccc2)NC(=O)[C@H](CCCNC(=N)N)NC1=O,False,4.568636235841013,,,
CC(C)C[C@@H]1NC(=O)[C@H](Cc2ccc(O)cc2)NC(=O)CSC[C@@H](C(N)=O)NC(=O)[C@H](C)NC(=O)CNC(=O)[C@H](CCC(N)=O)NC(=O)[C@H](CC(N)=O)NC(=O)[C@H]([C@@H](C)O)NC(=O)[C@@H]2CCCN2C(=O)[C@H](CCCCN)NC(=O)[C@H](CC(C)C)NC(=O)[C@H](CCCNC(=N)N)NC1=O,False,4.136677139879544,,,
CC(C)C[C@@H]1NC(=O)[C@H](Cc2ccc(O)cc2)NC(=O)CSC[C@@H](C(N)=O)NC(=O)[C@H](C)NC(=O)CNC(=O)[C@H](CCCNC(=N)N)NC(=O)[C@H](CC(=O)O)NC(=O)[C@H](CCCCN)NC(=O)[C@@H]2CCCN2C(=O)[C@H](CCCNC(=N)N)NC(=O)[C@H](Cc2ccccc2)NC(=O)[C@H](CCCNC(=N)N)NC1=O,False,4.823908740944319,,,
CC(C)C[C@@H]1NC(=O)[C@H](Cc2ccc(O)cc2)NC(=O)CSC[C@@H](C(N)=O)NC(=O)[C@H](CCCNC(=N)N)NC(=O)[C@H](Cc2ccccc2)NC(=O)[C@H](CCCNC(=N)N)NC1=O,False,3.6989700043360187,,,
CC(C)C[C@@H]1NC(=O)[C@H](Cc2cccc(C#N)c2)NC(=O)CSC[C@@H](C(N)=O)NC(=O)CNC(=O)CNC(=O)[C@H](CCCNC(=N)N)NC(=O)[C@H](CC(=O)O)NC(=O)[C@H](CCCCN)NC(=O)[C@@H]2CCCN2C(=O)[C@H](CCCNC(=N)N)NC(=O)[C@H](Cc2ccccc2)NC(=O)[C@H](CCCNC(=N)N)NC1=O,False,5.508638306165727,,,
CC(C)C[C@@H]1NC(=O)[C@H](Cc2cccc(C(F)(F)F)c2)NC(=O)CSC[C@@H](C(N)=O)NC(=O)CNC(=O)CNC(=O)[C@H](CCCNC(=N)N)NC(=O)[C@H](CC(=O)O)NC(=O)[C@H](CCCCN)NC(=O)[C@@H]2CCCN2C(=O)[C@H](CCCNC(=N)N)NC(=O)[C@H](Cc2ccccc2)NC(=O)[C@H](CCCNC(=N)N)NC1=O,False,4.075720713938118,,,
CC(C)C[C@@H]1NC(=O)[C@H](Cc2cccc(F)c2)NC(=O)CSC[C@@H](C(N)=O)NC(=O)CNC(=O)CNC(=O)[C@H](CCCNC(=N)N)NC(=O)[C@H](CC(=O)O)NC(=O)[C@H](CCCCN)NC(=O)[C@@H]2CCCN2C(=O)[C@H](CCCNC(=N)N)NC(=O)[C@H](Cc2ccccc2)NC(=O)[C@H](CCCNC(=N)N)NC1=O,False,6.187086643357144,,,
CC(C)C[C@@H]1NC(=O)[C@H](Cc2ccccc2)NC(=O)CSC[C@@H](C(N)=O)NC(=O)CNC(=O)CNC(=O)[C@H](CCCNC(=N)N)NC(=O)[C@H](CC(=O)O)NC(=O)[C@H](CCCCN)NC(=O)[C@@H]2CCCN2C(=O)[C@H](CCCNC(=N)N)NC(=O)[C@H](Cc2ccccc2)NC(=O)[C@H](CCCNC(=N)N)NC1=O,False,6.318758762624412,,,
CC(C)C[C@@H]1NC(=O)[C@H](Cc2ccccc2C#N)NC(=O)CSC[C@@H](C(N)=O)NC(=O)CNC(=O)CNC(=O)[C@H](CCCNC(=N)N)NC(=O)[C@H](CC(=O)O)NC(=O)[C@H](CCCCN)NC(=O)[C@@H]2CCCN2C(=O)[C@H](CCCNC(=N)N)NC(=O)[C@H](Cc2ccccc2)NC(=O)[C@H](CCCNC(=N)N)NC1=O,False,4.853871964321762,,,
CC(C)C[C@@H]1NC(=O)[C@H](Cc2ccccc2C(F)(F)F)NC(=O)CSC[C@@H](C(N)=O)NC(=O)CNC(=O)CNC(=O)[C@H](CCCNC(=N)N)NC(=O)[C@H](CC(=O)O)NC(=O)[C@H](CCCCN)NC(=O)[C@@H]2CCCN2C(=O)[C@H](CCCNC(=N)N)NC(=O)[C@H](Cc2ccccc2)NC(=O)[C@H](CCCNC(=N)N)NC1=O,False,3.9208187539523753,,,
CC(C)C[C@@H]1NC(=O)[C@H](Cc2ccccc2F)NC(=O)CSC[C@@H](C(N)=O)NC(=O)CNC(=O)CNC(=O)[C@H](CCCNC(=N)N)NC(=O)[C@H](CC(=O)O)NC(=O)[C@H](CCCCN)NC(=O)[C@@H]2CCCN2C(=O)[C@H](CCCNC(=N)N)NC(=O)[C@H](Cc2ccccc2)NC(=O)[C@H](CCCNC(=N)N)NC1=O,False,6.455931955649724,,,
CC(C)C[C@@H]1NC(=O)[C@H](Cc2ccccn2)NC(=O)CSC[C@@H](C(N)=O)NC(=O)CNC(=O)CNC(=O)[C@H](CCCNC(=N)N)NC(=O)[C@H](CC(=O)O)NC(=O)[C@H](CCCCN)NC(=O)[C@@H]2CCCN2C(=O)[C@H](CCCNC(=N)N)NC(=O)[C@H](Cc2ccccc2)NC(=O)[C@H](CCCNC(=N)N)NC1=O,False,4.958607314841775,,,
CC(C)C[C@@H]1NC(=O)[C@H](Cc2cccnc2)NC(=O)CSC[C@@H](C(N)=O)NC(=O)CNC(=O)CNC(=O)[C@H](CCCNC(=N)N)NC(=O)[C@H](CC(=O)O)NC(=O)[C@H](CCCCN)NC(=O)[C@@H]2CCCN2C(=O)[C@H](CCCNC(=N)N)NC(=O)[C@H](Cc2ccccc2)NC(=O)[C@H](CCCNC(=N)N)NC1=O,False,4.823908740944319,,,
CC(C)C[C@@H]1NC(=O)[C@H](Cc2ccncc2)NC(=O)CSC[C@@H](C(N)=O)NC(=O)CNC(=O)CNC(=O)[C@H](CCCNC(=N)N)NC(=O)[C@H](CC(=O)O)NC(=O)[C@H](CCCCN)NC(=O)[C@@H]2CCCN2C(=O)[C@H](CCCNC(=N)N)NC(=O)[C@H](Cc2ccccc2)NC(=O)[C@H](CCCNC(=N)N)NC1=O,False,4.920818753952375,,,
CC(C)C[C@@H]1NC(=O)[C@H]([C@@H](C)O)NC(=O)[C@H](Cc2ccccc2)NC(=O)[C@@H](CCCNC(=N)N)NC(=O)[C@@H](CC(C)C)NC(=O)[C@@H](Cc2ccc(O)cc2)NC(=O)CSC[C@@H](C(N)=O)NC1=O,False,5.42021640338319,,,
CC(C)C[C@H](C=O)NC(=O)[C@@H](NS(=O)(=O)c1ccc(F)cc1)C(C)C,False,,4.221848749616356,4.0,
CC(C)C[C@H](NC(=O)NC(C)c1ccc(Br)cc1)C(=O)N[C@H](C(=O)N[C@@H](CCCNC(=N)N)C(=O)c1nccs1)C(C)C,False,,4.823908740944319,5.853871964321762,
CC(C)C[C@H](NC(=O)NCc1ccc(Cl)c(Cl)c1)C(=O)N[C@@H](C)C(=O)N[C@@H](CCCNC(=N)N)C(=O)c1nccs1,False,,4.657577319177793,5.0,
CC(C)C[C@H](NC(=O)NCc1ccc(Cl)c(Cl)c1)C(=O)N[C@@H](Cc1ccc(O)cc1)C(=O)N[C@@H](CCCNC(=N)N)C(=O)c1nccs1,False,,5.769551078621726,6.0,
CC(C)C[C@H](NC(=O)NCc1ccc(Cl)c(Cl)c1)C(=O)N[C@@H](Cc1ccccc1)C(=O)N[C@@H](CCCNC(=N)N)C(=O)c1nccs1,False,,5.070581074285707,4.568636235841013,
CC(C)C[C@H](NC(=O)NCc1ccc(Cl)c(Cl)c1)C(=O)N[C@H](C(=O)N[C@@H](CCCNC(=N)N)C(=O)c1nccs1)C(C)(C)C,False,,3.6989700043360187,4.920818753952375,
CC(C)C[C@H](NC(=O)NCc1ccc(Cl)c(Cl)c1)C(=O)N[C@H](C(=O)N[C@@H](CCCNC(=N)N)C(=O)c1nccs1)C(C)C,False,,4.698970004336019,5.821261272930551,
CC(C)C[C@H](NC(=O)NCc1ccc(Cl)c(Cl)c1)C(=O)N[C@H](C(=O)N[C@@H](CCCNC(=N)N)C(=O)c1nccs1)C1CCCCC1,False,,3.6989700043360187,5.113509274827518,
CC(C)C[C@H](NC(=O)NCc1ccc(Cl)cc1Cl)C(=O)N[C@H](C(=O)N[C@@H](CCCNC(=N)N)C(=O)c1nccs1)C(C)C,False,,4.886056647693163,6.411174044150872,
CC(C)C[C@H](NC(=O)NCc1ccc(F)cc1)C(=O)N[C@H](C(=O)N[C@@H](CCCNC(=N)N)C(=O)c1nccs1)C(C)C,False,,4.698970004336019,5.508638306165727,
CC(C)C[C@H](NC(=O)NCc1ccccc1)C(=O)N[C@H](C(=O)N[C@@H](CCCNC(=N)N)C(=O)c1nccs1)C(C)C,False,,4.698970004336019,5.552841968657781,
CC(C)C[C@H](NC(=O)OC(c1ccccc1)C1CCNCC1)C(=O)N[C@@H](CCCNC(=N)N)C(=O)c1nc2ccccc2s1.O=C(O)C(F)(F)F,False,,4.698970004336019,4.698970004336019,
CC(C)C[C@H](NC(=O)OC1(Cc2ccccc2)CCNCC1)C(=O)N[C@@H](CCCNC(=N)N)C(=O)c1nc2ccccc2s1.O=C(O)C(F)(F)F,False,,5.187086643357144,4.698970004336019,
CC(C)C[C@H](NC(=O)OC1(c2ccccc2)CCNCC1)C(=O)N[C@@H](CCCNC(=N)N)C(=O)c1nc2ccccc2s1.O=C(O)C(F)(F)F,False,,,4.698970004336019,
CC(C)C[C@H](NC(=O)OC1CCN(S(=O)(=O)c2ccccc2)CC1)C(=O)N[C@@H](CCCNC(=N)N)C(=O)c1nc2ccccc2s1.O=C(O)C(F)(F)F,False,,4.698970004336019,4.698970004336019,
CC(C)C[C@H](NC(=O)OCC(C)(C)Oc1ccc(F)cc1)C(=O)N[C@H](C=O)C[C@@H]1CCNC1=O,False,,,4.301029995663981,
CC(C)C[C@H](NC(=O)OCC(C)(C)Oc1cccc(Cl)c1)C(=O)N[C@H](C=O)C[C@@H]1CCNC1=O,False,,,4.301029995663981,
CC(C)C[C@H](NC(=O)OCC(C)(C)Sc1cccc(Cl)c1)C(=O)N[C@H](C=O)C[C@@H]1CCNC1=O,False,,,4.301029995663981,
CC(C)C[C@H](NC(=O)OCC(C)(C)Sc1ccccc1)C(=O)N[C@@H](C[C@@H]1CCNC1=O)C(=O)C(=O)NC1CC1,False,,,4.301029995663981,
CC(C)C[C@H](NC(=O)OCC(C)(C)Sc1ccccc1)C(=O)N[C@H](C#N)C[C@@H]1CCNC1=O,False,,,4.301029995663981,
CC(C)C[C@H](NC(=O)OCC(C)(C)Sc1ccccc1)C(=O)N[C@H](C=O)C[C@@H]1CCNC1=O,False,,,4.301029995663981,
CC(C)C[C@H](NC(=O)[C@@H](N)Cc1ccccc1)C(=O)N[C@@H](CC1CCCCC1)[C@@H](O)c1nccs1,False,,,3.275724130399211,
CC(C)C[C@H](NC(=O)[C@H](C)NC(=O)[C@H](CO)NC(=O)[C@H](CCC(=O)O)NC(=O)[C@H](Cc1ccc(O)cc1)NC(=O)[C@H](CCCNC(=N)N)NC(=O)[C@@H]1CSCC(=O)N[C@@H](Cc2ccc(O)cc2)C(=O)N[C@@H](CC(C)C)C(=O)N[C@@H](CCCNC(=N)N)C(=O)N[C@@H](Cc2ccccc2)C(=O)N[C@@H]([C@@H](C)O)C(=O)N[C@@H](CC(C)C)C(=O)N1)C(=O)N[C@@H](CO)C(N)=O,False,6.300720997947063,5.657577319177793,,
CC(C)C[C@H](NC(=O)[C@H](CC(=O)O)NC(=O)[C@H](CC(=O)O)NC(=O)[C@H](CCC(=O)O)NC(=O)[C@@H]1CCCN1C(=O)[C@H](Cc1ccc(O)cc1)NC(=O)[C@H](CC(C)C)NC(=O)[C@H](CO)NC(=O)[C@H](CC(=O)O)NC(=O)[C@H](Cc1ccc(O)cc1)NC(=O)[C@H](CCC(=O)O)NC(=O)[C@@H](NC(=O)[C@H](CCC(=O)O)NC(=O)[C@H](C)NC(=O)[C@@H]1CCCN1C(=O)[C@H](Cc1cnc[nH]1)NC(=O)[C@H](CCC(=O)O)NC(=O)[C@@H]1CCCN1)[C@@H](C)O)C(=O)O,False,,,3.886056647693163,
CC(C)C[C@H](NC(=O)[C@H](Cc1ccccc1)NC(=O)CCCCCN)C(=O)N[C@@H](CC1CCCCC1)[C@@H](O)c1nccs1,False,,,5.1249387366083,
CC(C)C[C@H](NC(=O)[C@H](Cc1ccccc1)NC(=O)CCCCN)C(=O)N[C@H](CO)Cc1ccccc1,False,,,4.0,
CC(C)C[C@H](NC(=O)[C@H](Cc1ccccc1)NC(=O)CCCN=C(N)N)C(=O)N[C@@H](CC1CCCCC1)[C@@H](O)c1nccs1,False,,5.221848749616356,6.372363747448347,
CC(C)C[C@H](NC(=O)[C@H](Cc1ccccc1)NC(=O)CCCN=C(N)N)C(=O)N[C@H](CO)Cc1ccccc1,False,,,5.6020599913279625,
CC(C)C[C@H](NC(=O)[C@H](Cc1ccccc1)NS(=O)(=O)Cc1ccccc1)C(=O)N[C@@H](CCCCNC(=N)N)C(=O)Cc1ccccc1,False,,3.2365720064370627,3.2365720064370627,
CC(C)C[C@H](NC(=O)c1ccc(Cl)s1)C(=O)Nc1ccc(N2CCOCC2=O)cc1,False,,3.886056647693163,5.0,
CC(C)C[C@H]1C(=O)N(CCCc2ccccc2)CC(=O)N1CC(=O)N[C@@H](CC1CCCN(C(=N)N)C1)C(=O)c1nccs1,False,,,5.366531544420414,
CC(C)Cn1c(-c2ccccc2)nc2ccccc2c1=O,False,4.301029995663981,,,
CC(C)N(C(=O)[C@@H]1Cc2ccccc2CN1C(=O)OCc1ccccc1)c1ccc(N2CCCCC2=O)cc1,False,,4.721246399047171,,
CC(C)N(C)c1nc(Cl)c(-c2ccccc2)n(CC(=O)NCc2ccc(C(=N)N)cc2)c1=O,False,,,4.701146923590294,
CC(C)N(CCCCCN1C(=O)C(c2cccc(C(=N)N)c2)Oc2ccccc21)C(C)C,False,,6.920818753952375,5.920818753952375,
CC(C)N(CCCS(=O)(=O)c1ccc2cc(Cl)ccc2c1)C(=O)C1CCN(c2ccncc2)CC1,False,,6.6020599913279625,,
CC(C)N(Cc1ccccc1)C(S)=NC1CCCCC1,False,4.301029995663981,,,
CC(C)N(c1c(F)c(Oc2cccc(C(=N)N)c2)nc(Oc2ccc(-c3cccc(CO)c3)cc2C(=O)O)c1F)C(C)C.O=C(O)C(F)(F)F,False,,,5.958607314841775,
CC(C)N(c1c(F)c(Oc2cccc(C(=N)N)c2)nc(Oc2ccc(-c3ccccc3)cc2C(=O)O)c1F)C(C)C.O=C(O)C(F)(F)F,False,,,6.301029995663981,
CC(C)N(c1c(F)c(Oc2cccc(C(=N)N)c2)nc(Oc2ccc(-c3ccccn3)cc2C(=O)O)c1F)C(C)C.O=C(O)C(F)(F)F,False,,,6.0915149811213505,
CC(C)N(c1c(F)c(Oc2cccc(C(=N)N)c2)nc(Oc2ccc(-c3ccsc3)cc2C(=O)O)c1F)C(C)C.O=C(O)C(F)(F)F,False,,,6.769551078621726,
CC(C)N(c1c(F)c(Oc2cccc(C(=N)N)c2)nc(Oc2ccc(C(=O)NC(C)C(C)(C)C)cc2C(=O)O)c1F)C(C)C.O=C(O)C(F)(F)F,False,,,5.6777807052660805,
CC(C)N(c1c(F)c(Oc2cccc(C(=N)N)c2)nc(Oc2ccc(C(=O)NC3CC3)cc2C(=O)O)c1F)C(C)C.O=C(O)C(F)(F)F,False,,,5.823908740944319,
CC(C)N(c1c(F)c(Oc2cccc(C(=N)N)c2)nc(Oc2ccc(C(=O)NC3CCCC3)cc2C(=O)O)c1F)C(C)C.O=C(O)C(F)(F)F,False,,,5.568636235841013,
CC(C)N(c1c(F)c(Oc2cccc(C(=N)N)c2)nc(Oc2ccc(C(=O)NC3CCCCC3)cc2C(=O)O)c1F)C(C)C.O=C(O)C(F)(F)F,False,,,5.3872161432802645,
CC(C)N(c1c(F)c(Oc2cccc(C(=N)N)c2)nc(Oc2ccc(C(=O)NCC3CCCCO3)cc2C(=O)O)c1F)C(C)C.O=C(O)C(F)(F)F,False,,,5.431798275933005,
CC(C)N(c1c(F)c(Oc2cccc(C(=N)N)c2)nc(Oc2ccc(C(=O)NCc3ccc(Cl)cc3)cc2C(=O)O)c1F)C(C)C.O=C(O)C(F)(F)F,False,,,6.013228265733755,
CC(C)N(c1c(F)c(Oc2cccc(C(=N)N)c2)nc(Oc2ccc(C(=O)NCc3ccccc3)cc2C(=O)O)c1F)C(C)C.O=C(O)C(F)(F)F,False,,,6.173925197299173,
CC(C)N(c1c(F)c(Oc2cccc(C(=N)N)c2)nc(Oc2ccc(Cc3ccccc3)cc2C(=O)O)c1F)C(C)C.O=C(O)C(F)(F)F,False,,,5.508638306165727,
CC(C)N(c1c(F)c(Oc2cccc(C(=N)N)c2)nc(Oc2ccc(N(C)C)cc2C(=O)O)c1F)C(C)C.O=C(O)C(F)(F)F,False,,,6.468521082957745,
CC(C)N1CCC(C(=O)Nc2c(O)cc(Br)cc2C(=O)Nc2ccc(Cl)cn2)CC1,False,,8.397940008672037,4.0,
CC(C)N1CCC(C(=O)Nc2c(O)cc(Cl)cc2C(=O)Nc2ccc(Cl)cn2)CC1,False,,8.086186147616283,,
CC(C)N1CCC(C(=O)Nc2c(O[C@@H]3O[C@H](C(=O)O)[C@@H](O)[C@H](O)[C@H]3O)cc(Br)cc2C(=O)Nc2ccc(Cl)cn2)CC1,False,,8.309803919971486,4.0,
CC(C)N1CCC(C(=O)Nc2c(O[C@@H]3O[C@H](C(=O)O)[C@@H](O)[C@H](O)[C@H]3O)cc(Cl)cc2C(=O)Nc2ccc(Cl)cn2)CC1,False,,7.823908740944319,,
CC(C)N1CCC(C(=O)Nc2ccc(Cl)cc2C(=O)Nc2ccc(Cl)cn2)CC1,False,,8.236572006437063,,
CC(C)N1CCC(C(=O)Nc2ccccc2CNC(=O)c2ccc(Cl)s2)CC1,False,,6.690369832574102,,
CC(C)N1CCC(NC(=O)c2cc3ccccc3n2CC(=O)Nc2ccc(Br)cc2)CC1,False,,8.629906381376623,,
CC(C)N1CCC(NC(=O)c2cc3ccccc3n2CC(=O)Nc2ccc(Cl)cc2)CC1,False,,,7.698970004336019,
CC(C)N1CCC(NC(=O)c2cc3ccccc3n2CC(=O)Nc2ccc(Cl)cn2)CC1,False,,,7.698970004336019,
CC(C)N1CCC(NC(=O)c2cc3ccccc3n2Cc2cc(-c3ccc(Cl)s3)on2)CC1,False,,,6.376750709602099,
CC(C)N1CCC(NC(=O)c2cc3ccccc3n2Cc2cc3ccc(Cl)cc3s2)CC1,False,,,6.050609993355087,
CC(C)N1CCC(NC(=O)c2ccccc2CNC(=O)c2ccc(Cl)s2)CC1,False,,5.714442690992226,,
CC(C)N1CCC(NC(=O)c2nn(Cc3cc(-c4ccc(Cl)s4)on3)c3ccc(C(=O)NC#N)cc23)CC1,False,,8.137209847356944,,
CC(C)N1CCCN(c2ccc(C(=O)n3nc(-c4ccccn4)nc3N)c3ccccc23)CC1,False,,4.6020599913279625,5.154901959985743,
CC(C)N1CCN(c2ccc(C(=O)n3nc(-c4ccc(Cl)cn4)nc3N)cc2)CC1,False,7.0915149811213505,,,
CC(C)N1CCN(c2ccc(C(=O)n3nc(-c4ccc(F)cn4)nc3N)cc2)CC1,False,7.102372908709558,,,
CC(C)N1CCN(c2ccc(C(=O)n3nc(-c4ccccn4)nc3N)c3c2OCCO3)CC1,False,7.292429823902063,,,
CC(C)N1CCN(c2ccc(C(=O)n3nc(-c4ccccn4)nc3N)c3ccccc23)CC1,False,7.431798275933005,4.6020599913279625,4.698970004336019,
CC(C)N1CCN(c2ccc(C(=O)n3nc(-c4ccccn4)nc3N)cc2)CC1,False,7.142667503568731,,,
CC(C)N1CC[C@@H](NC(=O)c2cc3ccccc3n2Cc2cc(-c3ccc(Cl)s3)on2)C1,False,,,6.2076083105017466,
CC(C)N1CCc2c(N)nn(C(=O)C3CCNc4ccc(F)cc43)c2C1,False,4.221848749616356,,,
CC(C)N1CCc2c(nn(C(=O)C3CCNc4ccc(F)cc43)c2N)C1,False,7.3979400086720375,,4.154901959985743,
CC(C)N1CCc2nc(C(=O)N3CCN(S(=O)(=O)c4ccc5cc(Cl)ccc5c4)CC3C(N)=O)sc2C1,False,,7.096910013008056,,
CC(C)N1CCc2nc(C(=O)Nc3c(CCC(=O)Nc4ccc(Cl)cc4)cccc3C(=O)O)sc2C1,False,,8.823908740944319,,
CC(C)N1CCc2nc(C(=O)Nc3c(CNC(=O)c4ccc(Cl)s4)cccc3C(=O)O)sc2C1,False,,8.537602002101044,,
CC(C)N1CCc2nc(C(=O)Nc3cc(C(=O)O)cc(C(F)(F)F)c3CCC(=O)Nc3ccc(Cl)cc3)sc2C1,False,,9.318758762624412,,
CC(C)N1CCc2nc(C(=O)Nc3cc(C(=O)O)cc(Cl)c3CCC(=O)Nc3ccc(Cl)cc3)sc2C1,False,,9.42021640338319,,
CC(C)N1CCc2nc(C(=O)Nc3cc(C(=O)O)cc(F)c3CCC(=O)Nc3ccc(Cl)cc3)sc2C1,False,,9.096910013008056,,
CC(C)N1CCc2nc(C(=O)Nc3cc(C(=O)O)ccc3CCC(=O)Nc3ccc(Br)cc3)sc2C1,False,,8.920818753952375,,
CC(C)N1CCc2nc(C(=O)Nc3cc(C(=O)O)ccc3CCC(=O)Nc3ccc(Cl)cc3)sc2C1,False,,8.886056647693163,,
CC(C)N1CCc2nc(C(=O)Nc3cc(C(=O)O)ccc3CCC(=O)Nc3ccc(Cl)cn3)sc2C1,False,,8.638272163982407,,
CC(C)N1CCc2nc(C(=O)Nc3cc(C(=O)O)ccc3CCC(=O)Nc3ccc(F)cc3)sc2C1,False,,8.0,,
CC(C)N1CCc2nc(C(=O)Nc3cc(C(=O)O)ccc3CNC(=O)c3ccc(Cl)s3)sc2C1,False,,9.031517051446064,,
CC(C)NC(=O)C1CN(S(=O)(=O)c2ccc3cc(Cl)ccc3c2)CCN1C(=O)c1nc2c(s1)CN(C)CC2,False,,7.346787486224656,6.086186147616283,
CC(C)NC(=O)CCCc1cn(C)c2ccccc12,False,4.301029995663981,,,
CC(C)NC(=O)CSc1nc(-c2ccccc2)cs1,False,,,4.301029995663981,
CC(C)NC(=O)[C@H]1CC[C@H](NC(=O)c2cc3cc(Cl)ccc3[nH]2)[C@H](NC(=O)c2nc3c(s2)CN(C)CC3)C1,False,,8.468521082957745,,
CC(C)NC(=O)c1ccc(C(C)C)cc1,False,,,4.301029995663981,
CC(C)NC(=O)c1ccccc1-c1ccccc1,False,4.301029995663981,,,
CC(C)NC1=CC(=O)C(c2ccccc2)=C(CC(=O)NCc2ccc(C(=N)N)cc2)C1=O,False,,4.522878745280337,4.522878745280337,
CC(C)NCC(=O)N=S(C)(=O)c1ccc(C(=O)Nc2ccc(Cl)cc2C(=O)Nc2ccc(Cl)cn2)cc1,False,,8.397940008672037,,
CC(C)NCCCC[C@@H](NC(C)C)C(=O)N1CCN(C2=N[C@@H](C)[C@H](c3ccccc3)O2)C[C@H]1C(=O)NCc1cccc(Cl)c1,False,8.167491087293763,,,
CC(C)N[C@@H](C(=O)N1CCN(C2=N[C@@H](C)[C@H](c3ccccc3)O2)C[C@H]1C(=O)NCc1cccs1)[C@H]1CC[C@H](NC(C)C)CC1,False,8.2518119729938,,,
CC(C)N[C@H](CC1CCN(C(C)C)CC1)C(=O)N1CCN(C2=N[C@@H](C)[C@H](c3ccccc3)O2)C[C@H]1C(=O)NCc1cccs1,False,8.0,,,
CC(C)N[C@H](CCCCN1CCCCC1)C(=O)N1CCN(C2=NC(C)(C)C(c3ccccc3)O2)C[C@H]1C(=O)NCc1cc2cnccc2s1,False,7.562249437179612,,,
CC(C)N[C@H](CCCCN1CCCCC1)C(=O)N1CCN(C2=NC(C)(C)C(c3ccccc3)O2)C[C@H]1C(=O)NCc1cccc(Cl)c1,False,7.860120913598763,,,
CC(C)N[C@H](CCCCN1CCCCC1)C(=O)N1CCN(C2=NC(C)[C@H](c3cccc(C#N)c3)O2)C[C@H]1C(=O)NCc1cccs1,False,7.903089986991944,,,
CC(C)N[C@H](CCCCN1CCCCC1)C(=O)N1CCN(C2=N[C@@H](C)[C@H](c3cccc(Br)c3)O2)C[C@H]1C(=O)NCc1cccc(Cl)c1,False,8.086186147616283,,,
CC(C)N[C@H](CCCCN1CCCCC1)C(=O)N1CCN(C2=N[C@@H](C)[C@H](c3ccccc3)O2)C[C@H]1C(=O)NCc1cc(CN)cs1,False,8.337242168318426,,,
CC(C)N[C@H](CCCCN1CCCCC1)C(=O)N1CCN(C2=N[C@@H](C)[C@H](c3ccccc3)O2)C[C@H]1C(=O)NCc1cc(F)c(CN)c(F)c1,False,7.35261702988538,,,
CC(C)N[C@H](CCCCN1CCCCC1)C(=O)N1CCN(C2=N[C@@H](C)[C@H](c3ccccc3)O2)C[C@H]1C(=O)NCc1cc2cnccc2s1,False,8.4089353929735,,,
CC(C)N[C@H](CCCCN1CCCCC1)C(=O)N1CCN(C2=N[C@@H](C)[C@H](c3ccccc3)O2)C[C@H]1C(=O)NCc1ccc(CN)c(Cl)c1,False,8.769551078621726,,,
CC(C)N[C@H](CCCCN1CCCCC1)C(=O)N1CCN(C2=N[C@@H](C)[C@H](c3ccccc3)O2)C[C@H]1C(=O)NCc1ccc(CN)cc1,False,7.326979092871103,,,
CC(C)N[C@H](CCCCN1CCCCC1)C(=O)N1CCN(C2=N[C@@H](C)[C@H](c3ccccc3)O2)C[C@H]1C(=O)NCc1ccc2[nH]cc(Cl)c2c1,False,9.301029995663981,,,
CC(C)N[C@H](CCCCN1CCCCC1)C(=O)N1CCN(C2=N[C@@H](C)[C@H](c3ccccc3)O2)C[C@H]1C(=O)NCc1cccc(Cl)c1,False,8.18045606445813,,,
CC(C)N[C@H](CCCCN1CCCCC1)C(=O)N1CCN(C2=N[C@@H](C)[C@H](c3ccccc3)O2)C[C@H]1C(=O)NCc1cccs1,False,8.42021640338319,,,
CC(C)Nc1ccc(-c2cc(N)cc(C(=O)O)c2)n(CC(=O)NCc2ccc(C(=N)N)cc2)c1=O,False,,4.522878745280337,4.522878745280337,
CC(C)Nc1ccc(-c2cc(N)cc(N)c2)n(CC(=O)NCc2ccc(C(=N)N)cc2)c1=O,False,,4.522878745280337,4.522878745280337,
CC(C)Nc1ccc(-c2cccc(N)c2)c(CC(=O)NCc2ccc(C(=N)N)cc2)c1F,False,,4.522878745280337,6.022276394711152,
CC(C)Nc1ccc(-c2ccccc2)c(CC(=O)NCc2ccc(C(=N)N)cc2)c1O,False,,4.522878745280337,4.522878745280337,
CC(C)Nc1nc(C#N)nc(NC(C)C)n1,False,,,4.638057335767959,
CC(C)Nc1nc(Cl)c(-c2cc(N)cc(C(=O)O)c2)n(CC(=O)NCc2ccc(C(=N)N)cc2)c1=O,False,,4.0,4.0,
CC(C)Nc1nc(Cl)c(-c2cccc(C(=O)O)c2)n(CC(=O)NCc2ccc(C(=N)N)cc2)c1=O,False,,,5.552841968657781,
CC(C)Nc1nc(Cl)c(-c2cccc(N)c2)n(CC(=O)NCc2ccc(C(=N)N)cc2)c1=O,False,,,5.156144577376839,
CC(C)Nc1nc(Cl)c(-c2ccccc2)n(CC(=O)NCc2ccc(C(=N)N)cc2)c1=O,False,,,5.3979400086720375,
CC(C)OC(=O)NN1CCO[C@H](CC(=O)NCc2ccc(C(=N)N)cc2)C1=O,False,,,4.09366495819491,
CC(C)OC(=O)c1cccc(NC(=O)CSc2nnc(N)s2)c1,False,4.301029995663981,,,
CC(C)OC(=O)c1ccccc1CS(=O)(=O)N[C@H]1CCCCN(CC(=O)N[C@H]2CCCN(C(=N)N)C2O)C1=O.O=C(O)C(F)(F)F,False,,6.432973633840939,,
CC(C)OC(=O)c1nn(C(=O)c2ccccc2)c2ccccc12,False,,,5.107905397309519,
CC(C)OCCCn1c(=S)[nH]c2cc3c(cc2c1=O)OCO3,False,,,4.301029995663981,
CC(C)Oc1cc(C(=O)O)cc(NC(=O)c2nc3c(s2)CN(C(C)C)CC3)c1CCC(=O)Nc1ccc(Cl)cc1,False,,8.795880017344075,,
CC(C)Oc1cc(Cl)cc(C(=O)Nc2ccc(Cl)cn2)c1NC(=O)c1ccc(C(=N)N(C)C)cc1,False,,9.301029995663981,,
CC(C)Oc1ccc(CNC(=S)N/N=C/c2ccc([N+](=O)[O-])cc2)cc1,False,4.301029995663981,,,
CC(C)Oc1ccc(N2CC(C(=O)NC3=NCCS3)CC2=O)cc1,False,,,4.301029995663981,
CC(C)S(=O)(=O)N1CCC([C@@H](NC2CCCCC2)C(=O)N2CCN(C(=O)Oc3ccccc3Cl)C[C@H]2C(=O)NCc2cccs2)CC1,False,8.585026652029182,,,
CC(C)S(=O)(=O)N1CCN(c2ccc(C(=O)n3nc(-c4ccccn4)nc3N)c3ccccc23)CC1,False,7.022276394711152,,,
CC(C)S(=O)(=O)N1CCc2c(N)nn(C(=O)C3CCNc4ccc(F)cc43)c2C1,False,5.154901959985743,,,
CC(C)S(=O)(=O)N1CCc2c(N)nn(C(=O)C3CCNc4ccccc43)c2C1,False,4.552841968657781,,4.187086643357144,
CC(C)S(=O)(=O)N1CCc2c(nn(C(=O)C3CCNc4ccc(F)cc43)c2N)C1,False,7.096910013008056,,4.259637310505756,
CC(C)S(=O)(=O)N1CCc2c(nn(C(=O)C3CCNc4ccccc43)c2N)C1,False,6.698970004336019,,4.154901959985743,
CC(C)[C@@H](Cl)[C@@H](NC(=O)[C@H](O)Cc1ccccc1)C(=O)N1[C@H](C(=O)NCc2ccc(C(=N)N)cc2)C[C@@H]2CCCC[C@@H]21,False,,,8.795880017344075,
CC(C)[C@@H](NC(=O)[C@H](N)Cc1ccccc1)C(=O)N[C@@H](CCCN=C(N)N)C(=O)c1nccs1,False,,,8.065501548756432,
CC(C)[C@@H](NC(=O)c1ccc(Cl)s1)C(=O)Nc1ccc(N2CCOCC2=O)cc1,False,,4.180456064458132,5.0,
CC(C)[C@@H](NC(=O)c1cccc(C(=N)N)c1)C(=O)Nc1ccc(-c2ccccc2S(N)(=O)=O)cc1,False,,7.458420756053419,5.0,
CC(C)[C@@H](NC1CCCCC1)C(=O)N1CCC[C@H]1C(=O)NCc1ccc2c(N)nccc2c1,False,,,8.154901959985743,
CC(C)[C@@H](NCC(=O)O)C(=O)NC1(C(=O)NCc2ccc(C(=N)N)cc2)Cc2cc3ccccc3cc2C1,False,,,3.5228787452803374,
CC(C)[C@@H](NCC(=O)O)C(=O)NC1(C(=O)NCc2ccc(C(=N)N)cc2)Cc2ccc3ccccc3c2C1,False,,,6.113509274827518,
CC(C)[C@@H](NCC(=O)O)C(=O)NC1(C(=O)NCc2ccc(C(=N)N)cc2)Cc2cccc3cccc(c23)C1,False,,,3.5228787452803374,
CC(C)[C@@H](NCC(=O)O)C(=O)NC1(C(=O)NCc2ccc(C(=N)N)cc2)Cc2ccccc2-c2ccccc2C1,False,,,3.5228787452803374,
CC(C)[C@@H](NCC(=O)O)C(=O)NC1(C(=O)NCc2ccc(C(=N)N)cc2)Cc2ccccc2C1,False,,,3.5228787452803374,
CC(C)[C@@H](NCC(=O)O)C(=O)NC1(C(=O)NCc2ccc(C(=N)N)cc2)Cc2cccnc2C1,False,,,3.5228787452803374,
CC(C)[C@@H](NCC(=O)O)C(=O)NC1(C(=O)NCc2ccc(C(=N)N)cc2)Cc2ccncc2C1,False,,,4.0,
CC(C)[C@@H](NCC(=O)O)C(=O)N[C@@H](Cc1ccccc1)C(=O)NCc1ccc(C(=N)N)cc1,False,,,4.87484417041947,
CC(C)[C@@H](NCC(=O)O)C(=O)N[C@H](C(=O)NCc1ccc(C(=N)N)cc1)C1Cc2ccccc2C1,False,,,4.481486060122112,
CC(C)[C@@H]1NC(=O)[C@H](NC(=O)N[C@@H](CCCCN)C(=O)O)CCCCNC(=O)[C@H](Cc2ccccc2)NC(=O)[C@H](C)N(C)C(=O)[C@H](CCc2ccc(O)cc2)NC1=O,False,,4.0,5.221848749616356,
CC(C)[C@@H]1NC(=O)[C@H](NC(=O)N[C@@H](CCCNC(=N)N)C(=O)O)CCCCNC(=O)[C@H](Cc2ccccc2)NC(=O)[C@H](C)N(C)C(=O)[C@H](CCc2ccc(O)cc2)NC1=O,False,,4.0,5.795880017344075,
CC(C)[C@H](Cl)[C@@H](NC(=O)[C@H](O)Cc1ccccc1)C(=O)N1[C@H](C(=O)NCCCCNC(=N)N)C[C@@H]2CC[C@@H](O)C[C@@H]21,False,,,6.508638306165727,
CC(C)[C@H](Cl)[C@@H](NC(=O)[C@H](O)Cc1ccccc1)C(=O)N1[C@H](C(=O)NCc2ccc(C(=N)N)cc2)C[C@@H]2CCCC[C@@H]21,False,,,8.795880017344075,
CC(C)[C@H](NC(=O)OCc1ccccc1)C(=O)NC(CC(=O)O)C(=O)CF,False,,4.0,4.0,
CC(C)[C@H](NC(=O)[C@@H](NC(=O)N[C@@H](C)c1ccc(Br)cc1)C1CCCCC1)C(=O)N[C@@H](CCCNC(=N)N)C(=O)c1nccs1,False,,4.826813731587726,5.251811972993799,
CC(C)[C@H](NC(=O)[C@@H](NC(=O)N[C@H](C)c1ccc(Br)cc1)C1CCCCC1)C(=O)N[C@@H](CCCNC(=N)N)C(=O)c1nccs1,False,,5.568636235841013,6.010550182333308,
CC(C)[C@H](NC(=O)[C@@H]1CCCN1C(=O)CCCc1ccccc1)C(=O)c1nccs1,False,,,3.0,
CC(C)[C@H](NC(=O)[C@H](CC(N)=O)NC(=O)N[C@H](C)c1ccc(Br)cc1)C(=O)N[C@@H](CCCNC(=N)N)C(=O)c1nccs1,False,,5.795880017344075,6.3979400086720375,
CC(C)[C@H](NC(=O)[C@H](CC1CCCCC1)NC(=O)N[C@H](C)c1ccc(Br)cc1)C(=O)N[C@@H](CCCNC(=N)N)C(=O)c1nccs1,False,,5.568636235841013,6.008773924307505,
CC(C)[C@H](NC(=O)[C@H](CCCN=C(N)N)NC(=O)NC(Cc1ccccc1)C(=O)O)C(=O)NC(C=O)CCCN=C(N)N,False,5.231651278177231,,,
CC(C)[C@H](NC(=O)[C@H](CCCNC(=N)N)NC(=O)N[C@H](C)c1ccc(Br)cc1)C(=O)N[C@@H](CCCNC(=N)N)C(=O)c1nccs1,False,,6.6020599913279625,6.356547323513812,
CC(C)[C@H](NC(=O)[C@H](CCCNC(N)=O)NC(=O)N[C@H](C)c1ccc(Br)cc1)C(=O)N[C@@H](CCCNC(=N)N)C(=O)c1nccs1,False,,5.721246399047171,5.958607314841775,
CC(C)[C@H](NC(=O)[C@H](Cc1c[nH]c2ccccc12)NC(=O)N[C@H](C)c1ccc(Br)cc1)C(=O)N[C@@H](CCCNC(=N)N)C(=O)c1nccs1,False,,5.6777807052660805,6.1487416512809245,
CC(C)[C@H](NC(=O)[C@H](Cc1ccc(O)cc1)NC(=O)N[C@H](C)c1ccc(Br)cc1)C(=O)N[C@@H](CCCNC(=N)N)C(=O)c1nccs1,False,,5.795880017344075,5.69466991845506,
CC(C)[C@H](NC(=O)[C@H](Cc1ccccc1)NC(=O)NCc1ccc(Cl)c(Cl)c1)C(=O)N[C@@H](CCCNC(=N)N)C(=O)c1nccs1,False,,4.853871964321762,5.173925197299173,
CC(C)[C@H](NC(=O)[C@H](Cc1ccccc1)NNC(=O)NCc1ccc(Cl)c(Cl)c1)C(=O)N[C@@H](CCCNC(=N)N)C(=O)c1nccs1,False,,4.847711655616943,5.173925197299173,
CC(C)[C@H](NC(=O)[C@H](Cc1ccccc1)NNC(=O)NCc1ccc(F)cc1)C(=O)N[C@@H](CCCNC(=N)N)C(=O)c1nccs1,False,,,5.366531544420414,
CC(C)[C@H](NC(=O)[C@H](Cc1ccccc1)NNC(=O)Nc1ccccc1)C(=O)N[C@@H](CCCNC(=N)N)C(=O)c1nccs1,False,,4.698970004336019,6.029188389127482,
CC(C)[C@H](NC(=O)[C@H](Cc1cccnc1)NC(=O)N[C@@H](C)c1ccc(F)cc1)C(=O)N[C@@H](CCCNC(=N)N)C(=O)c1nccs1,False,,,6.217527375833714,
CC(C)[C@H](NC(=O)[C@H](Cc1cccnc1)NC(=O)N[C@H](C)c1ccc(Br)cc1)C(=O)N[C@@H](CCCNC(=N)N)C(=O)c1nccs1,False,,5.853871964321762,5.853871964321762,
CC(C)[C@H](NC(=O)[C@H](Cc1cccnc1)NC(=O)N[C@H](C)c1ccc(F)cc1)C(=O)N[C@@H](CCCNC(=N)N)C(=O)c1nccs1,False,,,6.281498311132726,
CC(C)[C@H](NC(=O)c1cccc(C(=N)N)c1)C(=O)Nc1ccc(-c2ccccc2S(N)(=O)=O)cc1,False,,6.170053304058364,5.0,
CC(C)[C@H]1C(=O)N(CCCc2ccccc2)CC(=O)N1CC(=O)N[C@@H](CC1CCCN(C(=N)N)C1)C(=O)c1nccs1,False,,,5.7447274948966935,
CC(C)c1cc(-c2ccc3c(c2)[C@H](N)CO3)cc(C(O)CN2CCc3cccc(C(=O)O)c32)c1,False,,5.767003889607846,5.211831628858833,
CC(C)c1cc(-c2ccc3c(c2)[C@H](N)CO3)cc(C(O)Cn2ccc3cccc(C(=O)O)c32)c1,False,,4.950781977329818,5.142064735280571,
CC(C)c1cc(-c2ccc3c(c2)[C@H](N)CO3)cc([C@@H]2CNc3cccc(CC(=O)O)c3O2)c1,False,,6.657577319177793,7.522878745280337,
CC(C)c1cc(-c2ccc3c(c2)[C@H](N)CO3)cc([C@H](O)Cn2ccc3cccc(C(=O)O)c32)c1,False,,5.978810700930062,5.590066876668706,
CC(C)c1cc(C(C)C)c(S(=O)(=O)NC(Cc2ccc(NC(=N)N)cc2)P(=O)(Oc2ccccc2)Oc2ccccc2)c(C(C)C)c1,False,,4.698970004336019,,
CC(C)c1cc(CCN2CCc3cccc(C(=O)O)c32)cc(-c2ccc3c(c2)[C@H](N)CO3)c1,False,,5.73754891026957,5.511449283499556,
CC(C)c1cc(CCOc2c(Cl)cccc2C(=O)O)cc(-c2ccc3c(c2)[C@H](N)CO3)c1,False,,4.954677021213342,5.206209615309182,
CC(C)c1cc(CCOc2ccccc2C(=O)O)cc(-c2ccc3c(c2)[C@H](N)CO3)c1,False,,6.619788758288394,7.301029995663981,
CC(C)c1cc(COc2ccccc2CC(=O)O)cc(-c2ccc3c(c2)[C@H](N)CO3)c1,False,,6.301029995663981,7.045757490560675,
CC(C)c1ccc(-c2c(C#N)c(N)nc(SCC(=O)N3CCCCCC3)c2C#N)cc1,False,,,4.301029995663981,
CC(C)c1ccc(-c2noc(C3CCCN(C(=O)c4ccc(F)cc4F)C3)n2)cc1,False,,,4.301029995663981,
CC(C)c1ccc(CCCN2CC(=O)N(CC(=O)N[C@@H](CC3CCCN(C(=N)N)C3)C(=O)c3nccs3)[C@H](Cc3ccccc3)C2=O)cc1,False,,,6.431798275933005,
CC(C)c1ccc(N(CC(=O)N/N=C/c2ccc(OC3CSC3)cc2)S(=O)(=O)c2ccccc2)cc1,False,,,4.301029995663981,
CC(C)c1ccc(NC(=O)COc2ccccn2)cc1,False,,,4.301029995663981,
CC(C)c1ccc(NC(=O)N2CCC[C@H]2C(=O)N2CC[C@H]3[C@H]2[C@H](C)C(=O)N3C(=O)[C@@H]2[C@H](C)[C@@H]2C)cc1,False,,,3.6989700043360187,
CC(C)c1ccc(NC(=O)N2CCC[C@H]2C(=O)N2CC[C@H]3[C@H]2[C@H](C)C(=O)N3c2nc3ccccc3s2)cc1,False,,,3.6989700043360187,
CC(C)c1ccc(NC(=O)c2ccc(Br)o2)cc1,False,4.301029995663981,,,
CC(C)c1ccc(NC(S)=Nc2ccc3c[nH]nc3c2)cc1,False,,,5.604229927008526,
CC(C)c1ccc(O)c(NC(=S)NC(=O)c2cccnc2)c1,False,4.301029995663981,,,
CC(C)c1ccc2c(c1)C(C(=O)n1nc(N)c3c1CN(S(C)(=O)=O)CC3)CCN2,False,4.096910013008056,,,
CC(C)c1ccc2c(c1)C(C(=O)n1nc3c(c1N)CCN(S(C)(=O)=O)C3)CCN2,False,5.657577319177793,,4.346787486224656,
CC(C)c1cccc(-c2ccc(Oc3nc(Oc4cccc(C(=N)N)c4)c(F)c(N(C(C)C)C(C)C)c3F)c(C(=O)O)c2)c1.O=C(O)C(F)(F)F,False,,,4.7447274948966935,
CC(C)c1nnc(NC(=O)c2cnccn2)s1,False,,,4.301029995663981,
CC(C)n1c(CNc2ccc(C(=N)N)cc2)nc2cc(C(=O)N(CCC(=O)O)c3ccc(F)c(Cl)c3)ccc21,False,,,7.730020323354676,
CC(C)n1c(CNc2ccc(C(=N)N)cc2F)nc2cc(C(=O)N(CCC(=O)O)c3ccc(F)c(Cl)c3)ccc21,False,,,7.7599502278873524,
CC(C1CC2CCC1C2)N1CC(=O)C(c2nc3ccccc3[nH]2)=C1N,False,4.301029995663981,,,
CC(CCc1ccccc1)Nc1c(F)c(Oc2cccc(C(=N)N)c2)nc(Oc2ccc(-c3ccccc3)cc2C(=O)O)c1F.O=C(O)C(F)(F)F,False,,4.769551078621726,,
CC(CCc1ccccc1)Nc1c(F)c(Oc2cccc(C(=N)N)c2)nc(Oc2ccc(C(=O)NC(C)(C)CO)cc2C(=O)O)c1F.O=C(O)C(F)(F)F,False,,4.229147988357856,,
CC(CCc1ccccc1)Nc1c(F)c(Oc2cccc(C(=N)N)c2)nc(Oc2ccc(C(=O)NC(C)C(C)(C)C)cc2C(=O)O)c1F.O=C(O)C(F)(F)F,False,,5.366531544420414,,
CC(CCc1ccccc1)Nc1c(F)c(Oc2cccc(C(=N)N)c2)nc(Oc2ccc(C(=O)NC(CO)CO)cc2C(=O)O)c1F.O=C(O)C(F)(F)F,False,,4.886056647693163,,
CC(CCc1ccccc1)Nc1c(F)c(Oc2cccc(C(=N)N)c2)nc(Oc2ccc(C(=O)NCCCCO)cc2C(=O)O)c1F.O=C(O)C(F)(F)F,False,,4.698970004336019,,
CC(CCc1ccccc1)Nc1c(F)c(Oc2cccc(C(=N)N)c2)nc(Oc2ccc(C(=O)NCc3cccc(O)c3)cc2C(=O)O)c1F.O=C(O)C(F)(F)F,False,,5.3872161432802645,,
CC(CCc1ccccc1)Nc1c(F)c(Oc2cccc(C(=N)N)c2)nc(Oc2ccc(C(C)(C)C)cc2C(=O)O)c1F.O=C(O)C(F)(F)F,False,,5.481486060122113,,
CC(CCc1ccccc1)Nc1c(F)c(Oc2cccc(C(=N)N)c2)nc(Oc2ccc(C(C)C)cc2C(=O)O)c1F.O=C(O)C(F)(F)F,False,,5.318758762624412,,
CC(CCc1ccccc1)Nc1c(F)c(Oc2cccc(C(=N)N)c2)nc(Oc2ccc(N(C)C)cc2C(=O)O)c1F.O=C(O)C(F)(F)F,False,,5.25713928675921,,
CC(CCc1ccccc1)Nc1c(F)c(Oc2cccc(C(=N)N)c2)nc(Oc2ccc(N)cc2C(=O)O)c1F.O=C(O)C(F)(F)F,False,,4.958607314841775,,
CC(CCc1ccccc1)Nc1c(F)c(Oc2cccc(C(=N)N)c2)nc(Oc2ccc(O)cc2C(=O)O)c1F.O=C(O)C(F)(F)F,False,,4.958607314841775,,
CC(CCc1ccccc1)Nc1c(F)c(Oc2cccc(C(=N)N)c2)nc(Oc2ccc(OC(C)C)cc2C(=O)O)c1F.O=C(O)C(F)(F)F,False,,4.920818753952375,,
CC(CCc1ccccc1)Nc1c(F)c(Oc2cccc(C(=N)N)c2)nc(Oc2ccccc2C(=O)O)c1F,False,,4.259637310505756,,
CC(CF)N1CCc2nc(C(=O)Nc3cc(C(=O)O)ccc3CNC(=O)c3ccc(Cl)s3)sc2C1,False,,8.537602002101044,,
CC(CN1C(C)CCCC1C)OC(=O)c1ccc(Cl)cc1Cl,False,4.301029995663981,,,
CC(CO)(CO)NCc1ccc(-c2ccccc2)cc1.Cl,False,,,4.301029995663981,
CC(COc1ccc2ccnc(N)c2c1)N1Cc2cc(-c3ccccc3S(N)(=O)=O)ccc2C1=O,False,,7.6020599913279625,,
CC(COc1cccc(C(=N)N)c1)NC(=O)c1ccc(-c2ccccc2S(N)(=O)=O)cc1,False,,7.795880017344075,,
CC(F)(F)c1nn2cc(-c3cc4c(OCc5csc(-c6ccccc6)n5)nccc4o3)nc2s1,False,,,5.522878745280337,
CC(N)C(=O)NC1CSCc2cc3cc(c2)CSCC(C(=O)NC(C)C(N)=O)NC(=O)C(CCCNC(=N)N)NC(=O)C(C(C)C)NC(=O)C(CC(N)=O)NC(=O)C(CSC3)NC(=O)C(C)NC(=O)C(CCCCN)NC(=O)C(Cc2ccccc2)NC1=O,False,,,4.301029995663981,
CC(NC(=O)CN(C1CCCCC1)S(C)(=O)=O)c1ccccc1,False,,,4.301029995663981,
CC(NC(=O)Nc1nnc(C(F)(F)F)s1)(C(F)(F)F)C(F)(F)F,False,4.301029995663981,,,
CC(Nc1nc(O)c2c(ncn2Cc2ccccc2)n1)C(=O)O,False,,,4.301029995663981,
CC(O)C(=O)N/N=C/c1cccc2ccccc12,False,,,4.311280369127578,
CC(O)CC(c1ccccc1)c1c(O)c2ccccc2oc1=O,True,,,,4.903089986991944
CC(O)Cc1cn2c(N3CCN(C(=O)CCS(=O)(=O)c4ccc5cc(Cl)ccc5c4)CC3)cccc2n1,False,,7.7447274948966935,,
CC(O)[C@@H](C(=O)N[C@H](C)c1ccccc1)N(C)C(=O)[C@H](Cc1ccc([N+](=O)[O-])cc1)NC(=O)CCCN=C(N)N,False,,8.337242168318426,11.096910013008056,
CC(O)[C@@H](NS(=O)(=O)c1ccc2ccccc2c1)C(=O)N1CCC[C@H]1CNC(=O)[C@H]1CCCN(C(=N)N)C1,False,,,6.301029995663981,
CC(O)[C@H](NC(=O)[C@H](Cc1ccc([N+](=O)[O-])cc1)NC(=O)CCCN=C(N)N)C(=O)N[C@@H](C)Cc1ccccc1,False,,,6.585026652029182,
CC(O)[C@H](NC(=O)[C@H](Cc1ccc([N+](=O)[O-])cc1)NC(=O)CCCN=C(N)N)C(=O)N[C@@H](C)c1ccccc1,False,,,6.508638306165727,
CC(O)[C@H](NC(=O)[C@H](Cc1ccc([N+](=O)[O-])cc1)NC(=O)CCCN=C(N)N)C(=O)N[C@H](C(=O)O)C1CCCCC1,False,,,7.259637310505756,
CC(O)[C@H](NC(=O)[C@H](Cc1ccc([N+](=O)[O-])cc1)NC(=O)CCCN=C(N)N)C(=O)N[C@H](C)Cc1ccccc1,False,,,7.366531544420414,
CC(O)[C@H](NC(=O)[C@H](Cc1ccc([N+](=O)[O-])cc1)NC(=O)CCCN=C(N)N)C(=O)N[C@H](C)c1ccccc1,False,,,7.142667503568731,
CC(O)[C@H](NC(=O)[C@H](Cc1ccc([N+](=O)[O-])cc1)NC(=O)CCCN=C(N)N)C(=O)N[C@H](CO)C1CCCCC1,False,,,7.721246399047171,
CC(O)[C@H](NC(=O)[C@H](Cc1ccc([N+](=O)[O-])cc1)NC(=O)CCCN=C(N)N)C(=O)N[C@H](CO)c1ccccc1,False,,,7.721246399047171,
CC(O)[C@H](NC(=O)[C@H](Cc1ccc([N+](=O)[O-])cc1)NC(=O)CCCN=C(N)N)C(N)=O,False,,,3.638272163982407,
CC(O)[C@H](NS(=O)(=O)c1ccc2ccccc2c1)C(=O)N1CCC[C@H]1C(=O)NCCCCN=C(N)N,False,,,5.522878745280337,
CC(O)[C@H](NS(=O)(=O)c1ccc2ccccc2c1)C(=O)N1CCC[C@H]1CNC(=O)[C@H]1CCCN(C(=N)N)C1,False,,,6.187086643357144,
CC(O)c1cn2c(N3CCN(C(=O)CCS(=O)(=O)c4ccc5cc(Cl)ccc5c4)CC3)cccc2n1,False,,7.698970004336019,,
CC(Oc1ccc(NC(=O)c2cc3cc(Cl)ccc3[nH]2)c(NC(=O)c2nc3c(s2)CN(C)CC3)c1)C(=O)O,False,,8.455931955649724,,
CC(Sc1nnc(-c2cc3ccccc3o2)n1-c1ccccc1)C(=O)O,False,,,4.301029995663981,
CC(Sc1nncn1C)C(=O)NCc1ccc2c(c1)OCO2,False,,,4.301029995663981,
CC(c1cccc(C(=N)N)c1)C1CC(=O)N(c2ccc(-c3ccccc3S(N)(=O)=O)cc2)C1=O,False,,6.920818753952375,,
CC(c1ccccc1)c1c(O)c2ccccc2oc1=O,True,,,,5.814174640387038
CC/C(=C/C(=O)Nc1ccc(-c2ccccc2S(N)(=O)=O)cc1)c1cccc(C(=N)N)c1,False,,8.154901959985743,,
CC/C(=N\NC(=S)NC(C)C)c1ccc(OC(F)F)cc1,False,4.301029995663981,,,
CC1(C(=O)n2nc(-c3ccccn3)cc2NCc2ccc(Cl)s2)CCCCC1,False,,,6.752026733638194,
CC1(C(=O)n2nc(-c3ccccn3)cc2NCc2ccc(Cl)s2)CCOCC1,False,,,8.522878745280337,
CC1(C)C2CC=C(/C=N/n3cnnc3)C1C2,False,4.301029995663981,,,
CC1(C)CC(=O)C(=NNc2ccc(Br)cc2)C(=O)C1,False,4.301029995663981,,,
CC1(C)CC(=O)C=C(NNC(=O)c2ccccc2O)C1,False,4.301029995663981,,,
CC1(C)CC(=O)C=C(OC(=O)c2ccc(Cl)cc2)C1,False,4.808439726987309,,,
CC1(C)CC(C(=O)n2nc3c(c2N)CCN(S(C)(=O)=O)C3)c2ccccc2N1,False,6.823908740944319,,4.346787486224656,
CC1(C)CC(NCc2cccnc2)CC(C)(C)N1,False,4.301029995663981,,,
CC1(C)CN(c2ccccc2)N(C(=O)c2ccc(F)cc2)C1=O,False,,,6.077160405529373,
CC1(C)COc2c(COc3ccccc3CC(=O)O)cc(-c3ccc4c(c3)[C@H](N)CCO4)cc21,False,,5.366531544420414,6.0655015487564325,
CC1(C)COc2c(COc3ccccc3CC(=O)O)cc(-c3ccc4c(c3)[C@H](N)CO4)cc21,False,,6.075720713938118,6.886056647693163,
CC1(C)C[C@@H](C(=O)NCc2ccc(C(=N)N)nc2)N(C(=O)[C@@H](CC2CCCCC2)NCC(=O)O)C1,False,,,7.354577730650908,
CC1(C)N=C(N2CCN(C(=O)[C@@H](CC3CCCCC3)NC3CCCCC3)[C@H](C(=O)NCc3cccs3)C2)OC1c1ccccc1,False,7.677879207078136,,,
CC1(C)N=C(N2CCN(C(=O)[C@H](N)CCCCN3CCCCC3)[C@H](C(=O)NCc3cc(Cl)ccc3-n3cnnn3)C2)OC1c1ccccc1,False,7.261219441515631,,,
CC1(C)N=C(N2CCN(C(=O)[C@H](N)CCCCN3CCCCC3)[C@H](C(=O)NCc3cc4cnccc4s3)C2)OC1c1ccccc1,False,7.26440110030182,,,
CC1(C)N=C(N2CCN(C(=O)[C@H](N)CCCCN3CCCCC3)[C@H](C(=O)NCc3cccc(Cl)c3)C2)OC1c1ccccc1,False,7.281498311132726,,,
CC1(C)OB(C(N)c2cccc(Cl)c2)OC1(C)C.Cl,False,3.3979400086720375,,,
CC1(C)OB(C(NC(=O)c2cnn(Cc3ccccc3)c2)c2cccc(Cl)c2)OC1(C)C,False,3.3979400086720375,,,
CC1(C)OB(c2ccc(C(NC(=N)N)OC(=O)c3cccnc3)cc2)OC1(C)C.O=C(O)C(F)(F)F,False,,4.360513510731414,4.910094888560602,
CC1(C)OB(c2ccc(CCN=C(N)N)cc2)OC1(C)C.O=C(O)C(F)(F)F,False,,3.755970410969978,4.511449283499555,
CC1(C)OB(c2ccc(CN=C(N)N)cc2)OC1(C)C,False,,3.6989700043360187,3.8894102897007508,
CC1(C)OB(c2ccc(NC(=N)N)cc2)OC1(C)C.O=C(O)C(F)(F)F,False,,3.8894102897007508,5.259637310505756,
CC1(C)OC(=C/C=N/c2ccc(Cl)cc2)OC1(C)C,False,4.301029995663981,,,
CC1(C)OCC([C@]2(C)C=C3CC[C@@H]4C(C)(C)[C@H](O)CC[C@@]4(C)[C@@H]3CC2)O1,False,,5.99012436628784,,
CC1(C)OCC([C@]2(C)C=C3CC[C@@H]4[C@](C)(CO)C[C@@H](O)C[C@@]4(C)[C@@H]3CC2)O1,False,,5.144783805266637,,
CC1(C)OC[C@@H]([C@@]2(C)CC[C@@H]3C4(CC[C@@H]5[C@](C)(CO)C[C@@H](O)C[C@@]35C)OC42)O1,False,,4.732828271596986,,
CC1(C)OC[C@@H]([C@]2(C)C=C3CC[C@@H]4[C@](C)(CO)C[C@@H](O)C[C@@]4(C)[C@@H]3CC2)O1,False,,5.142667503568732,,
CC1(C)Oc2ccc(C(=O)NC3CCCC3)cc2N(CC(=O)NC2CCCC2)C1=O,False,4.301029995663981,,,
CC1(C)[C@@H](OC(=O)c2ccccc2C(=O)O)CC[C@]2(C)[C@H]3C(=O)C=C4[C@@H]5C[C@@](C)(C(=O)O)CC[C@]5(C)CC[C@@]4(C)[C@]3(C)CC[C@@H]12,False,,,3.9430951486635273,
CC1(C)[C@H](O)CC[C@@]2(C)[C@@H]3CC[C@](C)([C@@H](O)CO)C=C3CC[C@H]12,False,,4.942409961329336,,
CC1(C)c2ssc(=S)c2-c2ccccc2N1C(=O)c1ccco1,False,4.301029995663981,,,
CC1(CO)CCC(N[C@H](CC2CCCCC2)C(=O)N2CCN(C(=O)Oc3ccccc3Cl)C[C@H]2C(=O)NCc2cccs2)CC1,False,7.632644078973981,,,
CC1(N)CCN(c2ccc(N3CC(CNC(=O)c4ccc(Cl)s4)OC3=O)cc2F)CC1,False,,5.920818753952375,,
CC1(O)CC(C2=C/C=C\C=C/C=C\2)c2c(c3ccccc3oc2=O)O1,True,,,,8.346787486224656
CC12CCC(C(=O)NC(c3ccccc3)c3ccccc3)(OC1=O)C2(C)C,False,4.301029995663981,,,
CC12CCC(c3c(C(=O)N4CCOCC4)nn(-c4ccccc4)c31)C2(C)C,False,4.301029995663981,,,
CC1=C(C#N)C(=O)N(C)C(=O)/C1=N/Nc1ccc(S(N)(=O)=O)cc1,False,,,4.301029995663981,
CC1=C(C#N)[C@@H](c2ccc(C#N)cc2S(C)(=O)=O)N(C)C(=O)N1c1cccc(C(F)(F)F)c1,False,,4.522878745280337,4.522878745280337,
CC1=C(C(=O)Nc2ccc(C)cc2)C(c2ccc(C)o2)C2=C(O)CC(C)(C)CC2=N1,False,4.301029995663981,,,
CC1=C(C(=O)Nc2ccccc2)C(c2ccc(O)cc2)N2C(=O)CSC2=N1,False,,,4.598785108081966,
CC1=C(C(=O)OCC2CCCO2)C(c2ccc(C)o2)C2=C(O)CC(c3ccc(F)cc3)CC2=N1,False,4.301029995663981,,,
CC1=C(C(=O)OCC2CCCO2)C(c2cccc(C(F)(F)F)c2)C2=C(O)CC(c3ccco3)CC2=N1,False,4.301029995663981,,,
CC1=C(CC(=O)NCc2ccc(C(=N)N)cc2)C(=O)N(NS(=O)(=O)Cc2ccccc2)CC1,False,,,6.617982957425132,
CC1=C(CC(=O)NCc2ccc(C(=N)N)cc2)C(=O)N(NS(=O)(=O)c2c(C)cccc2Cl)CC1,False,,,8.522878745280337,
CC1=C(CC(=O)NCc2ccc(C(=N)N)cc2)C(=O)N(NS(=O)(=O)c2cc(C)ccc2C)CC1,False,,,8.221848749616356,
CC1=C(CC(=O)NCc2ccc(C(=N)N)cc2)C(=O)N(NS(=O)(=O)c2cc(Cl)ccc2Cl)CC1,False,,,8.0,
CC1=C(CC(=O)NCc2ccc(C(=N)N)cc2)C(=O)N(NS(=O)(=O)c2ccc(Cl)cc2F)CC1,False,,,6.97469413473523,
CC1=C(CC(=O)NCc2ccc(C(=N)N)cc2)C(=O)N(NS(=O)(=O)c2cccc3ccccc23)CC1,False,,,6.0385789059335515,
CC1=C(CC(=O)NCc2ccc(C(=N)N)cc2)C(=O)N(NS(=O)(=O)c2ccccc2)CC1,False,,,7.376750709602099,
CC1=CC(=NOC(=O)c2cccc([N+](=O)[O-])c2)C=C(C)C1=O,False,5.711428862838813,,,
CC1CC(=O)NN=C1c1ccc2[nH]c(-c3ccc(Cl)s3)nc2c1,False,,5.958607314841775,5.0,
CC1CC(NC(=O)C2C3CCC(O3)C2C(=O)O)CC(C)(C)C1,False,4.301029995663981,,,
CC1CC(c2ccc3[nH]c(-c4ccc(Br)s4)nc3c2)=NNC1=O,False,,6.008773924307505,5.0,
CC1CCC(C)N1CCCCCN1C(=O)C(c2cccc(C(=N)N)c2)Oc2ccccc21,False,,7.318758762624412,6.040958607678906,
CC1CCC(C)N1c1ccc(NC(=O)C(C)(C)NC(=O)c2ccc(Cl)s2)cc1,False,,6.367542707815276,,
CC1CCCC(C)N1CCCCCCN1C(=O)C(c2cccc(C(=N)N)c2)Oc2ccccc21,False,,7.167491087293763,5.251811972993799,
CC1CCCC(C)N1CCCCCN1C(=O)C(c2ccc(C(=N)N)cc2)Oc2ccccc21,False,,5.102372908709558,5.769551078621726,
CC1CCCC(C)N1CCCCCN1C(=O)C(c2ccc(C(=N)NO)cc2)Oc2ccccc21,False,,4.180456064458132,,
CC1CCCC(C)N1CCCCCN1C(=O)C(c2ccc(C(=N)S)cc2)Oc2ccccc21,False,,4.468521082957745,,
CC1CCCC(C)N1CCCCCN1C(=O)C(c2ccc(Cl)c(Cl)c2)Oc2ccccc21,False,,4.585026652029182,,
CC1CCCC(C)N1CCCCCN1C(=O)C(c2ccc(Cl)cc2)Oc2ccccc21,False,,4.638272163982407,,
CC1CCCC(C)N1CCCCCN1C(=O)C(c2cccc(C(=N)N)c2)Oc2ccccc21,False,,8.460409376976187,6.050609993355087,
CC1CCCC(C)N1CCCCCN1C(=O)C(c2cccc(C(=N)NN3CCOCC3)c2)Oc2ccccc21,False,,5.823908740944319,,
CC1CCCC(C)N1CCCCCN1C(=O)C(c2cccc(C(=N)NO)c2)Oc2ccccc21,False,,5.251811972993799,,
CC1CCCC(C)N1CCCCCN1C(=O)C(c2cccc(C(=N)S)c2)Oc2ccccc21,False,,4.769551078621726,,
CC1CCCC(C)N1CCCCCN1C(=O)C(c2cccc(CN)c2)Oc2ccccc21,False,,6.075720713938118,,
CC1CCCC(C)N1CCCCCN1C(=O)C(c2ccccc2)Oc2ccccc21,False,,4.568636235841013,,
CC1CCCC(C)N1CCCCCN1C(=O)C(c2ccccc2Cl)Oc2ccccc21,False,,4.795880017344075,4.187086643357144,
CC1CCCC(C)N1CCCCN1C(=O)C(c2cccc(C(=N)N)c2)Oc2ccccc21,False,,7.920818753952375,5.958607314841775,
CC1CCCN(C(=O)C(C)(C)c2ccc3c(c2)nc(Cc2ccc(C(=N)N)cc2)c(=O)n3C)C1,False,,6.229147988357855,7.920818753952375,
CC1CCCN(C(=O)C2CCCN(S(=O)(=O)c3cccc4nsnc34)C2)C1,False,4.301029995663981,,,
CC1CCCN1C(=O)CN1CCC[C@H](NS(=O)(=O)c2ccc3cc(Cl)ccc3c2)C1=O,False,,6.886056647693163,,
CC1CCN(C(=O)C(Cc2cc3c(N)nccc3s2)NS(=O)(=O)c2ccc3ccccc3c2)CC1,False,,,3.6798537138889458,
CC1CCN(C(=O)C(Cc2cccc(C(=N)N)c2)NS(=O)(=O)c2ccc3ccccc3c2)CC1,False,,,6.1938200260161125,
CC1CCN(C(=O)[C@H](CCCN=C(N)N)NS(=O)(=O)c2ccc3ccccc3c2)CC1,False,,,5.6020599913279625,
CC1CCN(C(=O)[C@H](CCCN=C(N)N)NS(=O)(=O)c2cccc3c(N(C)C)cccc23)CC1,False,,,6.522878745280337,
CC1CCN(C(=O)[C@H](CCCNc2ccccn2)NS(=O)(=O)c2ccc3ccccc3c2)CC1,False,,,5.259637310505756,
CC1CCN(C(=O)[C@H](CCCNc2cccnn2)NS(=O)(=O)c2ccc3ccccc3c2)CC1,False,,,4.619788758288394,
CC1CCN(C(=O)[C@H](CCCNc2cnccn2)NS(=O)(=O)c2ccc3ccccc3c2)CC1,False,,,4.3979400086720375,
CC1CCN(C(=O)[C@H](CCCNc2ncccn2)NS(=O)(=O)c2ccc3ccccc3c2)CC1,False,,,3.939302159646388,
CC1CCN(CC(=O)Nc2ccccc2C#N)CC1,False,,,4.301029995663981,
CC1CCN(Cc2cc3ccccc3n2-c2ccc(N3C[C@H](CNC(=O)c4ccc(Cl)s4)OC3=O)cc2)CC1,False,,4.952850927467118,,
CC1CCN(Cc2cccn2-c2ccc(N3C[C@H](CNC(=O)c4ccc(Cl)s4)OC3=O)cc2)CC1,False,,5.472184711458173,,
CC1CCN(Cc2csc(-c3ccc(N4C[C@H](CNC(=O)c5ccc(Cl)s5)OC4=O)cc3)n2)CC1,False,,5.494178836647306,,
CC1CCN(S(=O)(=O)c2ccc3nc(-c4ccccn4)cc(C(=O)NCCN(C)Cc4ccccc4)c3c2)CC1,False,4.301029995663981,,,
CC1CCOC2(O1)C(=O)Nc1ccccc12,False,4.301029995663981,,,
CC1CCc2c(sc(NC(=O)COC(=O)C3CCCO3)c2C#N)C1,False,,,4.301029995663981,
CC1CCc2n[nH]c(C(=O)O)c2C1,False,,,4.301029995663981,
CC1CN(CC2CCN(Cc3ccccc3)CC2)C(=O)N(c2cccc(C(=N)N)c2)C1,False,,6.42021640338319,4.935542010773082,
CC1CNc2c(cccc2S(=O)(=O)N[C@@H](CCCNC(=N)N)C(=O)N2CC[C@@H](C)C[C@@H]2C(=O)O)C1,False,,3.8728952016351923,7.330946291936351,
CC1CNc2c(cccc2S(=O)(=O)N[C@H]2CCC[C@H]3CC[C@@H](C(=O)N[C@H]4CCCN(C(=N)N)C4O)N3C2=O)C1.Cl,False,,,7.7447274948966935,
CC1Cc2ccccc2N1C(=O)C1=CCCC1C(=O)NCc1ccc(C(=N)N)cc1,False,,,5.468521082957745,
CC1Cc2ccccc2N1S(=O)(=O)c1cccc2nsnc12,False,4.301029995663981,,,
CC1OC(O[C@H]2CC[C@]3(C)C4C=C[C@]56OC[C@@]7(CC[C@@H](C)[C@H](C)C75)[C@H](O)C[C@@]6(C)[C@]4(C)CC[C@H]3C2(C)C)C(OC2OC(CO)C(O)C(O)C2OC2OCC(O)C(O)C2O)C(O)C1O,False,,,4.301029995663981,
CC1Oc2cc(N3C[C@H](CNC(=O)c4ccc(Cl)s4)OC3=O)ccc2N(C)C1=O,False,,5.939302159646388,,
CCC(=O)N1C(=O)[C@H](CCCCC(=N)N)[C@H]2c3cc(-c4cccc(C(=O)N(CC)CC)c4)ccc3C[C@@H]21,False,,5.00436480540245,6.42021640338319,
CCC(=O)N1CCC([C@@H](NC2CCCCC2)C(=O)N2CCN(C(=O)Oc3ccccc3Cl)C[C@H]2C(=O)NCc2cccs2)CC1,False,7.962573502059376,,,
CCC(=O)N1CC[C@H](NC(=O)c2cc3cc(Cl)ccc3[nH]2)[C@H](NC(=O)c2nc3c(s2)CN(C)CC3)C1,False,,8.045757490560675,,
CCC(=O)N1CCc2c(N)nn(C(=O)C3CCNc4ccccc43)c2C1,False,4.823908740944319,,4.1249387366083,
CCC(=O)N1CCc2c(nn(C(=O)C3CCNc4ccccc43)c2N)C1,False,6.346787486224656,,4.070581074285707,
CCC(=O)N1C[C@H](OCc2ccccc2)C[C@H]1C(=O)N[C@@H](CCCN=C(N)N)C(=O)CCl,False,,,7.886056647693163,
CCC(=O)N=C(Nc1cccc(OC)c1)Nc1nc(C)cc(C)n1,False,,,6.571800390736123,
CCC(=O)NC(=Nc1ccc(OC)cc1)Nc1nc(C)cc(C)n1,False,,,5.911413896375456,
CCC(=O)NC(=S)Nc1cccc(NC(=O)c2ccccc2)c1,False,,,4.301029995663981,
CCC(=O)Nc1ccc(C(=O)CSc2nc3ccccc3cc2CC)cc1,False,,,4.301029995663981,
CCC(=O)Nc1cccc(C(=O)OCc2cccc([N+](=O)[O-])c2)c1,False,,,4.301029995663981,
CCC(=O)OCCn1c(=O)c2cc3c(=O)n(CCOC(=O)CC)c(=O)c3cc2c1=O,False,4.301029995663981,,,
CCC(=O)O[C@@H](C(=O)N1N=CC[C@H]1C(=O)NCc1cc(Cl)ccc1-n1cnnn1)c1ccc(F)cc1,False,,,6.823908740944319,
CCC(=O)Oc1ccc2c(C)c(Cl)c(=O)oc2c1,True,,,4.301029995663981,
CCC(=O)c1cc(-c2ccccn2)nn1CCc1ccc(F)cc1,False,,4.0,4.0,
CCC(=O)n1nc(-c2ccc(Cl)cc2)nc1NCc1ccccc1,False,,,5.756907357724648,
CCC(=O)n1nc(-c2ccc(Cl)cc2)nc1SC,False,,,5.146124213903613,
CCC(=O)n1nc(-c2ccc(OC)cc2)nc1NCc1cccs1,False,,,5.8308400893784285,
CCC(=O)n1nc(-c2ccccc2)nc1NCc1ccccc1,False,,,6.987626832777511,
CCC(=O)n1nc(-c2ccccc2)nc1SCC(=O)Nc1ccc(C)cc1,False,,,5.91229309989126,
CCC(=O)n1nc(-c2ccccc2F)nc1NCc1ccccc1,False,,,8.045757490560675,
CCC(=O)n1nc(-c2ccccn2)nc1NCc1ccc(F)cc1,False,,4.4089353929735005,7.552841968657781,
CCC(=O)n1nc(-c2ccccn2)nc1NCc1ccccc1,False,,4.167491087293763,7.5376020021010435,
CCC(=O)n1nc(-c2cccnc2)nc1NCc1ccc(F)cc1,False,,4.585026652029182,8.522878745280337,
CCC(=O)n1nc(-c2cccnc2)nc1NCc1ccccc1,False,,,8.537602002101044,
CCC(=O)n1nc(-c2cccnc2)nc1NCc1cccs1,False,,,8.627087997029893,
CCC(=O)n1nc(-c2ccco2)nc1SCc1ccccc1,False,,,8.465973893943865,
CCC(C(=O)OCC(=O)Nc1ccc(SC(F)F)cc1)c1ccccc1,False,,,4.301029995663981,
CCC(C)(C(=O)NC1CCCCC1)N(Cc1ccco1)C(=O)c1ccccn1,False,4.301029995663981,,,
CCC(C)CC(=O)N[C@@H](C)C(=O)N[C@H]1CNC(=O)/C=C/[C@H](Cc2ccc(O)c(O)c2)NC(=O)[C@H]([C@H](C)CC)NC(=O)C(=O)[C@H](CCCNC(=N)N)NC(=O)[C@@H]2CCCN2C1=O,False,,,7.168130225719498,
CCC(C)CC(=O)N[C@@H](C)C(=O)N[C@H]1CNC(=O)/C=C/[C@H](Cc2ccc(O)cc2)NC(=O)[C@H]([C@H](C)CC)NC(=O)C(=O)[C@H](CCCNC(=N)N)NC(=O)[C@@H]2CCCN2C1=O,False,,,8.130768280269024,
CCC(C)C[C@@H](NCC(=O)O)C(=O)NC1(C(=O)NCc2ccc(C(=N)N)cc2)Cc2ccccc2C1,False,,,4.070581074285707,
CCC(C)NC(=O)C1CN(S(=O)(=O)c2ccccc2)CCN1S(=O)(=O)c1ccccc1,False,4.301029995663981,,,
CCC(C)NC(=O)CSc1nc2ccsc2c(=O)n1NC(=O)c1ccccc1,False,4.301029995663981,,,
CCC(C)NC(=O)CSc1ncnc2sccc12,False,4.301029995663981,,,
CCC(C)NCCOc1cc(C)cc(C)c1C.O=C(O)C(=O)O,False,,,4.301029995663981,
CCC(C)NCCOc1ccc(C)cc1[N+](=O)[O-].O=C(O)C(=O)O,False,,,4.301029995663981,
CCC(C)N[C@H](CCCCN1CCCCC1)C(=O)N1CCN(C2=N[C@@H](C)[C@H](c3ccccc3)O2)C[C@H]1C(=O)NCc1cccc(Cl)c1,False,8.602059991327963,,,
CCC(C)[C@@H](NC(=O)OC(C)(C)C)c1nnc(S(=O)(=O)Cc2cccc(C)c2)o1,False,,,5.490637503905764,
CCC(C)[C@H](NC(=O)Nc1ccc(C(C)=O)cc1)C(=O)OC,False,4.301029995663981,,,
CCC(C)[C@H](NC(=O)[C@H](CC(C)C)NC(=O)NCc1ccc(Cl)c(Cl)c1)C(=O)N[C@@H](CCCNC(=N)N)C(=O)c1nccs1,False,,4.070581074285707,5.585026652029182,
CCC(C)[C@H]1C(=O)N(CCCc2ccccc2)CC(=O)N1CC(=O)N[C@@H](CC1CCCN(C(=N)N)C1)C(=O)c1nccs1,False,,,5.468521082957745,
CCC(CC)Nc1nc(Cl)c(-c2cc(N)cc(C(=O)O)c2)n(CC(=O)NCc2ccc(C(=N)N)cc2)c1=O,False,,,5.493494967595128,
CCC(CC)Nc1nc(Cl)c(-c2ccccc2)n(CC(=O)NCc2ccc(C(=N)N)cc2)c1=O,False,,,6.0,
CCC(CC)c1nnc(NC(=O)Oc2ccccc2)s1,False,4.301029995663981,,,
CCC(CO)NC(=O)c1ccc(Oc2nc(Oc3cccc(C(=N)N)c3)c(F)c(NC(C)CCc3ccccc3)c2F)c(C(=O)O)c1.O=C(O)C(F)(F)F,False,,5.2441251443275085,,
CCC(CO)n1c(SCc2cc(=O)oc3cc(C)ccc23)nc2ccccc2c1=O,True,4.301029995663981,,,
CCC(F)(CC)c1nc(COc2cc(OC)cc3oc(-c4cn5nc(OC)sc5n4)cc23)cs1,False,,,7.619788758288394,
CCC(F)(c1nc(COc2cc(OC)cc3oc(-c4cn5nc(OC)sc5n4)cc23)cs1)C(F)(F)F,False,,,7.585026652029182,
CCC(NC(=O)[C@@H](NC(=O)[C@@H]1CCCN1C(=O)[C@H](CCCCN)NC(=O)c1cc(O)ccc1O)[C@@H](C)CC)C(=O)O,False,,,3.213201577841561,
CCC(NC(=O)[C@@H](NC(=O)[C@H](CCSC)NC(=O)[C@H](CCCCN)NC(=O)c1cc(O)ccc1O)C(C)CC)C(=O)O,False,,,4.309803919971486,
CCC(c1cc(-c2ccc(N)nc2)ccn1)n1cc(OC)c(-c2cc(Cl)ccc2-n2cnnn2)cc1=O,False,6.0,6.0,6.0,
CCC(c1cn(-c2ccc(C(=O)O)cc2)nn1)n1cc(OC)c(-c2cc(Cl)ccc2-n2cc(Cl)nn2)cc1=O,False,,4.7594507517174005,,
CCC(c1nnnn1Cc1ccc2c(c1)OCO2)N1CCN(c2ccc(F)cc2)CC1,False,4.301029995663981,,,
CCC1=C/C(=C\c2ccc3c(c2)OCO3)C(=O)S1,False,4.301029995663981,,,
CCC1=NN(C(=O)Cc2ccc([N+](=O)[O-])cc2)C(O)(C(F)(F)F)C1,False,4.301029995663981,,,
CCC1NC(=O)[C@H](Cc2ccc(O)cc2)NC(=O)[C@@H]2CSSC[C@H](NC(=O)[C@H]([C@@H](C)CC)NC(=O)[C@@H]3CCCN3C(=O)[C@@H]3CCCN3C(=O)[C@H](Cc3ccc(O)cc3)NC(=O)[C@H](CO)NC1=O)C(=O)N[C@@H](CC(N)=O)C(=O)N1CCC[C@H]1C(=O)N[C@@H](CC(N)=O)C(=O)NCC(=O)N[C@@H](Cc1ccc(-c3ccccc3)cc1)C(=O)N2,False,,,5.0,
CCC1NC(=O)[C@H](Cc2ccc(O)cc2)NC(=O)[C@@H]2CSSC[C@H](NC(=O)[C@H]([C@@H](C)CC)NC(=O)[C@@H]3CCCN3C(=O)[C@@H]3CCCN3C(=O)[C@H](Cc3ccc(O)cc3)NC(=O)[C@H](CO)NC1=O)C(=O)N[C@@H](CC(N)=O)C(=O)N1CCC[C@H]1C(=O)N[C@@H](CC(N)=O)C(=O)NCC(=O)N[C@@H]([C@@H](C)O)C(=O)N2,False,,,5.0,
CCC1SC(CC)C(=O)N(CC(=O)NC2CCCCC2)C1=O,False,4.301029995663981,,,
CCCC(=O)/N=C1\SC2CS(=O)(=O)CC2N1c1ccc(CC)cc1,False,4.301029995663981,,,
CCCC(=O)NNC(=O)c1ccoc1C,False,4.301029995663981,,,
CCCC(=O)Nc1ccc(C(=O)n2nnc3ccccc32)cc1,False,5.148515387755309,,,
CCCC(=O)n1nc(-c2ccc(C)cc2)nc1NCc1ccco1,False,,,4.955786082675447,
CCCC(=O)n1nc(-c2ccc(Cl)cc2)nc1SC,False,,,5.447285558924071,
CCCC(=O)n1nc(-c2ccc(OC)cc2)nc1N,False,4.6107810944577485,,,
CCCC(=O)n1nc(-c2ccccc2)nc1SC,False,,,6.029114077713192,
CCCC(=O)n1nc(-c2cccnc2)nc1N,False,4.766621827773993,,6.006180348755411,
CCCC(=O)n1nc(-c2cccnc2)nc1NCc1ccc(OC)cc1,False,,,7.053990115234235,
CCCC(=O)n1nc(-c2cccnc2)nc1NCc1ccccc1,False,,,8.269217724333611,
CCCC(=O)n1nc(-c2cccnc2)nc1NCc1cccs1,False,,,8.370590400897282,
CCCC(=O)n1nc(-c2ccco2)nc1N,False,,,5.893747890913712,
CCCC(=O)n1nc(-c2ccco2)nc1SCc1ccccc1,False,,,7.635073966210024,
CCCC(=O)n1nc(C(=O)OCC)c2ccccc21,False,,,5.2839966563652006,
CCCC(C)C(=O)Nc1ccc(F)c(Cl)c1,False,,,4.301029995663981,
CCCC(C)NC(=O)Cc1ccccc1,False,4.301029995663981,,,
CCCC(C)Nc1nc(Cl)c(-c2ccccc2)n(CC(=O)NCc2ccc(C(=N)N)cc2)c1=O,False,,,5.096910013008056,
CCCC(CCC)C(=O)NN(CC(=O)OCC)C(=O)[C@@H]1CCCC[C@H]1C(=O)N[C@@H](CCCN=C(N)N)C(=O)C(=O)NCCc1ccccc1,False,,,4.87942606879415,
CCCC(CCC)C(=O)N[C@@H](CC(=O)OC)C(=O)N1CCCC1C(=O)N[C@H]1CCCN(C(=N)N)C1O,False,,6.5376020021010435,8.958607314841775,
CCCC(CCC)C(=O)N[C@@H](CC(=O)OC)C(=O)N1CCC[C@@H]1C(=O)N[C@H]1CCCC(C(=N)N)C1O,False,,6.5376020021010435,8.958607314841775,
CCCC(CCC)C(=O)N[C@@H](CC(=O)OC)C(=O)N1CCC[C@H]1C(=O)N[C@@H](CCCNC(=N)N)C(=O)c1nc2ccccc2s1,False,,,7.251811972993799,
CCCC(CCC)C(=O)N[C@@H](CC(=O)OC)C(=O)N1CCC[C@H]1C(=O)N[C@H](C=O)CC1CCCN(C(=N)N)C1,False,,5.6020599913279625,8.796729909783021,
CCCC(CCC)C(=O)N[C@@H](CC(=O)OC)C(=O)N1CCC[C@H]1C(=O)N[C@H](C=O)CCCN=C(N)N,False,,6.521433504406157,8.920818753952375,
CCCC(CCC)Nc1nc(Cl)c(-c2ccccc2)n(CC(=O)NCc2ccc(C(=N)N)cc2)c1=O,False,,,5.6777807052660805,
CCCC(NC(=O)C1N(C(=O)[C@@H](NC(=O)[C@@H](NC(=O)c2cnccn2)C2CCCCC2)C(C)(C)C)CC12CCCCC2)C(=O)C(=O)NC1CC1,False,,,6.0,
CCCC1NC(=O)[C@H](Cc2ccc(O)cc2)NC(=O)[C@@H]2CSSC[C@H](NC(=O)[C@H]([C@@H](C)CC)NC(=O)[C@@H]3CCCN3C(=O)[C@@H]3CCCN3C(=O)[C@H](Cc3ccc(O)cc3)NC(=O)[C@H](CO)NC1=O)C(=O)N[C@@H](CC(N)=O)C(=O)N1CCC[C@H]1C(=O)N[C@@H](CC(N)=O)C(=O)NCC(=O)N[C@@H](Cc1ccc(-c3ccccc3)cc1)C(=O)N2,False,,,5.0,
CCCCC(C)Nc1nc(Cl)c(-c2ccccc2)n(CC(=O)NCc2ccc(C(=N)N)cc2)c1=O,False,,,5.920818753952375,
CCCCC(CC(=O)N1CCC[C@H]1C(=O)NCC1CCC(N)CC1)c1ccccc1,False,,,8.301029995663981,
CCCCC1(CC)C(=O)NC(=O)N=C1Nc1ccc(OC)cc1,False,4.301029995663981,,,
CCCCCC(=O)NCC(=O)N[C@H](C(=O)N[C@@H]1C(=O)N[C@@H](CCC(N)=O)C(=O)N[C@H]2CC[C@@H](O)N(C2=O)[C@@H](Cc2ccccc2)C(=O)N(C)[C@@H](Cc2c[nH]c3ccccc23)C(=O)N[C@@H](C(C)C)C(=O)O[C@@H]1C)[C@@H](C)O,False,,,5.060480747381382,
CCCCCC(=O)N[C@@H](CCC(=O)O)C(=O)N[C@@H]1C(=O)N[C@@H](CCCNC(=N)N)C(=O)N[C@H]2CC[C@@H](O)N(C2=O)[C@@H](Cc2ccccc2)C(=O)N(C)[C@@H](Cc2ccc(O)cc2)C(=O)N[C@@H](C(C)C)C(=O)O[C@@H]1C,False,,,5.6020599913279625,
CCCCCC(CC)Nc1nc(Cl)c(-c2ccccc2)n(CC(=O)NCc2ccc(C(=N)N)cc2)c1=O,False,,,5.2839966563652006,
CCCCCCCCCC(=O)Nn1cnc2ccccc2c1=O,False,4.301029995663981,,,
CCCCCCCCCCCC(=O)N1CC(=O)NC(=O)C1,False,4.301029995663981,,,
CCCCCCCCCCOC(=O)c1ccccc1CS(=O)(=O)N[C@H]1CCCCN(CC(=O)N[C@H]2CCCN(C(=N)N)C2O)C1=O.O=C(O)C(F)(F)F,False,,5.6020599913279625,,
CCCCCCN(CCCCCC)CCCCCN1C(=O)C(c2cccc(C(=N)N)c2)Oc2ccccc21,False,,5.795880017344075,5.721246399047171,
CCCCCCOC(=O)NC(=N)c1ccc(NCc2nc3cc(C(=O)N(CCC(=O)OCC)c4ccccn4)ccc3n2C)cc1,False,,,8.581701872085981,
CCCCCNC(=O)C(=O)[C@H](CC1CCCCC1)NC(=O)CN(C)C(=O)[C@@H](CCCN=C(N)N)NS(=O)(=O)Cc1ccccc1,False,,8.7281583934635,5.416801226031377,
CCCCCNC(=O)c1ccc(Oc2nc(Oc3cccc(C(=N)N)c3)c(F)c(N(C(C)C)C(C)C)c2F)c(C(=O)O)c1.O=C(O)C(F)(F)F,False,,,5.795880017344075,
CCCCCOC(=O)Nc1nnc(CCCCC)s1,False,4.301029995663981,,,
CCCCCn1c(CNc2ccc(C(=N)N)cc2)nc2cc(C(=O)N(CCC(=O)O)c3ccc(F)c(Cl)c3)ccc21,False,,,6.929999096197655,
CCCCCn1c(CNc2ccc(C(=N)N)cc2F)nc2cc(C(=O)N(CCC(=O)O)c3ccc(F)c(Cl)c3)ccc21,False,,,6.760000207113128,
CCCCN1C(=O)NC(=O)C2(Cc3c(nc4ccccn4c3=O)N3CCc4ccccc4C32)C1=O,False,,,5.266327759355252,
CCCCN1CC(=O)N(CC(=O)N[C@@H](CC2CCCN(C(=N)N)C2)C(=O)c2nccs2)[C@H](Cc2ccccc2)C1=O,False,,,6.468521082957745,
CCCCNC(=O)CC[Si](c1ccccc1)(c1ccccc1)[C@H](CC(C)C)NC(=O)[C@@H](NC(=O)Cc1ccc2ccccc2c1)[C@@H](C)CC,False,,,4.036212172654444,
CCCCNC(=O)CNC(=O)[C@H](CC(C)C)NC(=O)[C@@H](NC(=O)Cc1ccc2ccccc2c1)[C@@H](C)CC,False,,,4.0,
CCCCNC(=O)c1ccn2c(NCc3ccc(NC(=N)N)cc3)cnc2c1,False,,4.0,4.0,
CCCCNc1cc(C)nc2nc(Nc3cc(Cl)ccc3C)nn12,False,,,6.0,
CCCCNc1nc(Cl)c(-c2cccc(N)c2)n(CC(=O)NCc2ccc(C(=N)N)cc2)c1=O,False,,,4.748361779551788,
CCCCNc1nc(Cl)c(-c2ccccc2)n(CC(=O)NCc2ccc(C(=N)N)cc2)c1=O,False,,,4.554395796726403,
CCCCOC(=O)C(=O)C(NC(=O)[C@@H]1CC[C@H]2CN(S(=O)(=O)Cc3ccccc3)CC(=O)N21)[C@H]1CC[C@H](N)CC1,False,,,10.0,
CCCCOC(=O)Sc1nc2ccccc2o1,False,,,5.507641973545334,
CCCCOC(=O)[C@@H](Cc1cc2ccnc(N)c2cc1Cl)N1CC[C@H](NS(=O)(=O)c2cnc(N3CCCC3)s2)C1=O,False,,6.0,,
CCCCOC(=O)c1ccc(NC(=O)C(=O)NCc2ccco2)cc1,False,4.301029995663981,,,
CCCCOC(=O)n1ccc(C(=O)Nc2ccccc2OC)n1,False,,,4.8601564768493475,
CCCCO[C@@H]1C[C@@H](C(=O)N[C@@H](CCCN=C(N)N)C(=O)CCl)N(C(C)=O)C1,False,,,7.665546248849069,
CCCCS(=O)(=O)N[C@H]1CCCN(CC(=O)N[C@H]2CCCC(C(=N)N)C2O)C1=O,False,,5.6020599913279625,6.149353764816934,
CCCC[C@H](NC(=O)[C@@H]1CCCN1C(=O)[C@@H](Cc1ccccc1)NC)C(=O)c1nc2ccccc2s1,False,,,4.0,
CCCC[C@H]1C(=O)N(CCCc2ccccc2)CC(=O)N1CC(=O)N[C@@H](CC1CCCN(C(=N)N)C1)C(=O)c1nccs1,False,,,5.795880017344075,
CCCCc1c(C)nc2ccc(Br)cc2c1SCCC#N,False,,,4.301029995663981,
CCCCc1nc(O)c(C#N)c2c1CCCC2,False,4.301029995663981,,,
CCCCc1nc2ccccc2c(NC(=O)CNC(C)(C)C)c1CCC.O=C(O)C(=O)O,False,,,4.301029995663981,
CCCCn1c(CNc2ccc(C(=N)N)cc2)nc2cc(C(=O)N(CCC(=O)O)c3ccc(F)c(Cl)c3)ccc21,False,,,7.400007822415902,
CCCCn1c(CNc2ccc(C(=N)N)cc2F)nc2cc(C(=O)N(CCC(=O)O)c3ccc(F)c(Cl)c3)ccc21,False,,,7.439973751087107,
CCCCn1nnc(N(C(=O)c2cccs2)C(=O)c2cccs2)n1,False,6.186799435842669,,6.0556505977390005,
CCCN(C)C(=N)c1ccc(C(=O)Nc2ccccc2C(=O)Nc2ccc(Cl)cn2)cc1,False,,8.045757490560675,,
CCCN(C)C(=N)c1ccc(NC(=O)c2cc(C)nn2-c2cc3ccccc3cc2F)c(F)c1,False,,7.468521082957745,,
CCCN(CCC)C(=O)[C@H]1CC[C@H](NC(=O)c2cc3cc(Cl)ccc3[nH]2)[C@H](NC(=O)c2nc3c(s2)CN(C)CC3)C1,False,,8.638272163982407,,
CCCN(NC(=O)Nc1ccc(Cl)cc1)C(=O)Nc1ccc(N2CCOCC2=O)cc1,False,,7.070581074285707,,
CCCN1CCC(N2CCCC(C(=O)O)C2)CC1.Cl,False,,,4.301029995663981,
CCCN1CCC(NC(=O)c2cc3ccccc3n2Cc2cc(-c3ccc(Cl)s3)on2)CC1,False,,,5.806875401645538,
CCCN1CCc2c(N)nn(C(=O)C3CCNc4ccc(F)cc43)c2C1,False,4.154901959985743,,,
CCCN1CCc2c(nn(C(=O)C3CCNc4ccc(F)cc43)c2N)C1,False,7.301029995663981,,4.1938200260161125,
CCCNC(=O)c1ccc(Oc2nc(Oc3cccc(C(=N)N)c3)c(F)c(N(C(C)C)C(C)C)c2F)c(C(=O)O)c1.O=C(O)C(F)(F)F,False,,,5.886056647693163,
CCCNc1nc(Cl)c(-c2ccccc2)n(CC(=O)NCc2ccc(C(=N)N)cc2)c1=O,False,,,5.2839966563652006,
CCCOC(=O)c1c(COc2cc3c(C(=O)OCc4ccccc4)c(C)oc3cc2OC)oc2cc(OC)c(OS(=O)(=O)[O-])cc12.[Na+],False,,,5.309803919971486,
CCCOC(=O)c1ccccc1CS(=O)(=O)N[C@H]1CCCCN(CC(=O)N[C@H]2CCCN(C(=N)N)C2O)C1=O.O=C(O)C(F)(F)F,False,,6.345823458122039,,
CCCOC[C@@H](NC(=O)c1ccc(Cl)s1)C(=O)Nc1ccc(N2CCOCC2=O)c(C)c1,False,,4.920818753952375,5.0,
CCCOP(=O)(c1ccc(N(C)C)cc1)C(O)c1ccncc1,False,,,4.301029995663981,
CCCOc1ccc(C(=O)NC(C)C(=O)O)cc1,False,4.301029995663981,,,
CCCOc1ccc(Oc2nc(Oc3cccc(C(=N)N)c3)c(F)c(NC(C)CCc3ccccc3)c2F)c(C(=O)O)c1.O=C(O)C(F)(F)F,False,,4.585026652029182,,
CCCOc1cccc(C(=O)N(Cc2ccco2)C2CCS(=O)(=O)C2)c1,False,,,4.301029995663981,
CCCS(=O)(=O)N1CCN(c2ccccc2F)CC1,False,4.301029995663981,,,
CCCSc1nnc(-c2c[nH]c3ccccc23)n1C,False,4.301029995663981,,,
CCC[C@@H](NC(=O)N1C(=O)C(CC)(CC)[C@@H]1Oc1ccc(C(=O)N2CCN(C)CC2)cc1)c1ccc2c(c1)OCO2,False,,,4.10369429253392,
CCC[C@@H](NC(=O)Nc1ccc(Cl)cc1)C(=O)Nc1ccc(N2CCOCC2=O)cc1,False,,7.501811972993799,5.0,
CCC[C@@H](NC(=O)c1ccc(Cl)s1)C(=O)Nc1ccc(N2CCOCC2=O)c(C)c1,False,,5.022276394711152,5.0,
CCC[C@@H](NC(=O)c1ccc(Cl)s1)C(=O)Nc1ccc(N2CCOCC2=O)cc1,False,,4.920818753952375,5.0,
CCC[C@@H](NC1CCCCC1)C(=O)N1CCC[C@H]1C(=O)NCc1ccc2c(N)nccc2c1,False,,,8.045757490560675,
CCC[C@H](NC(=O)Nc1ccc(Cl)cc1)C(=O)Nc1ccc(N2CCOCC2=O)cc1,False,,6.327902142064283,,
CCC[C@H](NC(=O)[C@@H]1[C@H]2CCC[C@H]2CN1C(=O)[C@@H](NC(=O)[C@@H](NC(=O)c1cnccn1)C1CCCCC1)C(C)(C)C)C(=O)C(=O)NC1CC1,False,,,6.0,
CCCc1ccc(-c2ccc(C(=O)NCC(C)C)cc2C(=O)O)c(C(=O)Nc2ccc(C(=N)N)cc2)c1,False,,7.336770365467133,7.402633949733972,
CCCc1ccc(S(=O)(=O)Nn2ccc(C)c(CC(=O)NCc3nccc(C)c3F)c2=O)cc1,False,,,4.35261702988538,
CCCc1nc(NC(C)=O)c(C#N)c(-c2ccco2)c1CC,False,,,4.301029995663981,
CCCc1nc2[nH]nc(N)c2c2c1CCC2,False,4.301029995663981,,,
CCCc1nccn1C1CCN(C(=O)CCS(=O)(=O)c2ccc3cc(Cl)ccc3c2)CC1,False,,6.638272163982407,,
CCCn1c(CNc2ccc(C(=N)N)cc2)nc2cc(C(=O)N(CCC(=O)O)c3ccc(F)c(Cl)c3)ccc21,False,,,7.96018944585165,
CCCn1c(CNc2ccc(C(=N)N)cc2F)nc2cc(C(=O)N(CCC(=O)O)c3ccc(F)c(Cl)c3)ccc21,False,,,7.550059011226662,
CCCn1c(Cc2ccc(C(=N)N)cc2)nc2cc(NS(=O)(=O)c3ccccc3)ccc21,False,,,5.3979400086720375,
CCCn1c2c(c(O)c(C(=O)Nc3nccs3)c1=O)CCCC2,False,,,4.301029995663981,
CCCn1cc(CN2CCCC(C(=O)c3cccc(OC)c3)C2)c(C)n1,False,4.301029995663981,,,
CCN(C(=O)C1=C(C(=O)NCc2ccc(C(=N)N)cc2)CCC1)c1cc(Cl)ccc1C,False,,,4.638272163982407,
CCN(C(=O)C1=C(C(=O)NCc2ccc(C(=N)N)cc2)CCC1)c1cccc(OC)c1,False,,,4.619788758288394,
CCN(C(=O)C1=C(C(=O)NCc2ccc(C(=N)N)cc2)CCC1)c1ccccc1,False,,,4.552841968657781,
CCN(C(=O)C1=C(C(=O)NCc2ccc(C(=N)N)cc2)CCC1)c1ccccc1C,False,,,4.481486060122112,
CCN(C(=O)C1=CCCC1C(=O)NCc1ccc(C(=N)N)cc1)c1cc(Cl)ccc1C,False,,,6.657577319177793,
CCN(C(=O)C1=CCCC1C(=O)NCc1ccc(C(=N)N)cc1)c1cc(OC)cc(OC)c1,False,,,6.6777807052660805,
CCN(C(=O)C1=CCCC1C(=O)NCc1ccc(C(=N)N)cc1)c1cc(OC)ccc1OC,False,,,7.136677139879544,
CCN(C(=O)C1=CCCC1C(=O)NCc1ccc(C(=N)N)cc1)c1ccc(OC)cc1,False,,,6.026872146400302,
CCN(C(=O)C1=CCCC1C(=O)NCc1ccc(C(=N)N)cc1)c1cccc(Cl)c1,False,,,6.4089353929735005,
CCN(C(=O)C1=CCCC1C(=O)NCc1ccc(C(=N)N)cc1)c1cccc(F)c1,False,,,6.200659450546418,
CCN(C(=O)C1=CCCC1C(=O)NCc1ccc(C(=N)N)cc1)c1cccc(OC)c1,False,,,6.619788758288394,
CCN(C(=O)C1=CCCC1C(=O)NCc1ccc(C(=N)N)cc1)c1ccccc1,False,,,6.013228265733755,
CCN(C(=O)C1=CCCC1C(=O)NCc1ccc(C(=N)N)cc1)c1ccccc1C,False,,,6.167491087293763,
CCN(C(=O)C1=CCCC1C(=O)NCc1ccc(C(=N)N)cc1)c1ccccc1F,False,,,6.455931955649724,
CCN(C(=O)C1=CCCC1C(=O)NCc1ccc(C(=N)N)cc1)c1ccccc1OC,False,,,6.6020599913279625,
CCN(C(=O)C1=CCCCC1C(=O)NCc1ccc(C(=N)N)cc1)c1ccccc1,False,,,5.42021640338319,
CCN(C(=O)C1=CCCCC1C(=O)NCc1ccc(C(=N)N)cc1)c1ccccc1C,False,,,5.337242168318426,
CCN(C(=O)C1=CCC[C@@H]1C(=O)NCc1ccc(C(=N)N)cc1)c1cccc(OC)c1,False,,,5.6777807052660805,
CCN(C(=O)C1=CCC[C@H]1C(=O)NCc1ccc(C(=N)N)cc1)C1CCCCC1,False,,,6.050609993355087,
CCN(C(=O)C1=CCC[C@H]1C(=O)NCc1ccc(C(=N)N)cc1)c1cccc(OC)c1,False,,,6.920818753952375,
CCN(C(=O)C1=CCC[C@H]1C(=O)NCc1ccc(C(=N)N)cc1)c1ccccc1,False,,,6.008773924307505,
CCN(C(=O)C1CCC=C1C(=O)NCc1ccc(C(=N)N)cc1)c1cccc(OC)c1,False,,,5.107905397309519,
CCN(C(=O)C1CCC=C1C(=O)NCc1ccc(C(=N)N)cc1)c1ccccc1,False,,,4.795880017344075,
CCN(C(=O)C1CCC=C1C(=O)NCc1ccc(C(=N)N)cc1)c1ccccc1C,False,,,4.721246399047171,
CCN(C(=O)C1CCC=C1C(=O)NCc1ccc(C(=N)N)cc1)c1ccccc1F,False,,,4.031517051446065,
CCN(C(=O)[C@@H]1CCC[C@H]1C(=O)NCc1ccc(C(=N)N)cc1)C1CCCCC1,False,,,4.87942606879415,
CCN(C(=O)[C@@H]1Cc2ccccc2CN1C(=O)Cc1ccc(Cl)cc1)c1ccc(N2CCOCC2=O)cc1,False,,5.795880017344075,,
CCN(C(=O)[C@@H]1Cc2ccccc2CN1C(=O)OCc1ccccc1)c1ccc(N2CCCCC2=O)cc1,False,,4.698970004336019,,
CCN(C(=O)[C@@H]1Cc2ccccc2CN1C(=O)OCc1ccccc1)c1ccc(N2CCOCC2=O)cc1,False,,4.721246399047171,,
CCN(C)C(=N)c1ccc(C(=O)N2CCN(S(=O)(=O)c3cc4cc(Cl)ccc4[nH]3)CC2)cc1,False,,7.568636235841013,,
CCN(C)C(=N)c1ccc(C(=O)N2CCN(S(=O)(=O)c3cc4ccc(Cl)cc4s3)CC2)cc1,False,,7.045757490560675,,
CCN(C)C(=N)c1ccc(C(=O)Nc2ccc(Cl)cc2C(=O)Nc2ccc(Cl)cn2)cc1,False,,9.045757490560675,,
CCN(C)C(=N)c1ccc(C(=O)Nc2ccccc2C(=O)Nc2ccc(Cl)cn2)cc1,False,,8.221848749616356,,
CCN(C)C(=N)c1ccc(NC(=O)c2cc(C)nn2-c2cc3ccccc3cc2F)c(F)c1,False,,7.657577319177793,,
CCN(C)C(=O)Oc1ccc(C(=O)N2CCC(Cc3ccccc3)CC2)cc1OC,False,,,5.0,
CCN(C)C(=O)[C@H]1CC[C@H](NC(=O)c2cc3cc(Cl)ccc3[nH]2)[C@H](NC(=O)c2nc3c(s2)CN(C)CC3)C1,False,,8.585026652029182,,
CCN(C)Cc1ccc(C(=O)Nc2ccc(Cl)cc2C(=O)Nc2ccc(Cl)cn2)cc1,False,,7.920818753952375,4.958607314841775,
CCN(C)c1cc(Cl)cc(C(=O)Nc2ccc(Cl)cn2)c1NC(=O)c1ccc(C(=N)N(C)C)cc1,False,,9.301029995663981,,
CCN(CC)C(=N)c1ccc(C(=O)Nc2ccccc2C(=O)Nc2ccc(Cl)cn2)cc1,False,,8.0,,
CCN(CC)C(=O)Cn1cc(C(=O)C(=O)NCCCn2ccnc2)c2ccccc21,False,,,4.301029995663981,
CCN(CC)C(=O)[C@H]1CC[C@H](NC(=O)c2cc3cc(Cl)ccc3[nH]2)[C@H](NC(=O)c2nc3c(s2)CN(C)CC3)C1,False,,8.537602002101044,,
CCN(CC)C(=O)c1cccc(-c2ccc3c(c2)C[C@H]2[C@H]3[C@@H](CCCCC(=N)N)C(=O)N2C(=O)OC)c1,False,,6.920818753952375,7.795880017344075,
CCN(CC)C(=O)c1cccc(-c2ccc3c(c2)C[C@H]2[C@H]3[C@@H](CCCCC(=N)N)C(=O)N2C(=O)OCCCc2ccccc2)c1,False,,5.443697499232712,6.180456064458132,
CCN(CC)C(=O)c1cccc(-c2ccc3c(c2)C[C@H]2[C@H]3[C@@H](CCCCC(=N)N)C(=O)N2CCCCCc2ccccc2)c1,False,,4.585026652029182,5.301029995663981,
CCN(CC)C(=O)c1cccc(-c2ccc3c(c2)[C@@H]2[C@@H](CCCCC(=N)N)C(=O)N(C(=O)N(C)C)[C@H]2C3)c1,False,,4.698970004336019,4.958607314841775,
CCN(CC)C(=O)c1cccc(-c2ccc3c(c2)[C@@H]2[C@@H](CCCCC(=N)N)C(=O)N(C(=O)OC)[C@H]2C3)c1,False,,5.657577319177793,7.301029995663981,
CCN(CC)C(=O)c1cccc(-c2ccc3c(c2)[C@@H]2[C@@H](CCCCC(=N)N)C(=O)N(C(=O)OCCCc4ccccc4)[C@H]2C3)c1,False,,5.431798275933005,6.886056647693163,
CCN(CC)C(=O)c1cccc(-c2ccc3c(c2)[C@@H]2[C@@H](CCCCC(=N)N)C(=O)N(CCCCCc4ccccc4)[C@H]2C3)c1,False,,4.301029995663981,5.301029995663981,
CCN(CC)C(=O)c1cccc(-c2ccc3c(c2)[C@@H]2[C@@H](CCCCC(=N)N)C(=O)N(COC(C)=O)[C@H]2C3)c1,False,,4.853871964321762,4.920818753952375,
CCN(CC)C(=O)c1cccc(-c2ccc3c(c2)[C@@H]2[C@@H](CCCCC(=N)N)C(=O)N(S(=O)(=O)c4ccccc4)[C@H]2C3)c1,False,,7.130768280269024,7.795880017344075,
CCN(CC)CC(=O)N=S(C)(=O)c1ccc(C(=O)Nc2c(OC)cc(Cl)cc2C(=O)Nc2ccc(Cl)cn2)cc1,False,,8.468521082957745,,
CCN(CC)CC(=O)N=S(C)(=O)c1ccc(C(=O)Nc2ccc(Cl)cc2C(=O)Nc2ccc(Cl)cn2)cc1,False,,8.67778070526608,,
CCN(CC)CCCN(Cc1cc2cc3c(cc2nc1O)OCO3)C(S)=Nc1ccccc1OC,False,,,4.301029995663981,
CCN(CC)Cc1cc2ccccc2n1-c1ccc(N2C[C@H](CNC(=O)c3ccc(Cl)s3)OC2=O)cc1,False,,5.268845932714155,,
CCN(CC)Cc1ccc(C(=O)N(CCc2ccccc2OC)[C@@H]2CCNC2)cc1,False,,4.0,,
CCN(CC)Cc1ccc(C(=O)Nc2ccc(Cl)cc2C(=O)Nc2ccc(Cl)cn2)cc1,False,,7.455931955649724,4.958607314841775,
CCN(CC)Cc1ccccc1Sc1ccccc1.O=C(O)/C=C\C(=O)O,False,,,4.301029995663981,
CCN(CC)Cc1cccn1-c1cc(F)c(N2C[C@H](CNC(=O)c3ccc(Cl)s3)OC2=O)c(F)c1,False,,5.790236902212115,,
CCN(CC)Cc1cccn1-c1ccc(N2C[C@H](CNC(=O)c3ccc(Cl)s3)OC2=O)c(F)c1,False,,7.043711746009332,,
CCN(CC)Cc1cccn1-c1ccc(N2C[C@H](CNC(=O)c3ccc(Cl)s3)OC2=O)cc1,False,,7.347863809601389,,
CCN(CC)Cc1csc(-c2ccc(N3C[C@H](CNC(=O)c4ccc(Cl)s4)OC3=O)cc2)n1,False,,6.800908278372184,,
CCN(CC)S(=O)(=O)c1ccc(C(=O)NCC(c2cccs2)N2CCOCC2)cc1.Cl,False,4.301029995663981,,,
CCN(CC)S(=O)(=O)c1ccc2c(c1)c(=O)c(C(=O)NCc1ccc3c(c1)OCO3)cn2C,False,,,6.06948395166706,
CCN(CC)S(=O)(=O)c1ccc2c(c1)c(=O)c(C(=O)NCc1ccco1)cn2C,False,,,5.669117684975637,
CCN(CC)S(=O)(=O)c1ccc2c(c1)c(=O)c(C(=O)NCc1cccs1)cn2C,False,,,7.480697150764572,
CCN(CC)S(=O)(=O)c1cccc(NC(=O)/C=C/c2cccc([N+](=O)[O-])c2)c1,False,,,4.301029995663981,
CCN(CC)c1ccc(/C=N/NS(=O)(=O)c2cccc([N+](=O)[O-])c2)cc1,False,4.301029995663981,,,
CCN(CC)c1ccc(N2C[C@H](CNC(=O)c3ccc(Cl)s3)OC2=O)cc1,False,,6.568636235841013,,
CCN(CC)c1ccc(Oc2nc(Oc3cccc(C(=N)N)c3)c(F)c(NC(C)CCc3ccccc3)c2F)c(C(=O)O)c1.O=C(O)C(F)(F)F,False,,5.017728766960431,,
CCN(CCCS(=O)(=O)c1ccc2cc(Cl)ccc2c1)C(=O)C1CCN(c2ccncc2)CC1,False,,6.920818753952375,,
CCN(c1ccccc1)S(=O)(=O)c1ccc(C(=O)Nc2nnc(COC)o2)cc1,False,4.301029995663981,,,
CCN1C(=O)/C(=C/N(C(C)=O)c2ccccc2)N(c2ccccc2)C1=S,False,,,4.301029995663981,
CCN1C(=O)/C(=C\c2ccco2)C(C(=O)OC)=C1C,False,4.301029995663981,,,
CCN1C(=O)N(CC)C1=O,False,,,5.251811972993799,
CCN1C(=O)c2[nH]nc(C(=O)OC)c2C1=O,False,4.301029995663981,,,
CCN1CCC(NC(=O)c2cc3ccccc3n2Cc2cc(-c3ccc(Cl)s3)on2)CC1,False,,,6.431798275933005,
CCN1CCN(C(=O)/C=C/c2c(F)cccc2Cl)CC1,False,4.301029995663981,,,
CCN1CCN(C(=O)c2cc(Oc3c(F)c(F)c(F)c(F)c3F)cc(C(=O)N3CCN(CC)CC3)c2)CC1,False,,,4.301029995663981,
CCN1CCN(CC(=O)c2cc(OC)c(OC)c(OC)c2)CC1,False,,,4.301029995663981,
CCN1CCN(c2ccc3c(c2)OC[C@H]2[C@H](CNC(=O)c4ccc(Cl)s4)OC(=O)N32)C(=O)C1,False,,4.802168306671097,,
CCN1CCN=C1c1ccc(C(=O)N2CCN(S(=O)(=O)c3cc4cc(Cl)ccc4[nH]3)CC2)cc1,False,,7.920818753952375,,
CCN1CCN=C1c1ccc(C(=O)N2CCN(S(=O)(=O)c3cc4ccc(Cl)cc4s3)CC2)cc1,False,,7.443697499232712,,
CCN1CCN=C1c1ccc(C(=O)N2CCN(S(=O)(=O)c3ccc4cc(Br)ccc4c3)CC2)cc1,False,,7.173925197299173,,
CCN1CCN=C1c1ccc(C(=O)Nc2ccc(Cl)cc2C(=O)Nc2ccc(Cl)cn2)cc1,False,,8.221848749616356,,
CCN1CCN=C1c1ccc(C(=O)Nc2ccccc2C(=O)Nc2ccc(Cl)cn2)cc1,False,,7.1938200260161125,,
CCN1CCc2c(N)nn(C(=O)C3CCNc4c(C)cc(F)cc43)c2C1,False,5.346787486224656,,,
CCN1CCc2c(N)nn(C(=O)C3CCNc4c(C)cccc43)c2C1,False,4.301029995663981,,,
CCN1CCc2c(N)nn(C(=O)C3CCNc4ccc(Cl)cc43)c2C1,False,4.6777807052660805,,,
CCN1CCc2c(N)nn(C(=O)C3CCNc4ccc(F)cc43)c2C1,False,4.920818753952375,,,
CCN1CCc2c(N)nn(C(=O)C3CCNc4ccccc43)c2C1,False,5.823908740944319,,4.301029995663981,
CCN1CCc2c(c(N)nn2C(=O)C2CCNc3ccccc32)C1,False,4.301029995663981,,4.096910013008056,
CCN1CCc2c(nn(C(=O)C3CCNc4ccc(Cl)cc43)c2N)C1,False,7.301029995663981,,4.698970004336019,
CCN1CCc2c(nn(C(=O)C3CCNc4ccc(F)cc43)c2N)C1,False,7.522878745280337,,4.0,
CCN1CCc2c(nn(C(=O)C3CCNc4ccccc43)c2N)C1,False,6.823908740944319,,4.3979400086720375,
CCN1CCc2c(nn(C(=O)[C@@H]3CCNc4c(C)cc(F)cc43)c2N)C1,False,5.346787486224656,,,
CCN1CCc2c(nn(C(=O)[C@@H]3CCNc4c(C)cccc43)c2N)C1,False,5.096910013008056,,,
CCN1CCc2c(nn(C(=O)[C@@H]3CCNc4ccc(F)cc43)c2N)C1,False,5.0,,,
CCN1CCc2c(nn(C(=O)[C@H]3CCNc4c(C)cc(F)cc43)c2N)C1,False,8.0,,4.045757490560675,
CCN1CCc2c(nn(C(=O)[C@H]3CCNc4c(C)cccc43)c2N)C1,False,7.698970004336019,,4.0,
CCN1CCc2c(nn(C(=O)[C@H]3CCNc4ccc(F)cc43)c2N)C1,False,7.522878745280337,,4.1249387366083,
CCN1CCc2nc(C(=O)N3CCN(S(=O)(=O)c4ccc5cc(Cl)ccc5c4)CC3C(N)=O)sc2C1,False,,6.958607314841775,,
CCN1CCc2nc(C(=O)Nc3cc(C(=O)O)ccc3CNC(=O)c3ccc(Cl)s3)sc2C1,False,,8.309803919971486,,
CCN1CCc2nn(C(=O)C3CCNc4ccccc43)c(N)c2C1,False,5.886056647693163,,4.0,
CCN1C[C@H](OCc2ccccc2)C[C@H]1C(=O)N[C@@H](CCCN=C(N)N)C(=O)CCl,False,,,5.0655015487564325,
CCNC(=N)c1ccc(C(=O)Nc2ccccc2C(=O)Nc2ccc(Cl)cn2)cc1,False,,7.031517051446065,,
CCNC(=O)N1C(=O)[C@H](CCCCC(=N)N)[C@H]2c3cc(-c4cccc(C(=O)N(CC)CC)c4)ccc3C[C@@H]21,False,,4.0,5.522878745280337,
CCNC(=O)N1C(=O)[C@H](CCCCC(=N)N)[C@H]2c3ccc(-c4cccc(C(=O)N(CC)CC)c4)cc3C[C@@H]21,False,,5.251811972993799,5.251811972993799,
CCNC(=O)N1CC[C@H](NC(=O)c2cc3cc(Cl)ccc3[nH]2)[C@H](NC(=O)c2nc3c(s2)CN(C)CC3)C1,False,,8.10790539730952,,
CCNC(=O)[C@H]1CC[C@H](NC(=O)c2cc3cc(Cl)ccc3[nH]2)[C@H](NC(=O)c2nc3c(s2)CN(C)CC3)C1,False,,8.455931955649724,,
CCNCC(=O)N=S(C)(=O)c1ccc(C(=O)Nc2c(OC)cc(Cl)cc2C(=O)Nc2ccc(Cl)cn2)cc1,False,,8.619788758288394,,
CCNCC(=O)N=S(C)(=O)c1ccc(C(=O)Nc2ccc(Cl)cc2C(=O)Nc2ccc(Cl)cn2)cc1,False,,8.568636235841012,,
CCNCc1csc(-c2ccc(N3C[C@H](CNC(=O)c4ccc(Cl)s4)OC3=O)cc2)n1,False,,6.144729776033351,,
CCNc1ccc2c(Cl)cc(=O)oc2c1,True,4.301029995663981,,,
CCNc1nc(Cl)c(-c2cccc(N)c2)n(CC(=O)NCc2ccc(C(=N)N)cc2)c1=O,False,,,4.546681659952962,
CCNc1nc(Cl)c(-c2ccccc2)n(CC(=O)NCc2ccc(C(=N)N)cc2)c1=O,False,,,4.94692155651658,
CCO/C(O)=C(/C)C1=NC(C)(C)Cc2ccccc21.I,False,4.301029995663981,,,
CCO/C(O)=C(C#N)/C(=N\[C@H]1CCCCN(CC(=O)N2CCCC2)C1=O)Nc1ccc2oc(C)cc2c1,False,,7.619788758288394,,
CCO/C(O)=C1\C(C)=NC(=S)N(C(C)=O)C1c1ccc(OC)c(OC)c1,False,4.301029995663981,,,
CCOC(=O)/C(C#N)=C/N=c1/ccc(C)cn1C,False,4.301029995663981,,,
CCOC(=O)/C=C(\C)c1ccc2c(C)cc(Oc3ccc(C(=N)N)cc3)nc2c1,False,,,7.795880017344075,
CCOC(=O)/N=C(\Nc1ccc2oc(C)cc2c1)N[C@H]1CCCCN(CC(=O)N2CCCC2)C1=O,False,,7.494850021680094,,
CCOC(=O)C(/C=N/c1cccc(C)c1C)=C(/O)OCC,False,,,4.301029995663981,
CCOC(=O)C(C(=O)NCc1cccc(OC)c1)c1ncc(C(F)(F)F)cc1Cl,False,4.301029995663981,,,
CCOC(=O)C(C)(C)c1ccc(NC(=O)c2cc3cc(Cl)ccc3[nH]2)c(NC(=O)c2nc3c(s2)CN(C)CC3)c1,False,,7.0,,
CCOC(=O)C(C)(C)c1ccc2c(C)cc(Oc3ccc(C(=N)N)cc3)nc2c1,False,,4.91721462968355,8.221848749616356,
CCOC(=O)C(C)(C)c1ccc2c(c1)nc(Cc1ccc(C(=N)N)cc1)c(=O)n2C,False,,4.97469413473523,8.0,
CCOC(=O)C(C)(C)c1ccc2c(c1)nc1n2CCNC1Cc1ccc(C(=N)N)cc1,False,,,5.841637507904751,
CCOC(=O)C(C)c1ccc(NC(=O)c2cc3cc(Cl)ccc3[nH]2)c(NC(=O)c2nc3c(s2)CN(C)CC3)c1,False,,7.187086643357144,,
CCOC(=O)C(CC(C)C)NC(=O)NN[C@@H](Cc1ccccc1)C(=O)N[C@H](C(=O)N[C@@H](CCCNC(=N)N)C(=O)c1nccs1)C(C)C,False,,4.8124792791635365,5.6777807052660805,
CCOC(=O)C(CC)c1ccc2c(C)cc(Oc3ccc(C(=N)N)cc3)nc2c1,False,,,8.0,
CCOC(=O)C(Cc1cc2cc(C(=N)N)ccc2o1)c1ccc(O[C@H]2CCNC2)cc1,False,,6.0,4.6777807052660805,
CCOC(=O)C(Cc1cc2ccc(C(=N)N)cc2o1)c1ccc(O[C@H]2CCNC2)cc1,False,,5.769551078621726,4.443697499232712,
CCOC(=O)C(Cc1ccc(O[C@H]2CCNC2)cc1)c1cc2cc(C(=N)N)ccc2o1,False,,4.2839966563652006,4.698970004336019,
CCOC(=O)C(Cc1ccc2cc(C(=N)N)ccc2c1)c1ccc(O[C@H]2CCNC2)cc1,False,,5.376750709602099,4.42021640338319,
CCOC(=O)C(Cc1ccc2ccc(C(=N)N)cc2c1)c1ccc(O[C@H]2CCNC2)cc1,False,,6.508638306165727,3.221848749616356,
CCOC(=O)C(Cc1ccccc1)NC(=O)NN[C@@H](Cc1ccccc1)C(=O)N[C@H](C(=O)N[C@@H](CCCNC(=N)N)C(=O)c1nccs1)C(C)C,False,,4.844663962534939,5.6777807052660805,
CCOC(=O)C1(COc2ccc3c(c2)CN(C(=N)N)CC3)CCN(c2cc[n+](C)cc2)CC1.[Cl-],False,,5.94692155651658,5.0,
CCOC(=O)C1(COc2ccc3c(c2)CN(C(=N)N)CC3)CCN(c2ccc(C(=N)N)cc2)CC1.Cl.Cl.Cl,False,,6.3979400086720375,5.0,
CCOC(=O)C1(COc2ccc3c(c2)CN(C(=N)N)CC3)CCN(c2ccncc2)CC1.Cl.Cl,False,,7.130768280269024,5.0,
CCOC(=O)C1(Cc2cccc(F)c2)CCN(C(=O)Cn2cnnn2)CC1,False,4.301029995663981,,,
CCOC(=O)C1(c2ccc3c(C)cc(Oc4ccc(C(=N)N)cc4)nc3c2)CCCC1,False,,5.823908740944319,8.189545411947003,
CCOC(=O)C1(c2ccc3c(c2)nc(Cc2ccc(C(=N)N)cc2)c(=O)n3C)CC1,False,,4.337242168318426,7.568636235841013,
CCOC(=O)C1(c2ccc3c(c2)nc2n3CCNC2Cc2ccc(C(=N)N)cc2)CCCC1,False,,,5.71556926615548,
CCOC(=O)C1=C(C)OC(N)=C(C#N)C1c1cc2c(cc1[N+](=O)[O-])OCO2,False,,,6.03855517464304,
CCOC(=O)C1=C(N)Oc2c(c(=O)oc3ccccc23)C12C(=O)N(C)c1ccccc12,True,4.301029995663981,,,
CCOC(=O)C1CCN(Cc2ccc(C(=O)Nc3ccc(Cl)cc3C(=O)Nc3ccc(Cl)cn3)cc2)CC1,False,,6.767003889607846,4.958607314841775,
CCOC(=O)CCN(C(=O)CCS(=O)(=O)c1ccc2cc(Cl)ccc2c1)C1CCN(c2ccncc2)CC1,False,,7.431798275933005,,
CCOC(=O)CCNC(=O)N1CCCC(CNS(=O)(=O)c2cccs2)C1,False,,,4.301029995663981,
CCOC(=O)CCc1cnccc1N1CCC(COc2ccc3c(c2)CN(C(=N)N)CC3)CC1.Cl.Cl,False,,6.721246399047171,5.0,
CCOC(=O)CN(C(=O)CCS(=O)(=O)c1ccc2cc(Cl)ccc2c1)C1CCN(c2ccncc2)CC1,False,,7.221848749616356,,
CCOC(=O)CN(C)Cc1ccc(C(=O)Nc2ccc(Cl)cc2C(=O)Nc2ccc(Cl)cn2)cc1,False,,6.7544873321858505,4.958607314841775,
CCOC(=O)CN(CCCS(=O)(=O)c1ccc2cc(Cl)ccc2c1)C(=O)C1CCN(c2ccncc2)CC1,False,,7.1938200260161125,,
CCOC(=O)CN(NC(=O)OC(C)(C)C)C(=O)[C@@H]1CCCC[C@H]1C(=O)N[C@@H](CCCN=C(N)N)C(=O)C(=O)NCCc1ccccc1,False,,,5.6020599913279625,
CCOC(=O)CN(NC(=O)OC(C)(C)C)C(=O)[C@@H]1CCCC[C@H]1C(=O)N[C@H](C=O)CCCN=C(N)N,False,,,5.6020599913279625,
CCOC(=O)CN(NC(C)=O)C(=O)[C@@H]1CCCC[C@H]1C(=O)N[C@H](C=O)CCCN=C(N)N,False,,,4.655607726314889,
CCOC(=O)CNC(=O)C(=O)[C@H](CC1CCCCC1)NC(=O)CN(C)C(=O)[C@@H](CCCN=C(N)N)NS(=O)(=O)Cc1ccccc1,False,,8.671620396561263,5.6020599913279625,
CCOC(=O)CNC(=O)C(=O)[C@H](Cc1ccc(O)cc1)NC(=O)CN(C)C(=O)[C@@H](CCCN=C(N)N)NS(=O)(=O)Cc1ccccc1.O=C(O)C(F)(F)F,False,,7.82604630529835,5.6020599913279625,
CCOC(=O)CNC(=O)C(=O)[C@H](Cc1ccc(OC(C)(C)C)cc1)NC(=O)CN(C)C(=O)[C@@H](CCCN=C(N)N)NS(=O)(=O)Cc1ccccc1.O=C(O)C(F)(F)F,False,,6.609064892896621,,
CCOC(=O)CNC(=O)C(=O)[C@H](Cc1ccccc1)NC(=O)CN(C)C(=O)[C@@H](CCCN=C(N)N)NS(=O)(=O)Cc1ccccc1,False,,7.890391171488546,5.6020599913279625,
CCOC(=O)CNC(=O)Cc1ccc(OC)cc1,False,4.301029995663981,,,
CCOC(=O)CNC(=O)Cn1cnc2c(nnn2-c2cccc(Cl)c2)c1=O,False,4.301029995663981,,,
CCOC(=O)CNC(=O)c1ccc(C)c(-c2ccc3c(C)cc(Oc4ccc(C(=N)N)cc4)nc3c2)c1,False,,,8.0,
CCOC(=O)CS(=O)(=O)N(Cc1cc2cc(C(=N)N)ccc2s1)c1ccc(OC2CCN(C(C)=N)CC2)cc1,False,,8.045757490560675,,
CCOC(=O)CS(=O)(=O)N(Cc1ccc2ccc(C(=N)N)cc2c1)c1ccc(OC2CCN(C(C)=N)CC2)cc1,False,,8.221848749616356,,
CCOC(=O)CS(=O)(=O)N(Cc1cccc(-c2cccc(C(=N)N)c2)c1)c1ccc(OC2CCN(C(C)=N)CC2)cc1,False,,8.154901959985743,,
CCOC(=O)CSC1=N/C(=C/c2ccc(-n3cncn3)cc2)C(=O)N1C(C)=O,False,,,6.026179675647317,
CCOC(=O)CSc1n[nH]c(NC(=O)c2ccc(F)cc2)n1,False,5.360603167928854,,,
CCOC(=O)CSc1n[nH]c(NC(=O)c2cccc(C(F)(F)F)c2)n1,False,,,6.288024145648245,
CCOC(=O)CSc1n[nH]c(NC(=O)c2cccc(C)c2)n1,False,6.015679757217543,,6.231769009379235,
CCOC(=O)CSc1n[nH]c(NC(=O)c2ccccc2)n1,False,6.024480881800347,,6.064412130150946,
CCOC(=O)CSc1nnc(CNC(=O)Cc2ccccc2)n1C,False,4.301029995663981,,,
CCOC(=O)CSc1nnc(CNC(=O)c2ccc(S(=O)(=O)N3CCCC3)cc2)n1C,False,,,4.301029995663981,
CCOC(=O)CSc1nnc(NC(=O)c2cc([N+](=O)[O-])cc([N+](=O)[O-])c2)s1,False,,,4.301029995663981,
CCOC(=O)CSc1snnc1-c1ccccc1,False,4.301029995663981,,,
CCOC(=O)C[C@@H]1C(=O)N(CC(=O)N[C@@H](CCCN=C(N)N)C(=O)c2nccs2)CCN1S(=O)(=O)Cc1ccccc1,False,,8.154901959985743,5.522878745280337,
CCOC(=O)C[C@H]1C(=O)N(CC(=O)N[C@@H](CCCN=C(N)N)C(=O)c2nccs2)CCN1S(=O)(=O)Cc1ccccc1,False,,7.494850021680094,5.3979400086720375,
CCOC(=O)C[n+]1c(C)sc2ccc(OC)cc21.[Br-],False,4.301029995663981,,,
CCOC(=O)Cc1ccc(NC(=O)c2cc3cc(Cl)ccc3[nH]2)c(NC(=O)c2nc3c(s2)CN(C)CC3)c1,False,,6.769551078621726,,
CCOC(=O)Cc1ccc2c(C)cc(Oc3ccc(C(=N)N)cc3)nc2c1,False,,,7.036212172654444,
CCOC(=O)Cc1cn2c(N3CCN(C(=O)CCS(=O)(=O)c4ccc5cc(Cl)ccc5c4)CC3)cccc2n1,False,,7.031517051446065,,
CCOC(=O)Cn1c(=O)oc2cc(S(=O)(=O)NCCc3ccc(C)cc3)ccc21,False,,,4.301029995663981,
CCOC(=O)N1CCC(NC(=O)c2cc3cc(Cl)ccc3[nH]2)C(NC(=O)c2nc3c(s2)CN(C)CC3)C1,False,,8.346787486224656,,
CCOC(=O)N1CCC(NC(=O)c2nc3c(s2)CN(C)CC3)C(NC(=O)c2cc3cc(Cl)ccc3[nH]2)C1,False,,6.958607314841775,,
CCOC(=O)N1CCN(C(=O)C2CC(c3ccc(F)cc3)=NO2)CC1,False,4.301029995663981,,,
CCOC(=O)N1CCN(C(=O)C2CCCN(S(=O)(=O)c3cc(C)ccc3OC)C2)CC1,False,,,4.301029995663981,
CCOC(=O)N1CCN(C(=O)CN(c2cccc(OC)c2)S(C)(=O)=O)CC1,False,4.301029995663981,,,
CCOC(=O)N1CCN(C(=O)CSCC(=O)Nc2nc(-c3ccc(Cl)s3)cs2)CC1,False,,,5.710484625136915,
CCOC(=O)N1CCN(C(=O)c2ccc(CNS(=O)(=O)c3ccc(OC)cc3)cc2)CC1,False,4.301029995663981,,,
CCOC(=O)N1CCN(C(=O)c2ccc(Cl)c(S(=O)(=O)N3CCOCC3)c2)CC1,False,4.301029995663981,,,
CCOC(=O)N1CCN(C(=O)c2ccccc2N(C)S(C)(=O)=O)CC1,False,,,4.301029995663981,
CCOC(=O)N1CCN(C(=O)c2oc3ccc(S(=O)(=O)N4CCOCC4)cc3c2C)CC1,False,,,4.301029995663981,
CCOC(=O)N1CCN(C/C(C)=C/c2ccccc2)CC1,False,4.301029995663981,,,
CCOC(=O)NC(Cc1ccc(NC(=N)N)cc1)P(=O)(Oc1ccccc1)Oc1ccccc1,False,,,5.42021640338319,
CCOC(=O)N[C@H](CCCN=C(N)N)C(=O)NCC(=O)N[C@H](C=O)CCCN=C(N)N,False,,7.522878745280337,4.0,
CCOC(=O)[C@@H](Cc1cc2ccnc(N)c2cc1Cl)N1CC[C@H](NS(=O)(=O)c2cnc(N3CCCC3)s2)C1=O,False,,6.026872146400302,,
CCOC(=O)[C@@H](Cc1cc2ccnc(N)c2cc1OC)N1CC[C@H](NS(=O)(=O)c2ccc(N(C)C)nc2)C1=O,False,,7.013228265733755,,
CCOC(=O)[C@@H](Cc1cc2ccnc(N)c2cc1OC)N1CC[C@H](NS(=O)(=O)c2cnc(N(C)C)c(C)c2)C1=O,False,,5.795880017344075,,
CCOC(=O)[C@@H](Cc1cc2ccnc(N)c2cc1OC)N1CC[C@H](NS(=O)(=O)c2cnc(N(C)C)s2)C1=O,False,,7.6777807052660805,,
CCOC(=O)[C@@H](Cc1cc2ccnc(N)c2cc1OC)N1CC[C@H](NS(=O)(=O)c2cnc(N3CCC(F)(F)C3)s2)C1=O,False,,6.920818753952375,,
CCOC(=O)[C@@H](Cc1cc2ccnc(N)c2cc1OC)N1CC[C@H](NS(=O)(=O)c2cnc(N3CCCC3)s2)C1=O,False,,7.130768280269024,,
CCOC(=O)[C@@H](Cc1cc2ccnc(N)c2cc1OCCOC)N1CC[C@H](NS(=O)(=O)c2cnc(N(C)C)s2)C1=O,False,,7.431798275933005,,
CCOC(=O)[C@]1(C)CCC[C@@]2(C)[C@@H]3CC[C@@]4(C)C[C@]3(CC[C@@H]21)C/C4=N\N,False,,5.549073797177258,,
CCOC(=O)[C@]1(C)CCC[C@@]2(C)[C@@H]3CC[C@@]4(C)C[C@]3(CC[C@@H]21)C/C4=N\NC(=S)Nc1ccc(Br)cc1,False,,5.056861771460595,,
CCOC(=O)[C@]1(C)CCC[C@@]2(C)[C@@H]3CC[C@@]4(C)C[C@]3(CC[C@@H]21)C/C4=N\NC(=S)Nc1ccc(C#N)cc1,False,,4.866729415212362,,
CCOC(=O)[C@]1(C)CCC[C@@]2(C)[C@@H]3CC[C@@]4(C)C[C@]3(CC[C@@H]21)C/C4=N\NC(=S)Nc1ccc(C(C)(C)C)cc1,False,,5.044100684867495,,
CCOC(=O)[C@]1(C)CCC[C@@]2(C)[C@@H]3CC[C@@]4(C)C[C@]3(CC[C@@H]21)C/C4=N\NC(=S)Nc1ccc(C(C)C)cc1,False,,4.260483033604564,,
CCOC(=O)[C@]1(C)CCC[C@@]2(C)[C@@H]3CC[C@@]4(C)C[C@]3(CC[C@@H]21)C/C4=N\NC(=S)Nc1ccc(C(F)(F)F)cc1,False,,5.062542291526446,,
CCOC(=O)[C@]1(C)CCC[C@@]2(C)[C@@H]3CC[C@@]4(C)C[C@]3(CC[C@@H]21)C/C4=N\NC(=S)Nc1ccc(C)cc1,False,,4.238571361063836,,
CCOC(=O)[C@]1(C)CCC[C@@]2(C)[C@@H]3CC[C@@]4(C)C[C@]3(CC[C@@H]21)C/C4=N\NC(=S)Nc1ccc(Cl)cc1,False,,6.815933494308339,,
CCOC(=O)[C@]1(C)CCC[C@@]2(C)[C@@H]3CC[C@@]4(C)C[C@]3(CC[C@@H]21)C/C4=N\NC(=S)Nc1ccc(F)cc1,False,,4.559931997260875,,
CCOC(=O)[C@]1(C)CCC[C@@]2(C)[C@@H]3CC[C@@]4(C)C[C@]3(CC[C@@H]21)C/C4=N\NC(=S)Nc1ccc(OC)cc1,False,,5.177060817209909,,
CCOC(=O)[C@]1(C)CCC[C@@]2(C)[C@@H]3CC[C@@]4(C)C[C@]3(CC[C@@H]21)C/C4=N\NC(=S)Nc1ccc(OC)cc1OC,False,,4.4739425884546655,,
CCOC(=O)[C@]1(C)CCC[C@@]2(C)[C@@H]3CC[C@@]4(C)C[C@]3(CC[C@@H]21)C/C4=N\NC(=S)Nc1ccc([N+](=O)[O-])cc1,False,,5.072455132870978,,
CCOC(=O)[C@]1(C)CCC[C@@]2(C)[C@@H]3CC[C@@]4(C)C[C@]3(CC[C@@H]21)C/C4=N\NC(=S)Nc1cccc(C)c1,False,,5.424904567985105,,
CCOC(=O)[C@]1(C)CCC[C@@]2(C)[C@@H]3CC[C@@]4(C)C[C@]3(CC[C@@H]21)C/C4=N\NC(=S)Nc1cccc(Cl)c1,False,,6.7069912133414356,,
CCOC(=O)[C@]1(C)CCC[C@@]2(C)[C@@H]3CC[C@@]4(C)C[C@]3(CC[C@@H]21)C/C4=N\NC(=S)Nc1cccc(Cl)c1Cl,False,,5.1119441262432295,,
CCOC(=O)[C@]1(C)CCC[C@@]2(C)[C@@H]3CC[C@@]4(C)C[C@]3(CC[C@@H]21)C/C4=N\NC(=S)Nc1cccc(N(C)C)c1,False,,4.528464800169722,,
CCOC(=O)[C@]1(C)CCC[C@@]2(C)[C@@H]3CC[C@@]4(C)C[C@]3(CC[C@@H]21)C/C4=N\NC(=S)Nc1cccc(OC)c1,False,,4.734969802276941,,
CCOC(=O)[C@]1(C)CCC[C@@]2(C)[C@@H]3CC[C@@]4(C)C[C@]3(CC[C@@H]21)C/C4=N\NC(=S)Nc1cccc2ccccc12,False,,6.019942060810138,,
CCOC(=O)[C@]1(C)CCC[C@@]2(C)[C@@H]3CC[C@@]4(C)C[C@]3(CC[C@@H]21)C/C4=N\NC(=S)Nc1ccccc1,False,,4.873465993198441,,
CCOC(=O)[C@]1(C)CCC[C@@]2(C)[C@@H]3CC[C@@]4(C)C[C@]3(CC[C@@H]21)C/C4=N\NC(=S)Nc1ccccc1C,False,,5.381512598603646,,
CCOC(=O)[C@]1(C)CCC[C@@]2(C)[C@@H]3CC[C@@]4(C)C[C@]3(CC[C@@H]21)C/C4=N\NC(=S)Nc1ccccc1Cl,False,,6.6790648045314045,,
CCOC(=O)[C@]1(C)CCC[C@@]2(C)[C@@H]3CC[C@@]4(C)C[C@]3(CC[C@@H]21)CC4=O,False,,6.104820638537739,,
CCOC(=O)[C@]1(C)CCC[C@@]2(C)[C@@H]3CC[C@@]4(C)C[C@]3(CC[C@@H]21)C[C@H]4O,False,,4.895144304542031,,
CCOC(=O)[C@]1(C)CCC[C@@]2(C)[C@@H]3CC[C@@]4(C)C[C@]3(CC[C@@H]21)C[C@H]4OCc1cn(-c2cc(C)cc(C)c2)nn1,False,,5.198267091951417,,
CCOC(=O)[C@]1(C)CCC[C@@]2(C)[C@@H]3CC[C@@]4(C)C[C@]3(CC[C@@H]21)C[C@H]4OCc1cn(-c2ccc(Br)cc2)nn1,False,,5.476019545315007,,
CCOC(=O)[C@]1(C)CCC[C@@]2(C)[C@@H]3CC[C@@]4(C)C[C@]3(CC[C@@H]21)C[C@H]4OCc1cn(-c2ccc(C(C)C)cc2)nn1,False,,4.692782170796858,,
CCOC(=O)[C@]1(C)CCC[C@@]2(C)[C@@H]3CC[C@@]4(C)C[C@]3(CC[C@@H]21)C[C@H]4OCc1cn(-c2ccc(C)cc2)nn1,False,,5.2576677176428515,,
CCOC(=O)[C@]1(C)CCC[C@@]2(C)[C@@H]3CC[C@@]4(C)C[C@]3(CC[C@@H]21)C[C@H]4OCc1cn(-c2ccc(Cl)cc2)nn1,False,,4.563656037074077,,
CCOC(=O)[C@]1(C)CCC[C@@]2(C)[C@@H]3CC[C@@]4(C)C[C@]3(CC[C@@H]21)C[C@H]4OCc1cn(-c2ccc(F)cc2)nn1,False,,5.05856807935445,,
CCOC(=O)[C@]1(C)CCC[C@@]2(C)[C@@H]3CC[C@@]4(C)C[C@]3(CC[C@@H]21)C[C@H]4OCc1cn(-c2ccc(OC)cc2)nn1,False,,4.713336986343667,,
CCOC(=O)[C@]1(C)CCC[C@@]2(C)[C@@H]3CC[C@@]4(C)C[C@]3(CC[C@@H]21)C[C@H]4OCc1cn(-c2ccc3c(c2)OCO3)nn1,False,,5.120732043175387,,
CCOC(=O)[C@]1(C)CCC[C@@]2(C)[C@@H]3CC[C@@]4(C)C[C@]3(CC[C@@H]21)C[C@H]4OCc1cn(-c2cccc(C)c2)nn1,False,,4.3797535628558,,
CCOC(=O)[C@]1(C)CCC[C@@]2(C)[C@@H]3CC[C@@]4(C)C[C@]3(CC[C@@H]21)C[C@H]4OCc1cn(-c2cccc(Cl)c2)nn1,False,,4.751835391786193,,
CCOC(=O)[C@]1(C)CCC[C@@]2(C)[C@@H]3CC[C@@]4(C)C[C@]3(CC[C@@H]21)C[C@H]4OCc1cn(-c2cccc3ccccc23)nn1,False,,5.312881449197969,,
CCOC(=O)[C@]1(C)CCC[C@@]2(C)[C@@H]3CC[C@@]4(C)C[C@]3(CC[C@@H]21)C[C@H]4OCc1cn(-c2ccccc2)nn1,False,,4.982749567728989,,
CCOC(=O)[C@]1(C)CCC[C@@]2(C)[C@@H]3CC[C@@]4(C)C[C@]3(CC[C@@H]21)C[C@H]4OCc1cn(-c2ccccc2C)nn1,False,,4.4620072218682605,,
CCOC(=O)[C@]1(C)CCC[C@@]2(C)[C@@H]3CC[C@@]4(C)C[C@]3(CC[C@@H]21)C[C@H]4OCc1cn(Cc2ccccc2)nn1,False,,4.531531556723491,,
CCOC(=O)[C@]1(NS(=O)(=O)Cc2ccccc2)CCCN(CC(=O)N[C@H]2CCCN(C(=N)N)[C@@H]2O)C1=O,False,,8.23807216157947,8.958607314841775,
CCOC(=O)[C@]1(NS(=O)(=O)Cc2ccccc2)CCCN(CC(=O)N[C@H]2CCCN(C(=N)N)[C@H]2O)C1=O,False,,7.364516253185088,7.1911141326401875,
CCOC(=O)c1[nH]c2ccc(OC)cc2c1NC(=O)N1CCOCC1,False,4.301029995663981,,,
CCOC(=O)c1[nH]c2ccccc2c1N=C(S)Nc1ccccc1,False,,,5.509878515053574,
CCOC(=O)c1c(-c2ccc(C)cc2)csc1NC(=O)CCN1CCOCC1,False,,,4.301029995663981,
CCOC(=O)c1c(C)[nH]c2ccc(OCc3c(C(=O)OCC)c4cc(OS(=O)(=O)[O-])ccc4n3C(=O)OC(C)(C)C)cc12.[Na+],False,,3.640164517660112,3.3716110699496884,
CCOC(=O)c1c(C)n(C(=O)c2ccco2)c(=O)n1C(=O)c1ccco1,False,5.081763579592947,,6.273028416317123,
CCOC(=O)c1c(C)oc2cc(OC(=O)N3CCOCC3)c(OS(=O)(=O)[O-])cc12.[Na+],False,,,1.6020599913279623,
CCOC(=O)c1c(C)oc2cc(OC(=O)c3ccc(OC)cc3)c(OS(=O)(=O)[O-])cc12.[Na+],False,,,3.2893311052911822,
CCOC(=O)c1c(C)oc2cc(OC(C)C)c(OCc3oc4cc(OC(C)C)c(OS(=O)(=O)[O-])cc4c3C(=O)OCC)cc12.[Na+],False,,,4.521439352535898,
CCOC(=O)c1c(C)oc2cc(OC(C)C)c(OS(=O)(=O)[O-])cc12.[Na+],False,,,1.8824336742761094,
CCOC(=O)c1c(C)oc2cc(OC)c(OCc3cccc(S(=O)(=O)[O-])c3)cc12.[Na+],False,,,3.8728952016351923,
CCOC(=O)c1c(C)oc2cc(OC)c(OCc3oc4cc(OC)c(OCc5oc6cc(OC)c(OS(=O)(=O)[O-])cc6c5C(=O)OCC)cc4c3C(=O)OCC)cc12.[Na+],False,,,6.509204329057442,
CCOC(=O)c1c(C)oc2cc(OC)c(OCc3oc4cc(OC)c(OS(=O)(=O)[O-])cc4c3C(=O)OCC)cc12.[Na+],False,,3.5228787452803374,4.567162016695071,
CCOC(=O)c1c(C)oc2cc(OC)c(OCc3oc4cc(OCC5CCCCC5)c(OS(=O)(=O)[O-])cc4c3C(=O)OCC)cc12.[Na+],False,,,5.42021640338319,
CCOC(=O)c1c(C)oc2cc(OC)c(OCc3oc4cc(OS(=O)(=O)[O-])c(OS(=O)(=O)[O-])cc4c3C(=O)OCC)cc12.[Na+].[Na+],False,,,3.4388535706246324,
CCOC(=O)c1c(C)oc2cc(OC)c(OS(=O)(=O)[O-])cc12.[Na+],False,,,2.6020599913279625,
CCOC(=O)c1c(C)oc2cc(OCC)c(OCc3oc4cc(OCC)c(OS(=O)(=O)[O-])cc4c3C(=O)OCC)cc12.[Na+],False,,,3.918607321094206,
CCOC(=O)c1c(C)oc2cc(OCC)c(OS(=O)(=O)[O-])cc12.[Na+],False,,,1.693488444834994,
CCOC(=O)c1c(C)oc2cc(OCC3CCCCC3)c(OCc3oc4cc(OC)c(OS(=O)(=O)[O-])cc4c3C(=O)OCC)cc12.[Na+],False,,,5.585026652029182,
CCOC(=O)c1c(C)oc2cc(OCC3CCCCC3)c(OCc3oc4cc(OCC5CCCCC5)c(OS(=O)(=O)[O-])cc4c3C(=O)OCC)cc12.[Na+],False,,,5.060480747381382,
CCOC(=O)c1c(C)oc2cc(OCC3CCCCC3)c(OS(=O)(=O)[O-])cc12.[Na+],False,,,3.3010299956639813,
CCOC(=O)c1c(C)oc2cc(OCCc3ccccc3)c(OCc3oc4cc(OC)c(OS(=O)(=O)[O-])cc4c3C(=O)OCC)cc12.[Na+],False,,,5.610433880584146,
CCOC(=O)c1c(C)oc2cc(OCOC)c(OS(=O)(=O)[O-])cc12.[Na+],False,,,1.7958800173440752,
CCOC(=O)c1c(C)oc2cc(OCc3ccc(OC(C)C)cc3)c(OCc3oc4cc(OC)c(OS(=O)(=O)[O-])cc4c3C(=O)OCC)cc12.[Na+],False,,,5.638272163982407,
CCOC(=O)c1c(C)oc2cc(OCc3ccc(OC(C)C)cc3)c(OS(=O)(=O)[O-])cc12.[Na+],False,,,3.3010299956639813,
CCOC(=O)c1c(C)oc2cc(OCc3ccc(OCOC)cc3)c(OCc3oc4cc(OC)c(OS(=O)(=O)[O-])cc4c3C(=O)OCC)cc12.[Na+],False,,,5.481486060122113,
CCOC(=O)c1c(C)oc2cc(OCc3cccc(OC(C)C)c3)c(OCc3oc4cc(OC)c(OS(=O)(=O)[O-])cc4c3C(=O)OCC)cc12.[Na+],False,,,5.585026652029182,
CCOC(=O)c1c(C)oc2cc(OCc3cccc(OC(C)C)c3)c(OS(=O)(=O)[O-])cc12.[Na+],False,,,3.3010299956639813,
CCOC(=O)c1c(C)oc2cc(OCc3cccc(OCOC)c3)c(OCc3oc4cc(OC)c(OS(=O)(=O)[O-])cc4c3C(=O)OCC)cc12.[Na+],False,,,5.3979400086720375,
CCOC(=O)c1c(C)oc2cc(OCc3cccc(OCOC)c3)c(OS(=O)(=O)[O-])cc12.[Na+],False,,,3.640164517660112,
CCOC(=O)c1c(C)oc2cc(OCc3cccc(OS(=O)(=O)[O-])c3)c(OS(=O)(=O)[O-])cc12.[Na+].[Na+],False,,,3.3010299956639813,
CCOC(=O)c1c(C)oc2cc(OCc3ccccc3)c(OCc3cccc(S(=O)(=O)[O-])c3)cc12.[Na+],False,,,3.3010299956639813,
CCOC(=O)c1c(C)oc2cc(OCc3ccccc3)c(OCc3oc4cc(OC)c(OS(=O)(=O)[O-])cc4c3C(=O)OCC)cc12.[Na+],False,,,5.698970004336019,
CCOC(=O)c1c(C)oc2cc(OCc3ccccc3)c(OCc3oc4cc(OC)c(OS(=O)(=O)[O-])cc4c3C(=O)OCCOS(=O)(=O)[O-])cc12.[Na+].[Na+],False,,,4.853871964321762,
CCOC(=O)c1c(C)oc2cc(OCc3ccccc3)c(OCc3oc4cc(OCC5CCCCC5)c(OS(=O)(=O)[O-])cc4c3C(=O)OCC)cc12.[Na+],False,,,5.568274279755074,
CCOC(=O)c1c(C)oc2cc(OCc3ccccc3)c(OS(=O)(=O)[O-])cc12.[Na+],False,,,3.8728952016351923,
CCOC(=O)c1c(C)oc2cc(OCc3oc4cc(OC)c(OS(=O)(=O)[O-])cc4c3C(=O)OCC)c(OC)cc12.[Na+],False,,,4.050305005968571,
CCOC(=O)c1c(C)oc2cc(OCc3oc4cc(OC)c(OS(=O)(=O)[O-])cc4c3C(=O)OCC)c(OS(=O)(=O)[O-])cc12.[Na+].[Na+],False,,,3.11845331928923,
CCOC(=O)c1c(C)oc2cc(OS(=O)(=O)[O-])c(OCc3oc4cc(OC)c(OS(=O)(=O)[O-])cc4c3C(=O)OCC)cc12.[Na+].[Na+],False,,,3.5228787452803374,
CCOC(=O)c1c(C)oc2cc(Oc3cccc(OS(=O)(=O)[O-])c3)c(OCc3oc4cc(OC)c(OS(=O)(=O)[O-])cc4c3C(=O)OCC)cc12.[Na+].[Na+],False,,,3.5228787452803374,
CCOC(=O)c1c(CN2CCOCC2)oc2cc(OC)c(OS(=O)(=O)[O-])cc12.[Na+],False,,,2.154901959985743,
CCOC(=O)c1c(COc2cc3c(C(=O)OCC)c(CN4CCOCC4)oc3cc2OC)oc2cc(OC)c(OS(=O)(=O)[O-])cc12.[Na+],False,,,3.889705136707774,
CCOC(=O)c1c(COc2cc3c(C(=O)OCC)c(COc4cc5c(C(=O)OCC)c(C)oc5cc4OC)oc3cc2OC)[nH]c2ccc(OS(=O)(=O)[O-])cc12.[Na+],False,,3.46344155742847,3.517126416391246,
CCOC(=O)c1c(COc2cc3c(C(=O)OCC)c(Cc4ccccc4)oc3cc2OC)[nH]c2ccc(OS(=O)(=O)[O-])cc12.[Na+],False,,3.709965388637482,3.485452247339714,
CCOC(=O)c1c(COc2cc3c(C(=O)OCCc4ccccc4)c(C)oc3cc2OC)oc2cc(OC)c(OS(=O)(=O)[O-])cc12.[Na+],False,,,5.494850021680094,
CCOC(=O)c1c(COc2cc3c(C(=O)OCc4ccc(OCOC)cc4)c(C)oc3cc2OC)oc2cc(OC)c(OS(=O)(=O)[O-])cc12.[Na+],False,,,5.585026652029182,
CCOC(=O)c1c(NC(=O)c2ccc(Br)o2)sc2c1CCCC2,False,4.301029995663981,,,
CCOC(=O)c1c(O)c2cc(Cl)ccc2n(CC)c1=O,False,4.301029995663981,,,
CCOC(=O)c1cc2sccc2n1CC(=O)N1c2ccccc2CC1C,False,4.301029995663981,,,
CCOC(=O)c1ccc(/N=C/c2nc(-c3ccccc3)oc2OC(C)=O)cc1,False,,,6.27865111954743,
CCOC(=O)c1ccc(CCOC(=O)N[C@H](CC2CCN(C(=N)N)CC2)C(=O)NCC(=O)N[C@H]2CCCN(C(=N)N)C2O)cc1.O=C(O)C(F)(F)F,False,,,5.6020599913279625,
CCOC(=O)c1ccc(NC(=O)NC2CCN(CC(=O)NCc3ccc4c(c3)OCO4)CC2)cc1,False,,,4.301029995663981,
CCOC(=O)c1ccc(NC(=O)c2cc3cc(Cl)ccc3[nH]2)c(NC(=O)c2nc3c(s2)CN(C)CC3)c1,False,,6.161150909262744,,
CCOC(=O)c1ccc(NC(=O)c2nc3c(s2)CN(C)CC3)c(NC(=O)c2cc3cc(Cl)ccc3[nH]2)c1,False,,5.0,,
CCOC(=O)c1ccc(OC(=O)CCCCCNC(=N)N)cc1,False,,5.336299074610352,6.16304326294045,
CCOC(=O)c1ccc2c(c1)nc(C1CCN(S(=O)(=O)c3cccs3)CC1)n2CC,False,4.301029995663981,,,
CCOC(=O)c1cccc(NC(=O)CSc2nnc(-c3ccoc3C)n2CCOC)c1,False,4.301029995663981,,,
CCOC(=O)c1ccccc1Oc1c(F)c(F)nc(NCCO)c1F,False,,,4.301029995663981,
CCOC(=O)c1cn(Cc2ccccc2)nn1,False,4.301029995663981,,,
CCOC(=O)c1cnn(-c2ncnc3sc4c(c23)CCC4)c1N,False,,,4.301029995663981,
CCOC(=O)c1cnn(C(=O)c2ccccc2)c1N,False,5.2023772726042425,,,
CCOC(=O)c1csc(C(=O)C(CCCN=C(N)N)NC(=O)[C@@H]2CCCN2C(=O)[C@@H](Cc2ccccc2)NC)n1,False,,,6.920818753952375,
CCOC(=O)c1nn(C(=O)c2cccc(C)c2)c2ccc(NC(=O)C3CC3)cc12,False,,,6.795880017344075,
CCOC(=O)c1nn(C(=O)c2cccc(C)c2)c2ccc(NC(=O)CC)cc12,False,,,7.4089353929735005,
CCOC(=O)c1nn(C(=O)c2cccc(C)c2)c2ccc(NC(C)=O)cc12,False,,,6.508638306165727,
CCOC(=O)c1nn(C(=O)c2cccc(C)c2)c2ccc([N+](=O)[O-])cc12,False,,,6.318758762624412,
CCOC(=O)c1nn(C(=O)c2cccc(OC)c2)c2ccc([N+](=O)[O-])cc12,False,,,7.086186147616283,
CCOC(=O)c1nn(C(=O)c2ccsc2)c2ccc([N+](=O)[O-])cc12,False,,,6.431798275933005,
CCOC(=O)c1nnn(-c2nonc2N)c1CNc1ccc(C)c(Br)c1,False,4.301029995663981,,,
CCOC(=O)c1sc(N(C)C(C)=O)nc1C,False,4.301029995663981,,,
CCOC(=O)c1sc(NC(=O)/C=C/c2cnn(C)c2C)c(C(=O)OCC)c1C,False,,,4.301029995663981,
CCOC(=O)c1sc2ncnc(N3CCN(C(=O)OCC)CC3)c2c1C,False,4.301029995663981,,,
CCOC(C(=O)NCc1ccc(C(=N)N)cc1OCC(N)=O)c1c(F)cc(OCc2ccccn2)cc1F.Cl,False,,7.596156750019069,,
CCOCC(=O)Nc1cc(-c2cn3cccnc3n2)ccc1C,False,4.301029995663981,,,
CCOCC(=O)Nc1ccc(S(=O)(=O)Nc2ncccn2)cc1,False,4.301029995663981,,,
CCOCCCn1cnc2c(c1=O)c1nc3ccccc3nc1n2-c1ccccc1,False,4.301029995663981,,,
CCOCCn1c(-c2ccc(OC)cc2)nc2ccccc21,False,4.301029995663981,,,
CCOCCn1c(SCCCc2ccccc2)nc2c1c(=O)[nH]c(=O)n2C,False,4.301029995663981,,,
CCOC[C@@H](NC(=O)c1ccc(Cl)s1)C(=O)Nc1ccc(N2CCOCC2=O)c(C)c1,False,,5.0,5.0,
CCON(C(=O)C1=CCC[C@H]1C(=O)NCc1ccc(C(=N)N)cc1)C1CCCCC1,False,,,6.060480747381382,
CCOP(=O)(OCC)/C(C#N)=C(\Nc1ccc2oc(C)cc2c1)N[C@H]1CCCCN(CC(=O)N2CCCC2)C1=O,False,,6.181774106386045,,
CCOP(=O)(OCC)N1C(=O)[C@H](CCCCC(=N)N)[C@H]2c3ccc(-c4cccc(C(=O)N(CC)CC)c4)cc3C[C@@H]21,False,,4.698970004336019,5.494850021680094,
CCO[C@@H]1CC(CCO)N(C(=O)c2cc(OC)c3oc(NC(CF)c4cccc(Cl)c4)nc3c2)C1,False,,,8.833979228472673,
CCO[C@@H]1CC(CO)N(C(=O)c2cc(OC)c3oc(NC(CF)c4cccc(Cl)c4)nc3c2)C1,False,,,9.721246399047171,
CCO[C@@H]1CC(CO)N(C(=O)c2cc(OC)c3oc(N[C@@H](CF)c4cccc(Cl)c4)nc3c2)C1,False,,,8.638272163982407,
CCO[C@@H]1CC(CO)N(C(=O)c2cc(OC)c3oc(N[C@H](CF)c4cccc(Cl)c4)nc3c2)C1,False,,,9.795880017344075,
CCO[C@@H]1C[C@H](C(=O)Nc2ccc(N3CCOCC3=O)cc2)N(C(=O)Nc2ccc(Cl)cc2)C1,False,,9.132335723728106,,
CCO[C@]1(CC)C[C@H](C(=O)Nc2ccc(-n3ccccc3=O)cc2F)N(C(=O)Nc2ccc(Cl)cc2)C1,False,,10.301029995663981,,
CCOc1cc(/C=C2/C(=N)N3OC(C)=CC3=NC2=O)ccc1OCCOc1ccccc1,False,4.301029995663981,,,
CCOc1cc(/C=N/n2cnnc2)cc(Br)c1O,False,4.301029995663981,,,
CCOc1cc(C(=O)O)cc(NC(=O)c2nc3c(s2)CN(C(C)C)CC3)c1CCC(=O)Nc1ccc(Cl)cc1,False,,9.130768280269024,,
CCOc1cc(C2NC(=O)NC(O)(C(F)(F)F)C2C(=O)c2ccc(Cl)cc2)ccc1O,False,,,4.301029995663981,
CCOc1cc(CO)ccc1OCC(=O)N1CCCCC1,False,4.301029995663981,,,
CCOc1cc(Cl)cc(C(=O)Nc2ccc(Cl)cn2)c1NC(=O)c1ccc(C(=N)N(C)C)cc1,False,,9.221848749616356,,
CCOc1cc(NC(=O)c2ccc(C)cc2)c(OCC)cc1N=C(S)NCCCN1CCOCC1,False,4.301029995663981,,,
CCOc1cc(OC2CCN(C)CC2)c(F)c([C@@H](Nc2ccc(C(=N)N)cc2)C(=O)O)c1,False,,6.00396910908979,,
CCOc1cc(S(=O)(=O)N2CCCCC2)ccc1Cl,False,,,4.301029995663981,
CCOc1cc(S(=O)(=O)NCc2ccc(OC)cc2)c(OCC)cc1-n1cnnn1,False,,,4.301029995663981,
CCOc1cc2c(N)nccc2cc1C[C@H](C(=O)O)N1CC[C@H](NS(=O)(=O)c2cnc(N(C)C)s2)C1=O,False,,7.173925197299173,,
CCOc1cc2c(N)nccc2cc1C[C@H](C(=O)O)N1CC[C@H](NS(=O)(=O)c2cnc(N3CCC(F)(F)C3)s2)C1=O,False,,6.721246399047171,,
CCOc1cc2c(N)nccc2cc1C[C@H](C(=O)O)N1CC[C@H](NS(=O)(=O)c2cnc(N3CCCC3)s2)C1=O,False,,8.075720713938118,,
CCOc1ccc(-c2c(C)[n+](-c3ccc(OCC)cc3)c3n2CCCCC3)cc1.[O-][Cl+3]([O-])([O-])[O-],False,4.301029995663981,,,
CCOc1ccc(-c2ccc(C(=O)NC(/C=C/c3ccccc3)C(Cc3cccc(C(=N)N)c3)C(=O)OC)cc2)cc1,False,,6.443697499232712,5.698970004336019,
CCOc1ccc(-n2c(SCC(=O)Nc3cc(C)on3)nnc2-c2c[nH]c3ccccc23)cc1,False,4.301029995663981,,,
CCOc1ccc(C(=O)NCC(=O)OC(C)C(=O)NCc2ccco2)cc1OCC,False,,,4.301029995663981,
CCOc1ccc(C2CC(=O)N(Nc3ccc([N+](=O)[O-])cc3[N+](=O)[O-])C2=O)cc1,False,,,4.301029995663981,
CCOc1ccc(CNc2ncnc(N)n2)cc1,False,4.301029995663981,,,
CCOc1ccc(C[C@@H](NC(=O)/C=C/c2ccccc2)C(=O)N[C@@H](Cc2ccccc2)C(=O)NCc2ccc(CN)cc2)cc1,False,5.0,,,
CCOc1ccc(C[C@@H](NC(=O)C23CC4CC(CC(C4)C2)C3)C(=O)N[C@@H](Cc2ccccc2)C(=O)NCc2ccc(CN)cc2)cc1,False,5.0,,,
CCOc1ccc(C[C@@H](NC(=O)c2[nH]c(C)cc2C)C(=O)N[C@@H](Cc2ccccc2)C(=O)NCc2ccc(CN)cc2)cc1,False,5.0,,,
CCOc1ccc(C[C@@H](NC(=O)c2[nH]ccc2C)C(=O)N[C@@H](Cc2csc3ccccc23)C(=O)NCc2ccc(CN)cc2)cc1,False,5.0,,,
CCOc1ccc(C[C@@H](NC(=O)c2cc(Cl)cc(Cl)c2)C(=O)N[C@@H](Cc2ccccc2)C(=O)NCc2ccc(CN)cc2)cc1,False,5.0,,,
CCOc1ccc(C[C@@H](NC(=O)c2ccc(C)cc2)C(=O)N[C@@H](Cc2ccccc2)C(=O)NCc2ccc(CN)cc2)cc1,False,5.0,,,
CCOc1ccc(C[C@@H](NC(=O)c2ccc(C)cc2)C(=O)N[C@@H](Cc2cccnc2)C(=O)NCc2ccc(CN)cc2)cc1,False,5.0,,,
CCOc1ccc(C[C@@H](NC(=O)c2ccc(C)cc2)C(=O)N[C@@H](Cc2cscn2)C(=O)NCc2ccc(CN)cc2)cc1,False,5.0,,,
CCOc1ccc(C[C@@H](NC(=O)c2ccc(Cl)c(Cl)c2)C(=O)N[C@@H](Cc2ccccc2)C(=O)NCc2ccc(CN)cc2)cc1,False,5.0,,,
CCOc1ccc(C[C@@H](NC(=O)c2ccc(OC)cc2)C(=O)N[C@@H](Cc2ccccc2)C(=O)NCc2ccc(CN)cc2)cc1,False,5.0,,,
CCOc1ccc(C[C@@H](NC(=O)c2cccc(C)c2)C(=O)N[C@@H](Cc2cccnc2)C(=O)NCc2ccc(CN)cc2)cc1,False,5.0,,,
CCOc1ccc(C[C@@H](NC(=O)c2ccccc2)C(=O)N[C@@H](Cc2ccccc2)C(=O)NCc2ccc(CN)c(C)c2)cc1,False,5.0,,,
CCOc1ccc(C[C@@H](NC(=O)c2ccccc2)C(=O)N[C@@H](Cc2ccccc2)C(=O)NCc2ccc(CN)cc2)cc1,False,4.825257498915995,5.0,4.638764005203223,
CCOc1ccc(C[C@@H](NC(=O)c2ccccc2)C(=O)N[C@@H](Cc2cccnc2)C(=O)NCc2ccc(CN)c(C)c2)cc1,False,5.0,,,
CCOc1ccc(C[C@@H](NC(=O)c2ccccc2)C(=O)N[C@H](C(=O)NCc2ccc(CN)cc2)[C@H](O)c2ccccc2)cc1,False,5.0,,,
CCOc1ccc(C[C@@H](NC(=O)c2ccccc2C)C(=O)N[C@@H](Cc2cccnc2)C(=O)NCc2ccc(CN)cc2)cc1,False,5.0,,,
CCOc1ccc(C[C@@H](NC(=O)c2ccccn2)C(=O)N[C@@H](Cc2cccs2)C(=O)NCc2ccc(CN)cc2)cc1,False,5.0,,,
CCOc1ccc(C[C@@H](NC(=O)c2sccc2Cl)C(=O)N(C)[C@@H](Cc2ccccc2)C(=O)NCc2ccc(CN)cc2)cc1,False,5.0,,,
CCOc1ccc(C[C@@H](NC(=O)c2sccc2Cl)C(=O)N[C@@H](Cc2cscn2)C(=O)NCc2ccc(CN)cc2)cc1,False,5.0,,,
CCOc1ccc(C[C@@H](NC(=O)c2sccc2Cl)C(=O)N[C@H](C(=O)NCc2ccc(CN)cc2)[C@H](O)c2ccccc2)cc1,False,5.0,,,
CCOc1ccc(C[C@@H](NC(=O)c2sccc2N)C(=O)N[C@@H](Cc2csc3ccccc23)C(=O)NCc2ccc(CN)cc2)cc1,False,5.0,,,
CCOc1ccc(C[C@@H](NC(=O)c2sccc2N)C(=O)N[C@@H](Cc2cscn2)C(=O)NCc2ccc(CN)cc2)cc1,False,5.0,,,
CCOc1ccc(C[C@@H](NC(=O)c2sccc2NC(C)=O)C(=O)N[C@@H](Cc2ccsc2)C(=O)NCc2ccc(CN)cc2)cc1,False,5.0,,,
CCOc1ccc(C[C@@H](NC(=O)c2sccc2NC(C)=O)C(=O)N[C@@H](Cc2csc3ccccc23)C(=O)NCc2ccc(CN)cc2)cc1,False,5.0,,,
CCOc1ccc(N(CC(=O)Nc2cc(C)ccc2C)S(=O)(=O)c2c(C)nc(O)nc2O)cc1,False,4.301029995663981,,,
CCOc1ccc(N(CC(=O)Nc2ccc3c(c2)OCCO3)S(=O)(=O)c2c(C)noc2C)cc1,False,4.301029995663981,,,
CCOc1ccc(N(CC(=O)Nc2cccc(F)c2)S(=O)(=O)c2c(C)noc2C)cc1,False,4.301029995663981,,,
CCOc1ccc(NC(=N)Nc2nc(O)cc(CSc3nnc(C)s3)n2)cc1,False,4.301029995663981,,,
CCOc1ccc(NC(=O)C(C)O)c(NS(=O)(=O)c2ccc(CCNC(C)=O)cc2)c1,False,,,4.301029995663981,
CCOc1ccc(NC(=O)c2ccc(CNc3c(N4CCCC4)c(=O)c3=O)cc2)cc1,False,,,4.301029995663981,
CCOc1ccc(Nc2n[nH]c(NC(=O)c3ccccc3)n2)cc1,False,6.0,5.301029995663981,5.301029995663981,
CCOc1ccc(OCC)c(NC(=O)C2CCCN(S(=O)(=O)c3c[nH]cn3)C2)c1,False,,,4.301029995663981,
CCOc1ccc(OCC)c(NC(=O)CCS(=O)(=O)c2ccc(Br)s2)c1,False,,,5.508907371886701,
CCOc1ccc(Oc2nc(Oc3cccc(C(=N)N)c3)c(F)c(NC(C)CCc3ccccc3)c2F)c(C(=O)O)c1.O=C(O)C(F)(F)F,False,,4.769551078621726,,
CCOc1ccc([C@H](C(=O)NCCC(=O)N[C@@H](Cc2ccccc2)C(=O)NCc2ccc(CN)cc2)c2ccccc2)cc1,False,5.0,,,
CCOc1ccc2nc(O)c(C(c3nnnn3C3CCCCC3)N3CCN(C)CC3)cc2c1,False,4.301029995663981,,,
CCOc1cccc(-c2ccc(C(=O)NC(/C=C/c3ccccc3)C(Cc3cccc(C(=N)N)c3)C(=O)OC)cc2)c1,False,,6.7447274948966935,5.366531544420414,
CCOc1ccccc1-c1ccc(C(=O)NC(/C=C/c2ccccc2)C(Cc2cccc(C(=N)N)c2)C(=O)OC)cc1,False,,7.221848749616356,5.42021640338319,
CCOc1ccccc1C(=O)NCC(=O)OCC(=O)NCCc1ccc(S(N)(=O)=O)cc1,False,4.301029995663981,,,
CCOc1ccccc1C(=O)N[C@]1(OC)C(=O)N2C(C(=O)OCc3ccc(C(=O)O)cc3)=C(CSc3nnnn3C)CO[C@@H]21,False,,,5.443697499232712,
CCOc1ccccc1C(=O)Nc1nnc(SCC(=O)N2CCOCC2)s1,False,,,4.301029995663981,
CCOc1nc(NCCN2CCOCC2)nc(Nc2ccc(C)cc2)n1,False,,,4.301029995663981,
CCOc1ncccc1C(=O)OCC(=O)Nc1ccc(C(N)=O)cc1,False,4.301029995663981,,,
CCS(=O)(=O)N1CCC(C(=O)NCc2ccc(F)cc2Cl)CC1,False,4.301029995663981,,,
CCS(=O)(=O)N1CCC(OC(=O)N[C@@H](CC(C)C)C(=O)N[C@@H](CCCNC(=N)N)C(=O)c2nc3ccccc3s2)CC1.O=C(O)C(F)(F)F,False,,4.698970004336019,4.698970004336019,
CCS(=O)(=O)N1CCC([C@@H](NC2CCCCC2)C(=O)N2CCN(C(=O)Oc3ccccc3Cl)C[C@H]2C(=O)NCc2cccs2)CC1,False,8.3767507096021,,,
CCS(=O)(=O)N1CCc2c(N)nn(C(=O)C3CCNc4ccccc43)c2C1,False,4.494850021680094,,4.154901959985743,
CCS(=O)(=O)N1CCc2c(nn(C(=O)C3CCNc4ccccc43)c2N)C1,False,6.6020599913279625,,4.0,
CCS(=O)(=O)N1c2ccc(OC3CCN(C(C)=N)CC3)cc2C[C@@H]1c1ccc2ccc(C(=N)N)cc2c1,False,,8.119186407719209,,
CCS(=O)(=O)NCCCC[C@@H](NC1CCCCC1)C(=O)N1CC[C@@H](NC(=O)N2CCC3(CC2)CC3)[C@@H](C(=O)NCc2cccs2)C1,False,7.290730039024169,,,
CCS(=O)(=O)N[C@H](CC(C)C)C(=O)N1CCC[C@H]1C(=O)NCc1ccc2c(N)nccc2c1,False,,,7.619788758288394,
CCS(=O)(=O)N[C@H](CC1CCCCC1)C(=O)N1CCC[C@H]1C(=O)NC(CC1CCNCC1)C(=O)C(=O)O,False,,4.795880017344075,6.657577319177793,
CCS(=O)(=O)N[C@H](CC1CCCCC1)C(=O)N1CCC[C@H]1C(=O)NC(CC1CCNCC1)C(=O)c1nccs1,False,,5.3872161432802645,6.795880017344075,
CCS(=O)(=O)N[C@H](CC1CCCCC1)C(=O)N1CCC[C@H]1C(=O)NCCC(=O)N=C(N)N,False,,,5.0,
CCS(=O)(=O)N[C@H](CC1CCCCC1)C(=O)N1CCC[C@H]1C(=O)N[C@@H](CC1CCNCC1)C(=O)c1nccs1,False,,5.6020599913279625,6.920818753952375,
CCS(=O)(=O)N[C@H](Cc1ccccc1)C(=O)N1CCC[C@H]1C(=O)NC(C(=O)c1nc2ccccc2s1)C1CCC(N)CC1,False,,,6.337242168318426,
CCS(=O)(=O)N[C@H](Cc1ccccc1)C(=O)N1CCC[C@H]1C(=O)NC(CCCN=C(N)N)C(=O)c1nc2ccccc2s1,False,,,6.301029995663981,
CCSC/C(=C(\F)C(=O)Nc1ccc(-c2ccccc2S(N)(=O)=O)cc1)c1cccc(C(=N)N)c1,False,,7.886056647693163,,
CCSc1ccc(NC(=O)c2ccc(C(=N)N(C)C)cc2)c(C(=O)Nc2ccc(Cl)cn2)c1,False,,8.886056647693163,,
CCSc1ccccc1C(=O)n1nnc2ccccc21,False,4.986265177741249,,,
CCSc1ncc2c(=O)oc(-c3ccccc3F)nc2n1,False,,3.6989700043360187,3.6989700043360187,
CCSc1nnc(NC(=O)c2ccco2)s1,False,,,4.301029995663981,
CC[C@@H](C(=O)N1CCC[C@H]1C(=O)N[C@H](C=O)CCCN=C(N)N)c1ccccc1,False,,,6.886056647693163,
CC[C@@H](C(=O)Nc1ccc(C(N)=O)c(F)c1)n1cc(OC)c(-c2cc(Cl)ccc2-n2cc(C(F)(F)F)nn2)cc1=O,False,6.0,5.571032367640285,5.601366229584642,
CC[C@@H](C)[C@@H](NC(=O)[C@H](O)Cc1ccccc1)C(=O)N1CCC[C@H]1C(=O)NCc1ccc(C(=N)N)cc1,False,,,8.154901959985743,
CC[C@@H](C)[C@@H](NC(=O)[C@H](O)Cc1ccccc1)C(=O)N1[C@H](C(=O)NCc2ccc(C(=N)N)cc2)C[C@@H]2CCCC[C@@H]21,False,,,8.481486060122112,
CC[C@@H](C)[C@@H](NC(C)C(F)F)C(=O)N1C[C@@](C)(O)C[C@H]1C(=O)NCc1ccc2c(N)nccc2c1,False,5.0,6.09799710864927,5.440213031799443,
CC[C@@H](C)[C@@H](NC1CCC(F)(F)CC1)C(=O)N1C[C@](O)(CC)C[C@H]1C(=O)NCc1ccc2c(N)nccc2c1,False,5.0,6.185752404268079,5.925915310971756,
CC[C@@H](C)[C@@H](NC1CCCCC1)C(=O)N1C[C@@H](O)C[C@H]1C(=O)NCc1ccc2c(N)nccc2c1,False,6.467245621007502,6.866461091629782,6.510041520575165,
CC[C@@H](C)[C@@H](NC1CCCCC1)C(=O)N1C[C@@](C)(C#N)C[C@H]1C(=O)NCc1ccc2c(N)nccc2c1,False,5.136974703770529,5.56304266933055,6.539102157243452,
CC[C@@H](C)[C@@H](NC1CCCCC1)C(=O)N1C[C@@](C)(O)C[C@H]1C(=O)NCc1ccc2c(N)nccc2c1,False,6.617982957425132,7.309803919971486,6.661543506395395,
CC[C@@H](C)[C@@H](NC1CCCCC1)C(=O)N1C[C@](O)(CC)C[C@H]1C(=O)NCc1ccc2c(N)nccc2c1,False,6.370590400897281,7.031517051446065,7.036212172654444,
CC[C@@H](C)[C@@H](NS(=O)(=O)Cc1ccc(C(F)(F)F)cc1)C(=O)N1C[C@@](C)(O)C[C@H]1C(=O)NCc1ccc2c(N)nccc2c1,False,4.522878745280337,6.484126156288321,6.283162276700476,
CC[C@@H](C)[C@@H](NS(=O)(=O)Cc1ccc(Cl)cc1)C(=O)N1C[C@@](C)(C#N)C[C@H]1C(=O)NCc1ccc2c(N)nccc2c1,False,4.698970004336019,6.081445469449727,7.366531544420414,
CC[C@@H](C)[C@@H](NS(=O)(=O)Cc1ccc(Cl)cc1)C(=O)N1C[C@@](C)(O)C[C@H]1C(=O)NCc1ccc2c(N)nccc2c1,False,4.522878745280337,7.107905397309519,6.431798275933005,
CC[C@@H](C)[C@@H]1NC(=O)C(=O)[C@H](CCCNC(=N)N)NC(=O)[C@@H]2CCCN2C(=O)[C@@H](NC(=O)[C@H](C)NC(=O)Cc2ccccc2)CNC(=O)/C=C/[C@H](Cc2ccc(O)cc2)NC1=O,False,,,8.165388063034598,
CC[C@@H](C)[C@H](NC(=O)[C@@H](Cc1ccccc1)NS(=O)(=O)Cc1ccccc1)C(=O)N[C@@H](CCCN=C(N)N)C(=O)c1nccs1,False,,6.42021640338319,4.714442690992226,
CC[C@@H](NC(=O)Nc1ccc(Cl)cc1)C(=O)Nc1ccc(N2CCOCC2=O)cc1,False,,7.769551078621726,,
CC[C@@H](NC(=O)[C@H](Cc1ccccc1)NC(=O)[C@@H](NC(=O)[C@H](CCCCN)NC(=O)c1cc(O)ccc1O)[C@@H](C)CC)C(=O)O,False,,,4.853871964321762,
CC[C@@H](NC(=O)c1ccc(Cl)s1)C(=O)Nc1ccc(N2CCOCC2=O)c(C)c1,False,,4.958607314841775,5.0,
CC[C@@H](NC(=O)c1ccc(Cl)s1)C(=O)Nc1ccc(N2CCOCC2=O)cc1,False,,4.698970004336019,5.0,
CC[C@@H](NC1CCC2(CC1)CCN(Cc1ccccc1)C2)C(=O)N1CCN(C(=O)Oc2ccc(C)c(C)c2Cl)C[C@H]1C(=O)NCc1ccc(CN)c(OC)c1,False,7.853871964321762,,,
CC[C@@H](NC1CCCCC1)C(=O)N1CCN(C(=O)Oc2ccc(C)c(C)c2Cl)C[C@H]1C(=O)NCc1ccc(CN)c(OC)c1,False,8.207608310501746,,,
CC[C@@H](NCC(=O)O)C(=O)NC1(C(=O)NCc2ccc(C(=N)N)cc2)Cc2ccccc2C1,False,,,3.5228787452803374,
CC[C@@H](c1cc(-c2ccc(N)nc2)ccn1)n1cc(OC)c(-c2cc(Cl)ccc2-n2cnnn2)cc1=O,False,6.0,6.0,6.0,
CC[C@@H](c1cc(-c2ccc(N)nc2F)ccn1)n1cc(OC)c(-c2cc(Cl)ccc2-n2cnnn2)cc1=O,False,6.0,6.0,6.0,
CC[C@@H](c1cn(-c2ccc(C(=O)OC)cc2)nn1)n1cc(OC)c(-c2cc(Cl)ccc2-n2cc(Cl)nn2)cc1=O,False,,5.376750709602099,4.169411331314856,
CC[C@@H]1CC(C(=O)NCc2ccc(C(=N)N)cc2)N2C(=O)[C@@](N)(CC3=CCCCC3)C[C@H](OC)[C@H]12.Cl,False,,,5.142667503568732,
CC[C@@H]1CC(C(=O)NCc2ccc(C(=N)N)cc2)N2C(=O)[C@](N)(CC3=CCCCC3)C[C@H](OC)[C@H]12.Cl,False,,,6.769551078621726,
CC[C@@H]1CC(C(=O)NCc2ccc(C(=N)N)cc2)N2C(=O)[C@](N)(Cc3ccccc3)C[C@H](OC)[C@H]12.Cl,False,,,6.6777807052660805,
CC[C@@H]1C[C@]1(NC(=O)[C@@H]1C[C@@H]2CN1C(=O)[C@H](C(C)(C)C)NC(=O)OCC(C)(C)CCCCc1cccc3c1CN(C3)C(=O)O2)C(=O)NS(=O)(=O)C1CC1,False,,,4.0,
CC[C@@]1(O)C[C@H](C(=O)Nc2ccc(-n3cccc(C)c3=O)cc2F)N(C(=O)Nc2ccc(Cl)cc2)C1,False,,9.301029995663981,,
CC[C@@]1(O)C[C@H](C(=O)Nc2ccc(-n3ccccc3=O)cc2F)N(C(=O)Nc2ccc(Cl)cc2)C1,False,,9.744727494896694,,
CC[C@@]1(OC)C[C@H](C(=O)Nc2ccc(-n3ccccc3=O)cc2F)N(C(=O)Nc2ccc(Cl)cc2)C1,False,,9.657577319177793,,
CC[C@H](C(=O)N1CCC[C@H]1C(=O)NC(C=O)CCCN=C(N)N)c1ccccc1,False,,4.481486060122112,6.886056647693163,
CC[C@H](C)[C@@H](N)C(=O)N1[C@H](C(=O)NCc2ccc(C(=N)N)cc2)C[C@@H]2CCCC[C@@H]21,False,,,6.995678626217358,
CC[C@H](C)[C@@H](NC(=O)CCc1ccccc1)C(=O)N1[C@H](C(=O)NCc2ccc(C(=N)N)cc2)C[C@@H]2CCCC[C@@H]21,False,,,6.476253533188435,
CC[C@H](C)[C@@H](NC(=O)OC(C)(C)C)C(=O)N1[C@H](C(=O)NCc2ccc(C(=N)N)cc2)C[C@@H]2CCCC[C@@H]21,False,,,6.767003889607846,
CC[C@H](C)[C@@H](NC(=O)[C@@H](C)O)C(=O)N1[C@H](C(=O)NCc2ccc(C(=N)N)cc2)C[C@@H]2CCCC[C@@H]21,False,,,7.275724130399211,
CC[C@H](C)[C@@H](NC(=O)[C@H](CCC(=O)O)NC(=O)[C@H](CCC(=O)O)NC(=O)[C@H](Cc1ccccc1)NC(=O)[C@H](CC(=O)O)NC(=O)CN)C(=O)N1CCC[C@H]1C(=O)N[C@@H](CCC(=O)O)C(=O)N[C@@H](CCC(=O)O)C(=O)N[C@@H](Cc1ccc(O)cc1)C(=O)N[C@@H](CC(C)C)C(=O)N[C@@H](CCC(N)=O)C(=O)O,False,,,5.886056647693163,
CC[C@H](C)[C@@H](NC(=O)[C@H](O)Cc1ccccc1)C(=O)N1[C@H](C(=O)NCc2ccc(C(=N)N)cc2)C[C@@H]2CCCC[C@@H]21,False,,,8.481486060122112,
CC[C@H](C)[C@@H](NC(C)=O)C(=O)N1[C@H](C(=O)NCc2ccc(C(=N)N)cc2)C[C@@H]2CCCC[C@@H]21,False,,,6.104577453960592,
CC[C@H](C)[C@@H]1NC(=O)[C@@H](CCC(N)=O)NC(=O)CNC(=O)[C@H](Cc2ccc(O)cc2)/N=C/[C@H](CC(C)C)NC(=O)[C@@H]2C[C@H](C)CN2C(=O)[C@H](CO)NC1=O,False,,,4.301029995663981,
CC[C@H](C)[C@@H]1NC(=O)[C@@H](CCC(N)=O)NC(=O)CNC(=O)[C@H](Cc2ccc(O)cc2)/N=C/[C@H](Cc2ccccc2)NC(=O)[C@@H]2C[C@H](C)CN2C(=O)[C@H](CO)NC1=O,False,,,4.301029995663981,
CC[C@H](C)[C@@H]1NC(=O)[C@@H]2CCCN2C(=O)[C@@H]2CCCN2C(=O)CNC(=O)[C@H](CO)NC(=O)[C@H](CCCCN)NC(=O)[C@H]([C@@H](C)O)NC(=O)[C@@H]2CSSC[C@H](NC1=O)C(=O)N[C@@H](Cc1ccccc1)C(=O)N1CCC[C@H]1C(=O)N[C@@H](CC(=O)O)C(=O)NCC(=O)N[C@@H](CCCNC(=N)N)C(=O)N2,False,,,4.301029995663981,
CC[C@H](C)[C@@H]1NC(=O)[C@@H]2CSSC[C@H](NC(=O)[C@H](CCCNC(=N)N)NC(=O)CNC(=O)CN)C(=O)N[C@@H](Cc3ccccc3)C(=O)N[C@@H](CCCNC(=N)N)C(=O)N[C@@H]([C@@H](C)CC)C(=O)N[C@@H](CC(C)C)C(=O)N[C@@H](CCCCN)C(=O)N[C@@H](CCCCN)C(=O)N[C@@H]3CSSC[C@H](NC1=O)C(=O)N[C@@H](CCCNC(=N)N)C(=O)NCC(=O)N[C@@H](CC(N)=O)C(=O)NCC(=O)N[C@@H](Cc1ccc(O)cc1)C(=O)N[C@H](C(=O)NCC(=O)N[C@@H](CO)C(=O)O)CSSC[C@H](NC(=O)[C@H](CC(=O)O)NC(=O)[C@H](CO)NC(=O)[C@H](CC(=O)O)NC(=O)[C@H](CCCNC(=N)N)NC(=O)[C@H](CCCNC(=N)N)NC3=O)C(=O)N1CCC[C@H]1C(=O)NCC(=O)N[C@@H](C)C(=O)N2,False,,,5.301029995663981,
CC[C@H](C)[C@@H]1NC(=O)[C@H](C)NC(=O)[C@H](CCCCN)NC(=O)[C@H](Cc2ccccc2)NC(=O)[C@H](CCCNC(=N)N)NC(=O)[C@H](CC(C)C)NC(=O)[C@H](Cc2ccc(O)cc2)NC(=O)CSC[C@@H](C(N)=O)NC(=O)CNC(=O)CNC(=O)[C@H](CC(C)C)NC(=O)[C@H](CO)NC1=O,False,6.7447274948966935,4.3872161432802645,,
CC[C@H](C)[C@@H]1NC(=O)[C@H](CC(C)C)NC(=O)[C@H](Cc2ccc(O)cc2)NC(=O)CSC[C@@H](C(=O)N[C@H](C(=O)N[C@@H](CO)C(=O)N[C@@H](CCCNC(=N)N)C(=O)N[C@@H](CCCNC(=N)N)C(=O)N[C@@H](C)C(=O)N[C@@H](Cc2ccccc2)C(=O)N[C@@H](Cc2ccccc2)C(=O)N[C@H](C(=O)N[C@@H](CC(=O)O)C(=O)N[C@@H](CCC(N)=O)C(=O)N[C@@H](CO)C(N)=O)[C@@H](C)O)C(C)C)NC1=O,False,4.0,4.0,,
CC[C@H](C)[C@@H]1NC(=O)[C@H](CCCNC(=N)N)NC(=O)[C@H](Cc2ccccc2)NC(=O)[C@@H](NC(=O)[C@H](CCCNC(=N)N)NC(=O)CNC(=O)CN)CSSC[C@@H]2NC(=O)[C@H](C)NC(=O)CNC(=O)[C@@H]3CCCN3C(=O)[C@@H]3CSSC[C@@H](C(=O)NCC(=O)N[C@@H](CO)C(=O)O)NC(=O)[C@H](Cc4ccc(O)cc4)NC(=O)CNC(=O)[C@H](CC(N)=O)NC(=O)CNC(=O)[C@H](CCCNC(=N)N)NC(=O)[C@H](CSSC[C@@H](NC(=O)[C@H](CCCCN)NC(=O)[C@H](CCCCN)NC(=O)CNC1=O)C(=O)N[C@@H](CCCNC(=N)N)C(=O)N[C@@H](CCCNC(=N)N)C(=O)N[C@@H](CC(=O)O)C(=O)N[C@@H](CO)C(=O)N[C@@H](CC(=O)O)C(=O)N3)NC(=O)[C@H]([C@@H](C)CC)NC2=O,False,,,5.301029995663981,
CC[C@H](C)[C@@H]1NC(=O)[C@H](Cc2c[nH]cn2)NC(=O)[C@H](CCCCN)NC(=O)[C@H](Cc2ccccc2)NC(=O)[C@H](CCCNC(=N)N)NC(=O)[C@H](CC(C)C)NC(=O)[C@H](Cc2ccc(O)cc2)NC(=O)CSC[C@@H](C(N)=O)NC(=O)CNC(=O)CNC(=O)[C@H](CC(C)C)NC(=O)[C@H](CO)NC1=O,False,6.569011876781509,4.769551078621726,,
CC[C@H](C)[C@@H]1NC(=O)[C@H](Cc2ccccc2)N(C)C(=O)[C@H]([C@@H](C)CC)N2C(=O)[C@H](CC[C@H]2O)NC(=O)[C@H](CCCNC(=N)N)NC(=O)[C@@H](NC(=O)[C@@H](COS(=O)(=O)O)OS(=O)(=O)O)[C@@H](C)OC1=O,False,,,4.3448615651886175,
CC[C@H](C)[C@@H]1NC(=O)[C@H](Cc2ccccc2)N(C)C(=O)[C@H]([C@@H](C)CC)N2C(=O)[C@H](CC[C@H]2OC)NC(=O)[C@H](CCCNC(=N)N)NC(=O)[C@@H](NC(=O)[C@H](O)CO)[C@@H](C)OC1=O,False,,,4.276544327964814,
CC[C@H](C)[C@@H]1NC(=O)[C@H](NC(=O)N[C@@H](CCCNC(=N)N)C(=O)O)CCCCNC(=O)[C@H](Cc2ccccc2)NC(=O)[C@H](C)N(C)C(=O)[C@H](CCc2ccc(O)cc2)NC1=O,False,,4.42021640338319,6.455931955649724,
CC[C@H](C)[C@H](NC(=O)[C@@H](Cc1ccccc1)NS(=O)(=O)Cc1ccccc1)C(=O)N[C@@H](CCCNC(=N)N)C(=O)c1nccs1,False,,6.42021640338319,4.721246399047171,
CC[C@H](C)[C@H](NC(=O)[C@H](CCCCN)NC(=O)c1cc(O)ccc1O)C(=O)N[C@@H](Cc1ccccc1)C(=O)NCC(=O)O,False,,,4.698970004336019,
CC[C@H](C)[C@H](NC(=O)[C@H](CCCCN)NC(=O)c1cc(O)ccc1O)C(=O)N[C@@H](Cc1ccccc1)C(=O)NCCC(=O)O,False,,,4.5376020021010435,
CC[C@H](C)[C@H](NC(=O)[C@H](CCCCN)NC(=O)c1cc(O)ccc1O)C(=O)N[C@@H](Cc1ccccc1)C(=O)NCCCC(=O)O,False,,,4.958607314841775,
CC[C@H](C)[C@H](NC(=O)[C@H](CCCCN)NC(=O)c1cc(O)ccc1O)C(=O)N[C@@H](Cc1ccccc1)C(=O)NCCCCCC(=O)O,False,,,4.886056647693163,
CC[C@H](C)[C@H](NC(=O)[C@H](CCCCN)NC(=O)c1cc(O)ccc1O)C(=O)N[C@@H](Cc1ccccc1)C(=O)N[C@@H](C)C(=O)O,False,,,5.236572006437063,
CC[C@H](C)[C@H](NC(=O)[C@H](CCCCN)NC(=O)c1cc(O)ccc1O)C(=O)N[C@@H](Cc1ccccc1)C(=O)N[C@@H](CC(=O)O)C(=O)O,False,,,4.161150909262744,
CC[C@H](C)[C@H](NC(=O)[C@H](CCCCN)NC(=O)c1cc(O)ccc1O)C(=O)N[C@@H](Cc1ccccc1)C(=O)N[C@@H](CC(C)C)C(=O)O,False,,,5.045757490560675,
CC[C@H](C)[C@H](NC(=O)[C@H](CCCCN)NC(=O)c1cc(O)ccc1O)C(=O)N[C@@H](Cc1ccccc1)C(=O)N[C@@H](CC(N)=O)C(=O)O,False,,,4.6777807052660805,
CC[C@H](C)[C@H](NC(=O)[C@H](CCCCN)NC(=O)c1cc(O)ccc1O)C(=O)N[C@@H](Cc1ccccc1)C(=O)N[C@@H](CCC(=O)O)C(=O)O,False,,,3.6989700043360187,
CC[C@H](C)[C@H](NC(=O)[C@H](CCCCN)NC(=O)c1cc(O)ccc1O)C(=O)N[C@@H](Cc1ccccc1)C(=O)N[C@@H](CCC(N)=O)C(=O)O,False,,,5.1938200260161125,
CC[C@H](C)[C@H](NC(=O)[C@H](CCCCN)NC(=O)c1cc(O)ccc1O)C(=O)N[C@@H](Cc1ccccc1)C(=O)N[C@@H](CCCCN)C(=O)O,False,,,5.6020599913279625,
CC[C@H](C)[C@H](NC(=O)[C@H](CCCCN)NC(=O)c1cc(O)ccc1O)C(=O)N[C@@H](Cc1ccccc1)C(=O)N[C@@H](CCCN=C(N)N)C(=O)O,False,,,5.721246399047171,
CC[C@H](C)[C@H](NC(=O)[C@H](CCCCN)NC(=O)c1cc(O)ccc1O)C(=O)N[C@@H](Cc1ccccc1)C(=O)N[C@@H](CCSC)C(=O)O,False,,,5.154901959985743,
CC[C@H](C)[C@H](NC(=O)[C@H](CCCCN)NC(=O)c1cc(O)ccc1O)C(=O)N[C@@H](Cc1ccccc1)C(=O)N[C@@H](CO)C(=O)O,False,,,4.823908740944319,
CC[C@H](C)[C@H](NC(=O)[C@H](CCCCN)NC(=O)c1cc(O)ccc1O)C(=O)N[C@@H](Cc1ccccc1)C(=O)N[C@@H](Cc1c[nH]c2ccccc12)C(=O)O,False,,,4.366531544420414,
CC[C@H](C)[C@H](NC(=O)[C@H](CCCCN)NC(=O)c1cc(O)ccc1O)C(=O)N[C@@H](Cc1ccccc1)C(=O)N[C@@H](Cc1c[nH]cn1)C(=O)O,False,,,4.886056647693163,
CC[C@H](C)[C@H](NC(=O)[C@H](CCCCN)NC(=O)c1cc(O)ccc1O)C(=O)N[C@@H](Cc1ccccc1)C(=O)N[C@@H](Cc1ccc(O)cc1)C(=O)O,False,,,4.42021640338319,
CC[C@H](C)[C@H](NC(=O)[C@H](CCCCN)NC(=O)c1cc(O)ccc1O)C(=O)N[C@@H](Cc1ccccc1)C(=O)N[C@@H](Cc1ccccc1)C(=O)O,False,,,4.568636235841013,
CC[C@H](C)[C@H](NC(=O)[C@H](CCCCN)NC(=O)c1cc(O)ccc1O)C(=O)N[C@@H](Cc1ccccc1)C(=O)N[C@H](C(=O)O)C(C)C,False,,,4.508638306165727,
CC[C@H](C)[C@H](NC(=O)[C@H](CCCCN)NC(=O)c1cc(O)ccc1O)C(=O)N[C@@H](Cc1ccccc1)C(=O)N[C@H](C(=O)O)[C@@H](C)O,False,,,4.769551078621726,
CC[C@H](C)[C@H](NC(=O)[C@H](CCCCN)NC(=O)c1cc(O)ccc1O)C(=O)N[C@@H](Cc1ccccc1)C(=O)N[C@H](C)C(=O)O,False,,,4.267606240177032,
CC[C@H](C)[C@H](NC(=O)[C@H](CCCCN)NC(=O)c1cc(O)ccc1O)C(=O)N[C@@H](Cc1ccccc1)C(=O)N[C@H](CC(C)C)C(=O)O,False,,,4.292429823902063,
CC[C@H](C)[C@H](NC(=O)[C@H](Cc1ccccc1)NC(=O)[C@@H](NC(=O)[C@H](CCCCN)NC(=O)c1cc(O)ccc1O)[C@@H](C)CC)C(=O)O,False,,,4.376750709602099,
CC[C@H](C)[C@H](NC(=O)[C@H]1CCCN1C(=O)[C@H](CCC(=O)O)NC(=O)[C@@H](Cc1ccc(O)cc1)NC(=O)CCC(=O)O)C(=O)N1CCC[C@@H]1C(=O)N[C@@H](CCC(=O)O)C(=O)N[C@H](CCC(=O)O)C(=O)N[C@@H](C)C(=O)N[C@H](CC1CCCCC1)C(=O)N[C@@H](CCC(=O)O)C(=O)O,False,,,7.5376020021010435,
CC[C@H](C)[C@H](NC(=O)c1ccccc1)C(=O)N[C@@H](CCC(=O)O)C(=O)NCC(=O)N[C@@H](CCCN=C(N)N)C(=O)Nc1ccc([N+](=O)[O-])cc1,False,,,7.7447274948966935,
CC[C@H](C)[C@H]1NC(=O)C(=O)[C@H](CCCNC(=N)N)NC(=O)[C@@H]2CCCN2C(=O)[C@@H](NC(=O)[C@H](C)NC(=O)CC(C)C)CNC(=O)/C=C/[C@H](Cc2ccc(O)cc2)NC1=O,False,,,8.022276394711152,
CC[C@H](C)[C@H]1NC(=O)C(=O)[C@H](CCCNC(=N)N)NC(=O)[C@@H]2CCCN2C(=O)[C@@H](NC(=O)[C@H](C)NC(=O)c2ccccc2)CNC(=O)/C=C/[C@H](Cc2ccc(O)cc2)NC1=O,False,,,7.886056647693163,
CC[C@H](CC[C@@H](C)[C@H]1CC[C@H]2[C@@H]3CC=C4C[C@@H](O)CC[C@]4(C)[C@H]3CC[C@]12C)C(C)C,False,,,3.915710088868286,
CC[C@H](NC(=O)CCCCCNC(=O)[C@@H](NC(=O)[C@H](CCCCN)NC(=O)c1cc(O)ccc1O)[C@@H](C)CC)C(=O)O,False,,,3.774690718274137,
CC[C@H](NC(=O)CCCNC(=O)[C@@H](NC(=O)[C@H](CCCCN)NC(=O)c1cc(O)ccc1O)[C@@H](C)CC)C(=O)O,False,,,3.5816987086802543,
CC[C@H](NC(=O)CCNC(=O)[C@@H](NC(=O)[C@H](CCCCN)NC(=O)c1cc(O)ccc1O)[C@@H](C)CC)C(=O)O,False,,,3.3914739664228057,
CC[C@H](NC(=O)CNC(=O)[C@@H](NC(=O)[C@H](CCCCN)NC(=O)c1cc(O)ccc1O)[C@@H](C)CC)C(=O)O,False,,,3.350665141287858,
CC[C@H](NC(=O)[C@@H](C)NC(=O)[C@@H](NC(=O)[C@H](CCCCN)NC(=O)c1cc(O)ccc1O)[C@@H](C)CC)C(=O)O,False,,,3.2269453066357374,
CC[C@H](NC(=O)[C@@H](CC(C)C)NC(=O)[C@@H](NC(=O)[C@H](CCCCN)NC(=O)c1cc(O)ccc1O)[C@@H](C)CC)C(=O)O,False,,,3.294992040666664,
CC[C@H](NC(=O)[C@@H](NC(=O)CCNC(=O)[C@H](CCCCN)NC(=O)c1cc(O)ccc1O)[C@@H](C)CC)C(=O)O,False,,,3.0856568428805593,
CC[C@H](NC(=O)[C@@H](NC(=O)CNC(=O)[C@H](CCCCN)NC(=O)c1cc(O)ccc1O)[C@@H](C)CC)C(=O)O,False,,,3.3685562309868278,
CC[C@H](NC(=O)[C@@H](NC(=O)[C@@H](CC(C)C)NC(=O)[C@H](CCCCN)NC(=O)c1cc(O)ccc1O)[C@@H](C)CC)C(=O)O,False,,,3.294992040666664,
CC[C@H](NC(=O)[C@@H](NC(=O)[C@@H](NC(=O)[C@H](CCCCN)NC(=O)c1cc(O)ccc1O)C(C)C)[C@@H](C)CC)C(=O)O,False,,,3.4975728800155674,
CC[C@H](NC(=O)[C@@H](NC(=O)[C@@H](NC(=O)[C@H](CCCCN)NC(=O)c1cc(O)ccc1O)[C@@H](C)CC)C(C)C)C(=O)O,False,,,3.712198270069774,
CC[C@H](NC(=O)[C@@H](NC(=O)[C@@H](NC(=O)[C@H](CCCCN)NC(=O)c1cc(O)ccc1O)[C@@H](C)CC)[C@@H](C)CC)C(=O)O,False,,,4.096063433998334,
CC[C@H](NC(=O)[C@@H](NC(=O)[C@@H](NC(=O)[C@H](CCCCN)NC(=O)c1cc(O)ccc1O)[C@@H](C)CC)[C@@H](C)O)C(=O)O,False,,,3.404503778174426,
CC[C@H](NC(=O)[C@@H](NC(=O)[C@@H](NC(=O)[C@H](CCCCN)NC(=O)c1cc(O)ccc1O)[C@@H](C)O)[C@@H](C)CC)C(=O)O,False,,,3.2628073572952627,
CC[C@H](NC(=O)[C@@H](NC(=O)[C@@H]1CC(O)CN1C(=O)[C@H](CCCCN)NC(=O)c1cc(O)ccc1O)[C@@H](C)CC)C(=O)O,False,,,3.5257837359237447,
CC[C@H](NC(=O)[C@@H](NC(=O)[C@@H]1CCCN1C(=O)CCCCCNC(=O)c1cc(O)ccc1O)[C@@H](C)CC)C(=O)O,False,,,2.6647427435654683,
CC[C@H](NC(=O)[C@@H](NC(=O)[C@@H]1CCCN1C(=O)CCCNC(=O)c1cc(O)ccc1O)[C@@H](C)CC)C(=O)O,False,,,2.521000868326643,
CC[C@H](NC(=O)[C@@H](NC(=O)[C@@H]1CCCN1C(=O)CCNC(=O)c1cc(O)ccc1O)[C@@H](C)CC)C(=O)O,False,,,2.450751443145944,
CC[C@H](NC(=O)[C@@H](NC(=O)[C@@H]1CCCN1C(=O)CNC(=O)c1cc(O)ccc1O)[C@@H](C)CC)C(=O)O,False,,,2.524474084960719,
CC[C@H](NC(=O)[C@@H](NC(=O)[C@@H]1CCCN1C(=O)[C@@H](C)NC(=O)c1cc(O)ccc1O)[C@@H](C)CC)C(=O)O,False,,,2.529295570277212,
CC[C@H](NC(=O)[C@@H](NC(=O)[C@@H]1CCCN1C(=O)[C@@H](CC(C)C)NC(=O)c1cc(O)ccc1O)[C@@H](C)CC)C(=O)O,False,,,2.5565805382171827,
CC[C@H](NC(=O)[C@@H](NC(=O)[C@@H]1CCCN1C(=O)[C@@H](NC(=O)c1cc(O)ccc1O)C(C)C)[C@@H](C)CC)C(=O)O,False,,,2.5890541413122254,
CC[C@H](NC(=O)[C@@H](NC(=O)[C@@H]1CCCN1C(=O)[C@@H](NC(=O)c1cc(O)ccc1O)[C@@H](C)CC)[C@@H](C)CC)C(=O)O,False,,,2.567030709125594,
CC[C@H](NC(=O)[C@@H](NC(=O)[C@@H]1CCCN1C(=O)[C@@H](NC(=O)c1cc(O)ccc1O)[C@@H](C)O)[C@@H](C)CC)C(=O)O,False,,,2.5012760292520952,
CC[C@H](NC(=O)[C@@H](NC(=O)[C@@H]1CCCN1C(=O)[C@@H]1CCCN1C(=O)c1cc(O)ccc1O)[C@@H](C)CC)C(=O)O,False,,,2.4706980022120195,
CC[C@H](NC(=O)[C@@H](NC(=O)[C@@H]1CCCN1C(=O)[C@H](C)NC(=O)c1cc(O)ccc1O)[C@@H](C)CC)C(=O)O,False,,,2.7572101905213233,
CC[C@H](NC(=O)[C@@H](NC(=O)[C@@H]1CCCN1C(=O)[C@H](CC(=O)O)NC(=O)c1cc(O)ccc1O)[C@@H](C)CC)C(=O)O,False,,,2.6087119514047026,
CC[C@H](NC(=O)[C@@H](NC(=O)[C@@H]1CCCN1C(=O)[C@H](CC(C)C)NC(=O)c1cc(O)ccc1O)[C@@H](C)CC)C(=O)O,False,,,2.7242280998350688,
CC[C@H](NC(=O)[C@@H](NC(=O)[C@@H]1CCCN1C(=O)[C@H](CC(N)=O)NC(=O)c1cc(O)ccc1O)[C@@H](C)CC)C(=O)O,False,,,2.4703130462270835,
CC[C@H](NC(=O)[C@@H](NC(=O)[C@@H]1CCCN1C(=O)[C@H](CC)NC(=O)c1cc(O)ccc1O)[C@@H](C)CC)C(=O)O,False,,,2.5416643740080525,
CC[C@H](NC(=O)[C@@H](NC(=O)[C@@H]1CCCN1C(=O)[C@H](CCC(=O)O)NC(=O)c1cc(O)ccc1O)[C@@H](C)CC)C(=O)O,False,,,2.4780777551164994,
CC[C@H](NC(=O)[C@@H](NC(=O)[C@@H]1CCCN1C(=O)[C@H](CCC(N)=O)NC(=O)c1cc(O)ccc1O)[C@@H](C)CC)C(=O)O,False,,,2.5943122133272225,
CC[C@H](NC(=O)[C@@H](NC(=O)[C@@H]1CCCN1C(=O)[C@H](CCCN=C(N)N)NC(=O)c1cc(O)ccc1O)[C@@H](C)CC)C(=O)O,False,,,3.7375486976750936,
CC[C@H](NC(=O)[C@@H](NC(=O)[C@@H]1CCCN1C(=O)[C@H](CCSC)NC(=O)c1cc(O)ccc1O)[C@@H](C)CC)C(=O)O,False,,,2.580044251510242,
CC[C@H](NC(=O)[C@@H](NC(=O)[C@@H]1CCCN1C(=O)[C@H](CO)NC(=O)c1cc(O)ccc1O)[C@@H](C)CC)C(=O)O,False,,,2.633017024022149,
CC[C@H](NC(=O)[C@@H](NC(=O)[C@@H]1CCCN1C(=O)[C@H](Cc1c[nH]c2ccccc12)NC(=O)c1cc(O)ccc1O)[C@@H](C)CC)C(=O)O,False,,,2.7662426370344897,
CC[C@H](NC(=O)[C@@H](NC(=O)[C@@H]1CCCN1C(=O)[C@H](Cc1c[nH]cn1)NC(=O)c1cc(O)ccc1O)[C@@H](C)CC)C(=O)O,False,,,2.552376902239714,
CC[C@H](NC(=O)[C@@H](NC(=O)[C@@H]1CCCN1C(=O)[C@H](Cc1ccc(O)cc1)NC(=O)c1cc(O)ccc1O)[C@@H](C)CC)C(=O)O,False,,,2.614393726401688,
CC[C@H](NC(=O)[C@@H](NC(=O)[C@@H]1CCCN1C(=O)[C@H](Cc1ccccc1)NC(=O)c1cc(O)ccc1O)[C@@H](C)CC)C(=O)O,False,,,2.656394491895828,
CC[C@H](NC(=O)[C@@H](NC(=O)[C@@H]1CSCN1C(=O)[C@H](CCCCN)NC(=O)c1cc(O)ccc1O)[C@@H](C)CC)C(=O)O,False,,,3.4225082001627745,
CC[C@H](NC(=O)[C@@H](NC(=O)[C@H](C)NC(=O)[C@H](CCCCN)NC(=O)c1cc(O)ccc1O)[C@@H](C)CC)C(=O)O,False,,,3.7055393691909964,
CC[C@H](NC(=O)[C@@H](NC(=O)[C@H](CC(=O)O)NC(=O)[C@H](CCCCN)NC(=O)c1cc(O)ccc1O)[C@@H](C)CC)C(=O)O,False,,,2.8989406450918844,
CC[C@H](NC(=O)[C@@H](NC(=O)[C@H](CC(C)C)NC(=O)[C@H](CCCCN)NC(=O)c1cc(O)ccc1O)[C@@H](C)CC)C(=O)O,False,,,4.337242168318426,
CC[C@H](NC(=O)[C@@H](NC(=O)[C@H](CC(N)=O)NC(=O)[C@H](CCCCN)NC(=O)c1cc(O)ccc1O)[C@@H](C)CC)C(=O)O,False,,,3.148130399270234,
CC[C@H](NC(=O)[C@@H](NC(=O)[C@H](CCC(=O)O)NC(=O)[C@H](CCCCN)NC(=O)c1cc(O)ccc1O)[C@@H](C)CC)C(=O)O,False,,,4.267606240177032,
CC[C@H](NC(=O)[C@@H](NC(=O)[C@H](CCC(N)=O)NC(=O)[C@H](CCCCN)NC(=O)c1cc(O)ccc1O)[C@@H](C)CC)C(=O)O,False,,,3.5228787452803374,
CC[C@H](NC(=O)[C@@H](NC(=O)[C@H](CCCCN)NC(=O)[C@H](CCCCN)NC(=O)c1cc(O)ccc1O)[C@@H](C)CC)C(=O)O,False,,,3.1260984021355385,
CC[C@H](NC(=O)[C@@H](NC(=O)[C@H](CCCN=C(N)N)NC(=O)[C@H](CCCCN)NC(=O)c1cc(O)ccc1O)[C@@H](C)CC)C(=O)O,False,,,3.563837352959244,
CC[C@H](NC(=O)[C@@H](NC(=O)[C@H](CO)NC(=O)[C@H](CCCCN)NC(=O)c1cc(O)ccc1O)[C@@H](C)CC)C(=O)O,False,,,3.350665141287858,
CC[C@H](NC(=O)[C@@H](NC(=O)[C@H](Cc1c[nH]c2ccccc12)NC(=O)[C@H](CCCCN)NC(=O)c1cc(O)ccc1O)[C@@H](C)CC)C(=O)O,False,,,3.7721132953863266,
CC[C@H](NC(=O)[C@@H](NC(=O)[C@H](Cc1c[nH]cn1)NC(=O)[C@H](CCCCN)NC(=O)c1cc(O)ccc1O)[C@@H](C)CC)C(=O)O,False,,,3.374687549038326,
CC[C@H](NC(=O)[C@@H](NC(=O)[C@H](Cc1ccc(O)cc1)NC(=O)[C@H](CCCCN)NC(=O)c1cc(O)ccc1O)[C@@H](C)CC)C(=O)O,False,,,3.1726307269461747,
CC[C@H](NC(=O)[C@@H](NC(=O)[C@H](Cc1ccccc1)NC(=O)[C@H](CCCCN)NC(=O)c1cc(O)ccc1O)[C@@H](C)CC)C(=O)O,False,,,3.709965388637482,
CC[C@H](NC(=O)[C@@H]1CCCN1C(=O)[C@@H](NC(=O)[C@H](CCCCN)NC(=O)c1cc(O)ccc1O)[C@@H](C)CC)C(=O)O,False,,,3.2350770153501114,
CC[C@H](NC(=O)[C@H](C)NC(=O)[C@@H](NC(=O)[C@H](CCCCN)NC(=O)c1cc(O)ccc1O)[C@@H](C)CC)C(=O)O,False,,,3.7375489102695707,
CC[C@H](NC(=O)[C@H](CC(=O)O)NC(=O)[C@@H](NC(=O)[C@H](CCCCN)NC(=O)c1cc(O)ccc1O)[C@@H](C)CC)C(=O)O,False,,,3.167491087293764,
CC[C@H](NC(=O)[C@H](CC(C)C)NC(=O)[C@@H](NC(=O)[C@H](CCCCN)NC(=O)c1cc(O)ccc1O)[C@@H](C)CC)C(=O)O,False,,,3.8632794328435933,
CC[C@H](NC(=O)[C@H](CC(N)=O)NC(=O)[C@@H](NC(=O)[C@H](CCCCN)NC(=O)c1cc(O)ccc1O)[C@@H](C)CC)C(=O)O,False,,,3.4672456210075024,
CC[C@H](NC(=O)[C@H](CC)NC(=O)[C@@H](NC(=O)[C@H](CCCCN)NC(=O)c1cc(O)ccc1O)[C@@H](C)CC)C(=O)O,False,,,3.5316526695878427,
CC[C@H](NC(=O)[C@H](CCC(=O)O)NC(=O)[C@@H](NC(=O)[C@H](CCCCN)NC(=O)c1cc(O)ccc1O)[C@@H](C)CC)C(=O)O,False,,,3.339134521996131,
CC[C@H](NC(=O)[C@H](CCC(N)=O)NC(=O)[C@@H](NC(=O)[C@H](CCCCN)NC(=O)c1cc(O)ccc1O)[C@@H](C)CC)C(=O)O,False,,,4.086186147616283,
CC[C@H](NC(=O)[C@H](CCCCN)NC(=O)[C@@H](NC(=O)[C@H](CCCCN)NC(=O)c1cc(O)ccc1O)[C@@H](C)CC)C(=O)O,False,,,4.167491087293763,
CC[C@H](NC(=O)[C@H](CCCN=C(N)N)NC(=O)[C@@H](NC(=O)[C@H](CCCCN)NC(=O)c1cc(O)ccc1O)[C@@H](C)CC)C(=O)O,False,,,4.585026652029182,
CC[C@H](NC(=O)[C@H](CCSC)NC(=O)[C@@H](NC(=O)[C@H](CCCCN)NC(=O)c1cc(O)ccc1O)[C@@H](C)CC)C(=O)O,False,,,4.337242168318426,
CC[C@H](NC(=O)[C@H](CO)NC(=O)[C@@H](NC(=O)[C@H](CCCCN)NC(=O)c1cc(O)ccc1O)[C@@H](C)CC)C(=O)O,False,,,3.9746941347352296,
CC[C@H](NC(=O)[C@H](Cc1c[nH]c2ccccc12)NC(=O)[C@@H](NC(=O)[C@H](CCCCN)NC(=O)c1cc(O)ccc1O)[C@@H](C)CC)C(=O)O,False,,,4.356547323513812,
CC[C@H](NC(=O)[C@H](Cc1c[nH]cn1)NC(=O)[C@@H](NC(=O)[C@H](CCCCN)NC(=O)c1cc(O)ccc1O)[C@@H](C)CC)C(=O)O,False,,,3.962573502059376,
CC[C@H](NC(=O)[C@H](Cc1ccc(O)cc1)NC(=O)[C@@H](NC(=O)[C@H](CCCCN)NC(=O)c1cc(O)ccc1O)[C@@H](C)CC)C(=O)O,False,,,4.6020599913279625,
CC[C@H](NC(=O)[C@H](Cc1ccccc1)NC(=O)[C@@H](NC(=O)[C@H](CCCCN)NC(=O)c1cc(O)ccc1O)[C@@H](C)CC)C(=O)O,False,,,4.7508447231052,
CC[C@H](c1cn(-c2ccc(C(=O)OC)cc2)nn1)n1cc(OC)c(-c2cc(Cl)ccc2-n2cc(Cl)nn2)cc1=O,False,,3.9956786262173574,,
CCc1c(-c2ccccn2)cccc1S(=O)(=O)N[C@@H](CNC(=O)c1ccc(Cl)s1)C(=O)N1CCOC[C@@H]1C,False,,8.958607314841775,7.638272163982407,
CCc1c(-c2ccccn2)cccc1S(=O)(=O)N[C@@H](CNC(=O)c1csc(Cl)c1)C(=O)N1CCC(=C(F)F)CC1,False,,7.4089353929735005,6.638272163982407,
CCc1c(-c2ccccn2)cccc1S(=O)(=O)N[C@@H](CNC(=O)c1csc(Cl)c1)C(=O)N1CCOCC1,False,,7.886056647693163,5.886056647693163,
CCc1c(C)nc(N)nc1N1N=C1SCC#N,False,4.301029995663981,,,
CCc1c(C)nc2ncnn2c1N1CCC(C(=O)Nc2ccccc2)CC1,False,4.301029995663981,,,
CCc1c(Cl)nc(NCCc2ccccc2)c(=O)n1CC(=O)NCc1ccc(C(=N)N)cc1,False,,,7.3979400086720375,
CCc1c(N2CCCC2=O)cccc1S(=O)(=O)N[C@@H](CNC(=O)c1ccc(Cl)s1)C(=O)N1CCOC[C@@H]1C,False,,9.301029995663981,7.886056647693163,
CCc1c(N2CCCC2=O)cccc1S(=O)(=O)N[C@@H](CNC(=O)c1ccc(Cl)s1)C(=O)OC1CN(C(C)C)C1.Cl,False,,8.386056647693163,7.955931955649724,
CCc1c(N2CCCC2=O)cccc1S(=O)(=O)N[C@@H](CNC(=O)c1ccc(Cl)s1)C(=O)OCCC[n+]1ccc(O)cc1.[Cl-],False,,8.462226519303734,8.372363747448347,
CCc1c(N2CCCC2=O)cccc1S(=O)(=O)N[C@@H](CNC(=O)c1ccc(Cl)s1)C(=O)OCC[S@+](C)[O-],False,,8.628833858821427,9.235541649861172,
CCc1c(N2CCCC2=O)cccc1S(=O)(=O)N[C@@H](CNC(=O)c1ccc(Cl)s1)C(=O)OCC[S@@+](C)[O-],False,,8.650428156302759,8.261439372640169,
CCc1c(N2CCCC2=O)cccc1S(=O)(=O)N[C@@H](CNC(=O)c1ccc(Cl)s1)C(=O)OCCc1nccn1C.Cl,False,,8.79393779691334,8.600674677277365,
CCc1c(N2CCCC2=O)cccc1S(=O)(=O)N[C@@H](CNC(=O)c1ccc(Cl)s1)C(=O)OCCn1ccnc1,False,,8.799299729609228,9.008638306165727,
CCc1c(N2CCCC2=O)cccc1S(=O)(=O)N[C@@H](CNC(=O)c1ccc(Cl)s1)C(=O)O[C@H]1CCN(C)C1.Cl,False,,8.398211612511012,7.738321896672604,
CCc1c(N2CCCCC2=O)cccc1S(=O)(=O)N[C@@H](CNC(=O)c1ccc(Cl)s1)C(=O)N1CCOC[C@@H]1C,False,,9.221848749616356,7.886056647693163,
CCc1c(N2CCN(CCO)C2=O)cccc1S(=O)(=O)N[C@@H](CNC(=O)c1ccc(Cl)s1)C(=O)OCC[S@+](C)[O-],False,,8.55987911205226,8.7179037696869,
CCc1c(N2CCOCC2=O)cccc1S(=O)(=O)N[C@@H](CNC(=O)c1ccc(Cl)s1)C(=O)N1CCC(C)CC1,False,,8.468521082957745,8.0,
CCc1c(N2CCOCC2=O)cccc1S(=O)(=O)N[C@@H](CNC(=O)c1ccc(Cl)s1)C(=O)N1CCC(O)CC1,False,,8.853871964321762,7.142667503568731,
CCc1c(N2CCOCC2=O)cccc1S(=O)(=O)N[C@@H](CNC(=O)c1ccc(Cl)s1)C(=O)N1CCC(OC)CC1,False,,8.853871964321762,7.698970004336019,
CCc1c(N2CCOCC2=O)cccc1S(=O)(=O)N[C@@H](CNC(=O)c1ccc(Cl)s1)C(=O)N1CCCCC1,False,,8.958607314841775,7.920818753952375,
CCc1c(N2CCOCC2=O)cccc1S(=O)(=O)N[C@@H](CNC(=O)c1ccc(Cl)s1)C(=O)N1CCN(C)CC1,False,,8.920818753952375,7.568636235841013,
CCc1c(N2CCOCC2=O)cccc1S(=O)(=O)N[C@@H](CNC(=O)c1ccc(Cl)s1)C(=O)N1CCOCC1,False,,9.0,7.698970004336019,
CCc1c(N2CCOCC2=O)cccc1S(=O)(=O)N[C@@H](CNC(=O)c1ccc(Cl)s1)C(=O)N1CCOC[C@@H]1C,False,,8.744727494896694,7.552841968657781,
CCc1c(N2CCOCC2=O)cccc1S(=O)(=O)N[C@@H](Cc1cc(-c2ccc(Cl)s2)on1)C(=O)N1CCC(O)CC1,False,,8.468521082957745,6.899629454882437,
CCc1c(N2CCOCC2=O)cccc1S(=O)(=O)N[C@@H](Cc1cc(-c2ccc(Cl)s2)on1)C(=O)N1CCC(OC)CC1,False,,8.585026652029182,7.769551078621726,
CCc1c(N2CC[C@@H](N(C)C)C2=O)cccc1S(=O)(=O)N[C@@H](CNC(=O)c1ccc(Cl)s1)C(=O)OCC[S@+](C)[O-],False,,8.649561645811549,7.96479633912994,
CCc1c(N2CC[C@@H](O)C2=O)cccc1S(=O)(=O)N[C@@H](CNC(=O)c1ccc(Cl)s1)C(=O)OCC[S@+](C)[O-],False,,8.705808115810637,8.846787486224656,
CCc1c(N2CC[C@@H](O)C2=O)cccc1S(=O)(=O)N[C@@H](CNC(=O)c1ccc(Cl)s1)C(=O)OCCc1nccn1C.Cl,False,,8.673973575875948,7.98369061957464,
CCc1c(N2CC[C@H](C)C2=O)cccc1S(=O)(=O)N[C@@H](CNC(=O)c1ccc(Cl)s1)C(=O)OCCCc1nccn1C.Cl,False,,8.204133880524083,7.472693472721556,
CCc1c(N2CC[C@H](N(C)C)C2=O)cccc1S(=O)(=O)N[C@@H](CNC(=O)c1ccc(Cl)s1)C(=O)OCC[S@+](C)[O-],False,,8.588850564368816,8.403437700822769,
CCc1c(N2CC[C@H](O)C2=O)cccc1S(=O)(=O)N[C@@H](CNC(=O)c1ccc(Cl)s1)C(=O)OCC[S@+](C)[O-],False,,8.734005224293725,8.887733468696958,
CCc1c(N2CC[C@H](O)C2=O)cccc1S(=O)(=O)N[C@@H](CNC(=O)c1ccc(Cl)s1)C(=O)OCC[S@@+](C)[O-],False,,8.662523525975718,7.49148333035061,
CCc1c(N2CC[C@H](O)C2=O)cccc1S(=O)(=O)N[C@@H](CNC(=O)c1ccc(Cl)s1)C(=O)OCCc1cncn1C.O=C(O)C(F)(F)F,False,,8.520002580835792,8.017164014389946,
CCc1c(N2CC[C@H](O)C2=O)cccc1S(=O)(=O)N[C@@H](CNC(=O)c1ccc(Cl)s1)C(=O)OCCc1nccn1C.Cl,False,,8.322068096213965,7.649626568140266,
CCc1c(N2CC[C@H](O)C2=O)cccc1S(=O)(=O)N[C@@H](CNC(=O)c1ccc(Cl)s1)C(=O)OCCn1ccnc1,False,,8.719449308175472,8.372363747448347,
CCc1c(N2CC[C@H](O)C2=O)cccc1S(=O)(=O)N[C@@H](CNC(=O)c1ccc(Cl)s1)C(=O)OCc1cn(C)cn1.Cl,False,,8.531743128760553,7.724763521446718,
CCc1c(N2CC[C@H](O)C2=O)cccc1S(=O)(=O)N[C@@H](CNC(=O)c1ccc(Cl)s1)C(=O)OCc1nccn1C.Cl,False,,9.102407705158788,8.659379381312206,
CCc1cc(C)c2c(c1)C(C(=O)n1nc(N)c3c1CN(S(C)(=O)=O)CC3)CCN2,False,4.187086643357144,,,
CCc1cc(C)c2c(c1)C(C(=O)n1nc3c(c1N)CCN(S(C)(=O)=O)C3)CCN2,False,7.3979400086720375,,4.154901959985743,
CCc1cc(C)c2c(c1)[C@@H](C(=O)n1nc3c(c1N)CCN(S(C)(=O)=O)C3)CCN2,False,8.0,,4.3979400086720375,
CCc1cc(C)c2c(c1)[C@H](C(=O)n1nc3c(c1N)CCN(S(C)(=O)=O)C3)CCN2,False,5.301029995663981,,,
CCc1cc(OCCc2ccc(C(=N)N)c(O)c2)cc(OS(=O)(=O)c2cc(Cl)cc(Cl)c2OC)c1,False,,,6.540004743952609,
CCc1cc(OCCc2ccc(C(=N)N)cc2)cc(OS(=O)(=O)c2ccccc2)c1,False,,,7.599980364934842,
CCc1cc(OCCc2ccc(CN)c(O)c2)cc(OS(=O)(=O)c2cccc(Cl)c2Cl)c1,False,,,4.950000175844591,
CCc1cc(OCCc2ccc(CN)cc2)cc(OS(=O)(=O)c2cc(C)ccc2OC)c1,False,,,5.499999678657065,
CCc1cc2c(N)nccc2cc1C[C@H](C(=O)O)N1CC[C@H](NS(=O)(=O)c2ccc(N(C)C)nc2)C1=O,False,,7.494850021680094,,
CCc1cc2c(N)nccc2cc1C[C@H](C(=O)O)N1CC[C@H](NS(=O)(=O)c2ccc(N3CCCC3)nc2)C1=O,False,,6.327902142064283,,
CCc1cc2c(N)nccc2cc1C[C@H](C(=O)O)N1CC[C@H](NS(=O)(=O)c2cnc(N(C)C)s2)C1=O,False,,7.920818753952375,,
CCc1cc2c(N)nccc2cc1C[C@H](C(=O)O)N1CC[C@H](NS(=O)(=O)c2cnc(N3CCCC3)s2)C1=O,False,,7.318758762624412,,
CCc1cc2c([nH]1)CCCC2C(=O)n1nc(N)c2c1CCN(C(=O)OCc1ccccc1)C2,False,4.3979400086720375,,,
CCc1cc2c([nH]1)CCCC2C(=O)n1nc2c(c1N)CN(C(=O)OCc1ccccc1)CC2,False,6.522878745280337,,4.6020599913279625,
CCc1cc2c([nH]1)CCCC2C(=O)n1nc2c(c1N)CNCC2,False,6.6020599913279625,,4.301029995663981,
CCc1cc2cc(C(=O)Nc3ccccc3F)sc2s1,False,4.301029995663981,,,
CCc1cc2cc(N/C(=N\C#N)N[C@H]3CCCCN(CC(=O)N4CCCC4)C3=O)ccc2o1,False,,4.808604882887895,,
CCc1ccc(-c2ccc(C(=O)NC(/C=C/c3ccccc3)C(Cc3cccc(C(=N)N)c3)C(=O)OC)cc2)cc1,False,,6.050609993355087,,
CCc1ccc(-c2ccc(C(=O)NCC(C)C)cc2C(=O)O)c(C(=O)Nc2ccc(C(=N)N)cc2)c1,False,,7.301029995663981,7.910094888560602,
CCc1ccc(C(=O)COC(=O)c2cccs2)cc1,False,4.301029995663981,,,
CCc1ccc(C(=O)n2nc(-c3ccccn3)nc2N)cc1,False,6.790484985457369,5.301029995663981,6.511449283499556,
CCc1ccc(N2CC(C(=O)Nc3ccccc3F)CC2=O)cc1,False,,,4.301029995663981,
CCc1ccc(NC(=O)c2ccc(C(=N)N(C)C)cc2)c(C(=O)Nc2ccc(Cl)cn2)c1,False,,9.0,,
CCc1ccc(NC2CC(=O)N(c3ccc(OC)cc3OC)C2=O)cc1,False,,,4.301029995663981,
CCc1ccc(S(=O)(=O)Nn2ccc(C)c(CC(=O)NCc3ccnc(N)c3)c2=O)cc1.Cl,False,,,4.35261702988538,
CCc1ccc(S(=O)(=O)ON2C(=O)c3ccccc3C2=O)cc1,False,,,5.809718738956271,
CCc1ccc2c(c1)C(C(=O)n1nc(N)c3c1CN(S(C)(=O)=O)CC3)CCN2,False,4.3979400086720375,,,
CCc1ccc2c(c1)C(C(=O)n1nc3c(c1N)CCN(S(C)(=O)=O)C3)CCN2,False,7.301029995663981,,4.657577319177793,
CCc1ccc2c(c1)[C@@H](C(=O)n1nc3c(c1N)CCN(S(C)(=O)=O)C3)CCN2,False,7.698970004336019,,,
CCc1ccc2c(c1)[C@H](C(=O)n1nc3c(c1N)CCN(S(C)(=O)=O)C3)CCN2,False,5.0,,,
CCc1cccc(-c2ccc(C(=O)NC(/C=C/c3ccccc3)C(Cc3cccc(C(=N)N)c3)C(=O)OC)cc2)c1,False,,6.4089353929735005,5.769551078621726,
CCc1cccc(CC)c1N(COC)C(=O)Cn1c(CO)nc2ccccc21,False,4.301029995663981,,,
CCc1cccc(CC)c1NC(=O)c1cccc(N)c1,False,,,4.301029995663981,
CCc1cccc(N(C(=O)C2=CCCC2C(=O)NCc2ccc(C(=N)N)cc2)C2CCCCC2)c1,False,,,6.585026652029182,
CCc1cccc(N(CC)C(=O)C2=CCCC2C(=O)NCc2ccc(C(=N)N)cc2)c1,False,,,6.568636235841013,
CCc1cccc2c1NCCC2C(=O)n1nc(N)c2c1CN(S(C)(=O)=O)CC2,False,5.522878745280337,,,
CCc1ccccc1-c1ccc(C(=O)NC(/C=C/c2ccccc2)C(Cc2cccc(C(=N)N)c2)C(=O)OC)cc1,False,,6.42021640338319,5.275724130399211,
CCc1ccccc1N1C(=O)CC(=O)NC1=O,False,,,4.301029995663981,
CCc1nc(O)c2ccsc2n1,False,,,4.301029995663981,
CCc1nc2ccccc2c(C(=O)OCC(=O)C(C)(C)C)c1C,False,,,4.301029995663981,
CCc1nccn1C(=O)c1cnn2c(C(F)F)cc(-c3ccccc3)nc12,False,,,6.038142457637637,
CCc1nccn1C1CCN(C(=O)CCS(=O)(=O)c2ccc3cc(Cl)ccc3c2)CC1,False,,6.795880017344075,,
CCc1nnc(NC(=O)CCC(=O)N2CCCC2)s1,False,,,4.301029995663981,
CCc1nnc(NC(=O)CCC(=O)N2CCN(CCOc3ccc(C)cc3)CC2)s1,False,4.301029995663981,,,
CCc1nnc(NC(=O)CCN(c2ccc(C)cc2)S(=O)(=O)c2ccccc2)s1,False,4.301029995663981,,4.301029995663981,
CCc1sc(-c2ccc(C(=O)N(C)C)cc2)nc1COc1cc(OC)cc2oc(-c3cn4nc(OC)sc4n3)cc12,False,,,8.698970004336019,
CCn1c(C)c(C(C)=O)c(N2CCN(c3ccccc3)CC2)nc1=S,False,4.301029995663981,,,
CCn1c(C)nc2cc(C(=O)N/N=C(\C)c3ccc(OC)cc3O)ccc21,False,,,4.301029995663981,
CCn1c(C)nc2cc(C(=O)NN=C(S)Nc3ccc(C)cc3)ccc21,False,4.301029995663981,,4.301029995663981,
CCn1c(CN2C(=O)COc3cc(OC4CCN(C(C)=N)CC4)ccc32)cc2ccc(C(=N)N)cc21,False,,8.698970004336019,6.05700040663396,
CCn1c(CNC(=O)Cc2ccc(OC)cc2)nnc1SCC(=O)c1ccccc1,False,6.225548730842529,,,
CCn1c(CNc2ccc(C(=N)N)cc2)nc2cc(C(=O)N(CCC(=O)O)c3c(C)cccc3C)ccc21,False,,,8.508638306165727,
CCn1c(CNc2ccc(C(=N)N)cc2)nc2cc(C(=O)N(CCC(=O)O)c3cc(C)ccn3)ccc21,False,,,8.790484985457368,
CCn1c(CNc2ccc(C(=N)N)cc2)nc2cc(C(=O)N(CCC(=O)O)c3cc(F)cc(F)c3)ccc21,False,,,8.100015437450608,
CCn1c(CNc2ccc(C(=N)N)cc2)nc2cc(C(=O)N(CCC(=O)O)c3ccc(C(F)(F)F)cc3)ccc21,False,,,6.699991797446187,
CCn1c(CNc2ccc(C(=N)N)cc2)nc2cc(C(=O)N(CCC(=O)O)c3ccc(C)cc3)ccc21,False,,,8.302770657240282,
CCn1c(CNc2ccc(C(=N)N)cc2)nc2cc(C(=O)N(CCC(=O)O)c3ccc(C)cc3C)ccc21,False,,,7.783834097714007,
CCn1c(CNc2ccc(C(=N)N)cc2)nc2cc(C(=O)N(CCC(=O)O)c3ccc(F)c(C)c3)ccc21,False,,,8.202732459169283,
CCn1c(CNc2ccc(C(=N)N)cc2)nc2cc(C(=O)N(CCC(=O)O)c3ccc(F)c(Cl)c3)ccc21,False,,,8.049976093476673,
CCn1c(CNc2ccc(C(=N)N)cc2)nc2cc(C(=O)N(CCC(=O)O)c3ccc(F)c(F)c3)ccc21,False,,,8.019996628416253,
CCn1c(CNc2ccc(C(=N)N)cc2)nc2cc(C(=O)N(CCC(=O)O)c3ccc(F)cc3)ccc21,False,,,8.369979148886591,
CCn1c(CNc2ccc(C(=N)N)cc2)nc2cc(C(=O)N(CCC(=O)O)c3ccc(F)cc3F)ccc21,False,,,8.373659632624957,
CCn1c(CNc2ccc(C(=N)N)cc2)nc2cc(C(=O)N(CCC(=O)O)c3ccc(OC(F)(F)F)cc3)ccc21,False,,,6.929999096197655,
CCn1c(CNc2ccc(C(=N)N)cc2)nc2cc(C(=O)N(CCC(=O)O)c3cccc(C(F)(F)F)c3)ccc21,False,,,7.580044251510242,
CCn1c(CNc2ccc(C(=N)N)cc2)nc2cc(C(=O)N(CCC(=O)O)c3cccc(C)c3)ccc21,False,,,8.671620396561263,
CCn1c(CNc2ccc(C(=N)N)cc2)nc2cc(C(=O)N(CCC(=O)O)c3cccc(C)c3C)ccc21,False,,,8.18111458540599,
CCn1c(CNc2ccc(C(=N)N)cc2)nc2cc(C(=O)N(CCC(=O)O)c3cccc(C)n3)ccc21,False,,,9.036212172654444,
CCn1c(CNc2ccc(C(=N)N)cc2)nc2cc(C(=O)N(CCC(=O)O)c3cccc(F)c3)ccc21,False,,,8.130005999878259,
CCn1c(CNc2ccc(C(=N)N)cc2)nc2cc(C(=O)N(CCC(=O)O)c3ccccc3)ccc21,False,,,8.328827157284916,
CCn1c(CNc2ccc(C(=N)N)cc2)nc2cc(C(=O)N(CCC(=O)O)c3ccccc3C(F)(F)F)ccc21,False,,,8.20999647960951,
CCn1c(CNc2ccc(C(=N)N)cc2)nc2cc(C(=O)N(CCC(=O)O)c3ccccc3C)ccc21,False,,,8.507239610973162,
CCn1c(CNc2ccc(C(=N)N)cc2)nc2cc(C(=O)N(CCC(=O)O)c3ccccc3F)ccc21,False,,,8.45173686268109,
CCn1c(CNc2ccc(C(=N)N)cc2F)nc2cc(C(=O)N(CCC(=O)O)c3c(C)cccc3C)ccc21,False,,,8.74112501857287,
CCn1c(CNc2ccc(C(=N)N)cc2F)nc2cc(C(=O)N(CCC(=O)O)c3cc(C)ccc3C)ccc21,False,,,8.248607742651163,
CCn1c(CNc2ccc(C(=N)N)cc2F)nc2cc(C(=O)N(CCC(=O)O)c3cc(C)ccn3)ccc21,False,,,8.194373278577569,
CCn1c(CNc2ccc(C(=N)N)cc2F)nc2cc(C(=O)N(CCC(=O)O)c3ccc(C)c(C)c3)ccc21,False,,,7.898902335844861,
CCn1c(CNc2ccc(C(=N)N)cc2F)nc2cc(C(=O)N(CCC(=O)O)c3ccc(C)cc3C)ccc21,False,,,8.14194855705784,
CCn1c(CNc2ccc(C(=N)N)cc2F)nc2cc(C(=O)N(CCC(=O)O)c3ccc(C)cn3)ccc21,False,,,7.717604495257475,
CCn1c(CNc2ccc(C(=N)N)cc2F)nc2cc(C(=O)N(CCC(=O)O)c3ccc(Cl)cc3)ccc21,False,,,7.86806496256238,
CCn1c(CNc2ccc(C(=N)N)cc2F)nc2cc(C(=O)N(CCC(=O)O)c3ccc(F)c(C)c3)ccc21,False,,,8.379395911549334,
CCn1c(CNc2ccc(C(=N)N)cc2F)nc2cc(C(=O)N(CCC(=O)O)c3ccc(F)c(Cl)c3)ccc21,False,,,8.689944262249108,
CCn1c(CNc2ccc(C(=N)N)cc2F)nc2cc(C(=O)N(CCC(=O)O)c3ccc(F)c(F)c3)ccc21,False,,,8.03881791300078,
CCn1c(CNc2ccc(C(=N)N)cc2F)nc2cc(C(=O)N(CCC(=O)O)c3ccc(F)cc3)ccc21,False,,,8.309892569591394,
CCn1c(CNc2ccc(C(=N)N)cc2F)nc2cc(C(=O)N(CCC(=O)O)c3ccc(F)cc3F)ccc21,False,,,8.491743227327447,
CCn1c(CNc2ccc(C(=N)N)cc2F)nc2cc(C(=O)N(CCC(=O)O)c3ccc(OC)cc3)ccc21,False,,,7.631343235813964,
CCn1c(CNc2ccc(C(=N)N)cc2F)nc2cc(C(=O)N(CCC(=O)O)c3cccc(C)c3)ccc21,False,,,8.262216701771155,
CCn1c(CNc2ccc(C(=N)N)cc2F)nc2cc(C(=O)N(CCC(=O)O)c3cccc(C)c3C)ccc21,False,,,8.309008058221972,
CCn1c(CNc2ccc(C(=N)N)cc2F)nc2cc(C(=O)N(CCC(=O)O)c3cccc(C)n3)ccc21,False,,,8.667769273988155,
CCn1c(CNc2ccc(C(=N)N)cc2F)nc2cc(C(=O)N(CCC(=O)O)c3cccc(F)c3)ccc21,False,,,8.308683671225529,
CCn1c(CNc2ccc(C(=N)N)cc2F)nc2cc(C(=O)N(CCC(=O)O)c3cccc(OC)c3)ccc21,False,,,8.07714083728244,
CCn1c(CNc2ccc(C(=N)N)cc2F)nc2cc(C(=O)N(CCC(=O)O)c3ccccc3)ccc21,False,,,8.2496717089293,
CCn1c(CNc2ccc(C(=N)N)cc2F)nc2cc(C(=O)N(CCC(=O)O)c3ccccc3C)ccc21,False,,,8.139382772319264,
CCn1c(CNc2ccc(C(=N)N)cc2F)nc2cc(C(=O)N(CCC(=O)O)c3ccccc3F)ccc21,False,,,8.43033363614418,
CCn1c(CNc2ccc(C(=N)N)cc2F)nc2cc(C(=O)N(CCC(=O)O)c3ccccc3OC)ccc21,False,,,7.668272512315245,
CCn1c(CNc2ccc(C(=N)N)cc2F)nc2cc(C(=O)N(CCC(=O)O)c3ccccn3)ccc21,False,,,8.469885733978389,
CCn1c(COc2ccc(OC3CCN(C(C)=N)CC3)cc2)nc2cc(C(=N)N)ccc21.Cl.Cl,False,,6.3979400086720375,5.0,
CCn1c(Cc2ccc(C(=N)N)cc2)nc2cc(NS(=O)(=O)c3ccccc3)ccc21,False,,,5.619788758288394,
CCn1c(O)cc(=O)nc1SCC(=O)N1CCCCC1,False,4.301029995663981,,,
CCn1c(SCC(=O)N2CCN(c3ccccc3)CC2)nnc1-c1cc2cc(Cl)ccc2o1,False,4.301029995663981,,,
CCn1c(SCC(=O)Nc2cccnc2Cl)nnc1-c1ccccc1,False,4.301029995663981,,,
CCn1c(SCC(N)=O)nnc1C(C)C,False,,,4.301029995663981,
CCn1cc(C(=O)NCc2ccc(Cl)cc2)c(=O)c2cc(S(=O)(=O)N3CCOCC3)ccc21,False,,,5.0932750226250025,
CCn1cc(C(=O)NCc2ccc3c(c2)OCO3)c(=O)c2cc(S(=O)(=O)N(C)C)ccc21,False,,,6.270025714300444,
CCn1cc(C(=O)NCc2ccc3c(c2)OCO3)c(=O)c2cc(S(=O)(=O)N3CCOCC3)ccc21,False,,,6.802250932377388,
CCn1cc(C(=O)NCc2cccnc2)c(=O)c2cc(F)c(N3CCN(C(=O)c4ccco4)CC3)cc21,False,4.301029995663981,,,
CCn1cc(C(=O)NCc2ccco2)c(=O)c2cc(S(=O)(=O)N3CCCC3)ccc21,False,,,5.881196461295119,
CCn1cc(C(=O)NCc2ccco2)c(=O)c2cc(S(=O)(=O)N3CCCCCC3)ccc21,False,,,4.832994464688757,
CCn1nc(C)c(CNC(=O)c2cc(COc3ccc(F)cc3Cl)on2)c1C,False,4.301029995663981,,,
CCn1ncc(Br)c1C(=O)Nc1cc([N+](=O)[O-])ccc1C,False,,,4.301029995663981,
CN(/N=C/c1ccc2c(c1)OCO2)c1nc(N2CCOCC2)nc(N2CCOCC2)n1,False,4.301029995663981,,,
CN(C(=O)CCCS(=O)(=O)c1ccc2cc(Cl)ccc2c1)C1CCN(c2ccncc2)CC1,False,,6.853871964321762,,
CN(C(=O)CCS(=O)(=O)c1ccc2cc(Cl)ccc2c1)C1CCN(c2cccc3nccn23)CC1,False,,6.075720713938118,,
CN(C(=O)CCS(=O)(=O)c1ccc2cc(Cl)ccc2c1)C1CCN(c2ccnc(CO)c2)CC1,False,,6.958607314841775,,
CN(C(=O)CCS(=O)(=O)c1ccc2cc(Cl)ccc2c1)C1CCN(c2ccnc(N)c2)CC1,False,,7.102372908709558,,
CN(C(=O)CCS(=O)(=O)c1ccc2cc(Cl)ccc2c1)C1CCN(c2ccncc2)CC1,False,,7.301029995663981,,
CN(C(=O)CS(=O)(=O)c1ccc2cc(Cl)ccc2c1)C1CCN(c2ccncc2)CC1,False,,6.142667503568731,,
CN(C(=O)Oc1cccc2cccnc12)c1ccccc1,False,4.301029995663981,,,
CN(C(=O)[C@@H]1CCCCN1C(=O)c1ccc(Cl)s1)c1ccc(N2CCCCC2=O)cc1,False,,3.4461169733561254,,
CN(C(=O)[C@@H]1CCCN(C(=O)c2ccc(Cl)s2)C1)c1ccc(N2CCCCC2=O)cc1,False,,4.161150909262744,,
CN(C(=O)[C@@H]1Cc2ccccc2CN1C(=O)CCc1ncc(-c2ccc(Cl)cc2)o1)c1ccc(N2CCCCC2=O)cc1,False,,3.9871627752948275,,
CN(C(=O)[C@@H]1Cc2ccccc2CN1C(=O)Cc1ccc(C(F)(F)F)cc1)c1ccc(N2CCCCC2=O)cc1,False,,3.474955192963155,,
CN(C(=O)[C@@H]1Cc2ccccc2CN1C(=O)Cc1ccc(Cl)c(Cl)c1)c1ccc(N2CCCCC2=O)cc1,False,,4.7447274948966935,,
CN(C(=O)[C@@H]1Cc2ccccc2CN1C(=O)Cc1ccc(Cl)cc1)c1ccc(N2CCCCC2=O)cc1,False,,5.886056647693163,,
CN(C(=O)[C@@H]1Cc2ccccc2CN1C(=O)Cc1ccc(Cl)cc1)c1ccc(N2CCOCC2=O)cc1,False,,5.958607314841775,,
CN(C(=O)[C@@H]1Cc2ccccc2CN1C(=O)Cc1ccc(Cl)cc1Cl)c1ccc(N2CCCCC2=O)cc1,False,,5.886056647693163,,
CN(C(=O)[C@@H]1Cc2ccccc2CN1C(=O)Cc1ccc([N+](=O)[O-])cc1)c1ccc(N2CCCCC2=O)cc1,False,,4.070581074285707,,
CN(C(=O)[C@@H]1Cc2ccccc2CN1C(=O)OC(C)(C)C)c1ccc(N2CCCCC2=O)cc1,False,,3.6556077263148894,,
CN(C(=O)[C@@H]1Cc2ccccc2CN1C(=O)OCc1ccccc1)c1ccc(N2CCCCC2=O)cc1,False,,4.785156151952302,,
CN(C(=O)[C@@H]1Cc2ccccc2CN1C(=O)OCc1ccccc1)c1ccc(N2CCOCC2=O)cc1,False,,4.892790030352131,,
CN(C(=O)[C@@H]1Cc2ccccc2CN1C(=O)c1cc(-c2ccc(Br)cc2)cs1)c1ccc(N2CCOCC2=O)cc1,False,,3.3010299956639813,,
CN(C(=O)[C@@H]1Cc2ccccc2CN1C(=O)c1ccc(Cl)cc1)c1ccc(N2CCCCC2=O)cc1,False,,3.705533773838407,,
CN(C(=O)[C@@H]1Cc2ccccc2CN1C(=O)c1ccc(Cl)s1)c1ccc(N2CCCCC2=O)cc1,False,,4.251811972993799,,
CN(C(=O)[C@@H]1Cc2ccccc2CN1C(=O)c1ccc(Cl)s1)c1ccc(N2CCOCC2=O)cc1,False,,4.443697499232712,,
CN(C(=O)[C@@H]1Cc2ccccc2CN1C(=O)c1cccs1)c1ccc(N2CCCCC2=O)cc1,False,,4.376750709602099,,
CN(C(=O)[C@@H]1Cc2ccccc2CN1S(=O)(=O)Cc1ccc(Cl)cc1)c1ccc(N2CCCCC2=O)cc1,False,,3.8210230527068303,,
CN(C(=O)[C@H](Cc1ccccc1)NC(=O)Cc1ccc(Cl)cc1)c1ccc(N2CCCCC2=O)cc1,False,,4.267606240177032,,
CN(C(=O)[C@H]1CCCCN1C(=O)c1ccc(Cl)s1)c1ccc(N2CCCCC2=O)cc1,False,,4.00436480540245,,
CN(C(=O)[C@H]1CCCN(C(=O)Cc2ccc(Cl)cc2)C1)c1ccc(N2CCCCC2=O)cc1,False,,3.430626090384954,,
CN(C(=O)[C@H]1Cc2ccccc2CN1C(=O)Cc1ccc(C(F)(F)F)cc1)c1ccc(N2CCCCC2=O)cc1,False,,3.5072396109731625,,
CN(C(=O)[C@H]1Cc2ccccc2CN1C(=O)Cc1ccc(Cl)cc1)c1ccc(N2CCCCC2=O)cc1,False,,6.045757490560675,,
CN(C)/C=C/c1c(C#N)c(=O)ncn1Cc1ccccc1,False,4.301029995663981,,,
CN(C)/C=C1\C=C(c2ccccc2)OC1=O,False,4.301029995663981,,,
CN(C)C(=N)c1ccc(-c2ccc(C(=O)Nc3ccc(Cl)cc3C(=O)Nc3ccc(Cl)cn3)cc2)cc1,False,,7.221848749616356,,
CN(C)C(=N)c1ccc(C(=O)N2CCN(S(=O)(=O)c3cc4cc(Cl)ccc4[nH]3)CC2)cc1,False,,7.698970004336019,,
CN(C)C(=N)c1ccc(C(=O)N2CCN(S(=O)(=O)c3cc4ccc(Cl)cc4s3)CC2)cc1,False,,7.568636235841013,,
CN(C)C(=N)c1ccc(C(=O)N2CCN(S(=O)(=O)c3ccc4cc(Br)ccc4c3)CC2)cc1,False,,6.638272163982407,,
CN(C)C(=N)c1ccc(C(=O)Nc2c(C(=O)Nc3ccc(Cl)cn3)cc(Cl)cc2N(C)C)cc1,False,,9.301029995663981,,
CN(C)C(=N)c1ccc(C(=O)Nc2c(C(=O)Nc3ccc(Cl)cn3)cc(Cl)cc2N2CCCCC2)cc1,False,,9.045757490560675,,
CN(C)C(=N)c1ccc(C(=O)Nc2c(C(=O)Nc3ccc(Cl)cn3)cc(Cl)cc2N2CCOCC2)cc1,False,,8.886056647693163,,
CN(C)C(=N)c1ccc(C(=O)Nc2c(Cl)cccc2C(=O)Nc2ccc(Cl)cn2)cc1,False,,7.6777807052660805,,
CN(C)C(=N)c1ccc(C(=O)Nc2cc(Cl)ccc2C(=O)Nc2ccc(Cl)cn2)cc1,False,,8.698970004336019,,
CN(C)C(=N)c1ccc(C(=O)Nc2ccc(C#N)cc2C(=O)Nc2ccc(Cl)cn2)cc1,False,,8.920818753952375,,
CN(C)C(=N)c1ccc(C(=O)Nc2ccc(C(F)(F)F)cc2C(=O)Nc2ccc(Cl)cn2)cc1,False,,8.886056647693163,,
CN(C)C(=N)c1ccc(C(=O)Nc2ccc(Cl)cc2C(=O)Nc2ccc(Cl)cc2)cc1,False,,9.154901959985743,,
CN(C)C(=N)c1ccc(C(=O)Nc2ccc(Cl)cc2C(=O)Nc2ccc(Cl)cn2)c(F)c1,False,,9.301029995663981,5.0,
CN(C)C(=N)c1ccc(C(=O)Nc2ccc(Cl)cc2C(=O)Nc2ccc(Cl)cn2)c(N(C)C)c1,False,,8.522878745280337,,
CN(C)C(=N)c1ccc(C(=O)Nc2ccc(Cl)cc2C(=O)Nc2ccc(Cl)cn2)c(N2CCC(C(=O)O)CC2)c1,False,,9.154901959985743,,
CN(C)C(=N)c1ccc(C(=O)Nc2ccc(Cl)cc2C(=O)Nc2ccc(Cl)cn2)c(N2CCC2)c1,False,,9.397940008672037,,
CN(C)C(=N)c1ccc(C(=O)Nc2ccc(Cl)cc2C(=O)Nc2ccc(Cl)cn2)c(N2CCCC2)c1,False,,8.698970004336019,,
CN(C)C(=N)c1ccc(C(=O)Nc2ccc(Cl)cc2C(=O)Nc2ccc(Cl)cn2)c(N2CCCCC2)c1,False,,9.301029995663981,,
CN(C)C(=N)c1ccc(C(=O)Nc2ccc(Cl)cc2C(=O)Nc2ccc(Cl)cn2)c(N2CCCCCC2)c1,False,,9.0,,
CN(C)C(=N)c1ccc(C(=O)Nc2ccc(Cl)cc2C(=O)Nc2ccc(Cl)cn2)c(N2CCOCC2)c1,False,,9.154901959985743,,
CN(C)C(=N)c1ccc(C(=O)Nc2ccc(Cl)cc2C(=O)Nc2ccc(Cl)cn2)cc1,False,,9.301029995663981,5.0,
CN(C)C(=N)c1ccc(C(=O)Nc2ccc(Cl)cc2C(=O)Nc2ccc(Cl)cn2)cc1F,False,,8.958607314841775,,
CN(C)C(=N)c1ccc(C(=O)Nc2ccc(Cl)cc2C(=O)Nc2ccc(Cl)cn2)cn1,False,,8.522878745280337,,
CN(C)C(=N)c1ccc(C(=O)Nc2ccc(Cl)cc2C(=O)Nc2ccc(Cl)nc2)cc1,False,,8.522878745280337,,
CN(C)C(=N)c1ccc(C(=O)Nc2ccc(Cl)cc2C(=O)Nc2ccc(Cl)s2)cc1,False,,8.221848749616356,,
CN(C)C(=N)c1ccc(C(=O)Nc2ccc(Cl)cc2C(=O)Nc2ccc(F)cn2)cc1,False,,8.522878745280337,,
CN(C)C(=N)c1ccc(C(=O)Nc2ccc(F)cc2C(=O)Nc2ccc(Cl)cn2)cc1,False,,8.853871964321762,,
CN(C)C(=N)c1ccc(C(=O)Nc2ccc(OC(F)(F)F)cc2C(=O)Nc2ccc(Cl)cn2)cc1,False,,7.769551078621726,,
CN(C)C(=N)c1ccc(C(=O)Nc2ccc(OCC(=O)NCCCCCCN)cc2C(=O)Nc2ccc(Cl)cn2)cc1,False,,7.619788758288394,,
CN(C)C(=N)c1ccc(C(=O)Nc2ccc(OCC(=O)NCCCCCCN)cc2C(=O)Nc2ccccn2)cc1,False,,6.6439741428068775,,
CN(C)C(=N)c1ccc(C(=O)Nc2ccc(OCC(=O)O)cc2C(=O)Nc2ccc(Cl)cn2)cc1,False,,8.221848749616356,,
CN(C)C(=N)c1ccc(C(=O)Nc2ccc(OCC(F)(F)F)cc2C(=O)Nc2ccc(Cl)cn2)cc1,False,,8.0,,
CN(C)C(=N)c1ccc(C(=O)Nc2ccc(S(C)(=O)=O)cc2C(=O)Nc2ccc(Cl)cn2)cc1,False,,8.823908740944319,,
CN(C)C(=N)c1ccc(C(=O)Nc2ccccc2C(=O)Nc2ccc(Cl)cn2)cc1,False,,8.522878745280337,,
CN(C)C(=N)c1ccc(C(=O)Nc2ccsc2C(=O)Nc2ccc(Cl)cn2)cc1,False,,8.698970004336019,,
CN(C)C(=N)c1ccc(CN2CCN(S(=O)(=O)c3cc4cc(Cl)ccc4[nH]3)CC2=O)cc1,False,,7.431798275933005,,
CN(C)C(=N)c1ccc(CN2CCN(S(=O)(=O)c3cc4ccc(Cl)cc4s3)CC2=O)cc1,False,,7.522878745280337,,
CN(C)C(=N)c1ccc(NC(=O)c2cc(C(F)(F)F)nn2-c2cc3ccccc3cc2F)c(F)c1,False,,8.522878745280337,5.0,
CN(C)C(=N)c1ccc(NC(=O)c2cc(C(F)(F)F)nn2-c2ccc3cc(Cl)ccc3c2)c(F)c1,False,,9.0,,
CN(C)C(=N)c1ccc(NC(=O)c2nnnn2-c2cc3ccccc3cc2F)c(F)c1,False,,7.795880017344075,,
CN(C)C(=N)c1ccc(NC(=O)c2nnnn2-c2ccc3cc(Cl)ccc3c2)c(F)c1,False,,8.698970004336019,,
CN(C)C(=N)c1cccc(-c2ccc(C(=O)Nc3ccc(Cl)cc3C(=O)Nc3ccc(Cl)cn3)cc2)c1,False,,8.698970004336019,,
CN(C)C(=N)c1ccccc1-c1ccc(C(=O)Nc2ccc(Cl)cc2C(=O)Nc2ccc(Cl)cn2)cc1,False,,9.698970004336019,,
CN(C)C(=N)c1csc(C(=O)Nc2ccc(Cl)cc2C(=O)Nc2ccc(Cl)cn2)c1,False,,9.0,,
CN(C)C(=O)/C(C#N)=C(\Nc1cccc2c(Br)c[nH]c12)N[C@H]1CCCCN(CC(=O)N2CCCC2)C1=O,False,,8.045757490560675,,
CN(C)C(=O)/C(C#N)=C(\Nc1cccc2c(C#N)c[nH]c12)N[C@H]1CCCCN(CC(=O)N2CCCC2)C1=O,False,,6.5376020021010435,,
CN(C)C(=O)/C(C#N)=C(\Nc1cccc2c(C(N)=O)c[nH]c12)N[C@H]1CCCCN(CC(=O)N2CCCC2)C1=O,False,,4.769551078621726,,
CN(C)C(=O)/C(C#N)=C(\Nc1cccc2c(Cl)c[nH]c12)N[C@H]1CCCCN(CC(=O)N2CCCC2)C1=O,False,,8.619788758288394,,
CN(C)C(=O)C(C)(C)c1ccc2c(c1)nc(Cc1ccc(C(=N)N)cc1)c(=O)n2C,False,,5.036212172654444,7.795880017344075,
CN(C)C(=O)C(Cc1cccc(C(=N)N)c1)C(/C=C/c1ccccc1)NC(=O)c1ccc(-c2ccccc2)cc1,False,,5.356547323513812,,
CN(C)C(=O)CC1CN(S(=O)(=O)c2cc3cc(Cl)ccc3[nH]2)CCN1C(=O)c1ccc(C2=NCCN2C)cc1,False,,8.0,,
CN(C)C(=O)CC1CN(S(=O)(=O)c2cc3ccc(Cl)cc3s2)CCN1C(=O)c1ccc(C2=NCCN2C)cc1,False,,8.154901959985743,,
CN(C)C(=O)COC(=O)Cc1ccc(OC(=O)c2ccc(NC(=N)N)cc2)cc1,False,,,6.107905397309519,
CN(C)C(=O)COC(=O)Cc1ccc(OC(=O)c2ccc(NC(=N)N)cc2)cc1.CS(=O)(=O)O,False,,,4.500312917381596,
CN(C)C(=O)CSc1nnc([C@@H](N)Cc2ccccc2)o1.Cl,False,4.301029995663981,,4.301029995663981,
CN(C)C(=O)Cc1cn2c(N3CCN(C(=O)CCS(=O)(=O)c4ccc5cc(Cl)ccc5c4)CC3)cccc2n1,False,,7.2441251443275085,,
CN(C)C(=O)N1CCN(c2ccc(C(=O)n3nc(-c4ccccn4)nc3N)c3ccccc23)CC1,False,7.0655015487564325,,,
CN(C)C(=O)N1CCc2c(nn(C(=O)C3CCNc4ccccc43)c2N)C1,False,6.455931955649724,,4.096910013008056,
CN(C)C/C(=C(\F)C(=O)Nc1ccc(-c2ccccc2S(N)(=O)=O)cc1F)c1cccc(C(=N)N)c1,False,,6.718966632752273,,
CN(C)C1=NCCN1Cc1ccc(C(=O)Nc2ccc(Cl)cc2C(=O)Nc2ccc(Cl)cn2)cc1,False,,8.886056647693163,4.958607314841775,
CN(C)CC(=O)N=S(C)(=O)c1ccc(C(=O)Nc2ccc(Cl)cc2C(=O)Nc2ccc(Cl)cn2)cc1,False,,8.045757490560675,,
CN(C)CCCC[C@@H](NC1CCC(CN)CC1)C(=O)N1CCN(C(=O)Oc2ccccc2Cl)C[C@H]1C(=O)NCc1cccs1,False,7.910094888560602,,,
CN(C)CCCC[C@@H](NC1CCC2(CC1)CCN(Cc1ccccc1)C2)C(=O)N1CCN(C(=O)CC2CCCC2)C[C@H]1C(=O)NCc1cccs1,False,7.628932137728263,,,
CN(C)CCCC[C@@H](NC1CCC2(CC1)CCN(Cc1ccccc1)C2)C(=O)N1CCN(C(=O)Oc2ccccc2Cl)C[C@H]1C(=O)NCc1cccs1,False,9.100329725273209,,,
CN(C)CCCC[C@@H](NC1CCC2(CC1)CCN(Cc1ccccc1)C2)C(=O)N1CCN(C2=NC(C)(C)CO2)C[C@H]1C(=O)NCc1cccs1,False,8.036212172654444,,,
CN(C)CCCC[C@@H](NC1CCC2(CC1)CCN(Cc1ccccc1)C2)C(=O)N1CC[C@@H](NC(=O)N2CCC3(CC2)CC3)[C@@H](C(=O)NCc2cccs2)C1,False,8.823908740944319,,,
CN(C)CCCC[C@@H](NC1CCCCC1)C(=O)N1CCN(C(=O)CC2CCCC2)C[C@H]1C(=O)NCc1cccs1,False,7.527243550682788,,,
CN(C)CCCC[C@@H](NC1CCCCC1)C(=O)N1CCN(C(=O)Oc2ccccc2Cl)C[C@H]1C(=O)NCc1cccs1,False,8.958607314841775,,,
CN(C)CCCC[C@@H](NC1CCCCC1)C(=O)N1CCN(C2=NC(C)(C)CO2)C[C@H]1C(=O)NCc1cccs1,False,7.527243550682788,,,
CN(C)CCCC[C@@H](NC1CCCCC1)C(=O)N1CC[C@@H](NC(=O)N2CCC3(CC2)CC3)[C@@H](C(=O)NCc2cccs2)C1,False,8.244125144327509,,,
CN(C)CCCC[C@@H](NC1CCCCC1)C(=O)N1CC[C@@H](NC(=O)N2CCCc3ccccc32)[C@@H](C(=O)NCc2cccs2)C1,False,6.991399828238082,,,
CN(C)CCCC[C@H](C(=O)N1CCN(C(=O)Cc2cccc3c2CCNC3)C[C@H]1C(=O)NCc1cccs1)N(C)C1CCC2(CC1)CCN(Cc1ccccc1)C2,False,7.924453038607469,,,
CN(C)CCCC[C@H](C(=O)N1CCN(C(=O)Oc2ccccc2Cl)C[C@H]1C(=O)NCc1cccs1)N(C)C1CCC2(CC1)CNC(Cc1ccccc1)C2,False,8.958607314841775,,,
CN(C)CCCC[C@H](C(=O)N1CCN(C2=NC(C)(C)C(c3ccccc3)O2)C[C@H]1C(=O)NCc1cc(CN)cs1)N(C)C,False,7.314258261397736,,,
CN(C)CCCC[C@H](C(=O)N1CCN(C2=NC(C)(C)C(c3ccccc3)O2)C[C@H]1C(=O)NCc1cc2cnccc2s1)N(C)C,False,7.355561410532162,,,
CN(C)CCCC[C@H](C(=O)N1CCN(C2=NC(C)(C)C(c3ccccc3)O2)C[C@H]1C(=O)NCc1ccc(C(N)=O)cc1)N(C)C,False,7.27083521030723,,,
CN(C)CCCC[C@H](C(=O)N1CCN(C2=NC(C)(C)C(c3ccccc3)O2)C[C@H]1C(=O)NCc1ccc(CN)c(Cl)c1)N(C)C,False,7.45717457304082,,,
CN(C)CCCC[C@H](C(=O)N1CCN(C2=NC(C)(C)C(c3ccccc3)O2)C[C@H]1C(=O)NCc1ccc(CN)c(F)c1)N(C)C,False,7.896196279044043,,,
CN(C)CCCC[C@H](C(=O)N1CCN(C2=NC(C)(C)C(c3ccccc3)O2)C[C@H]1C(=O)NCc1ccc2[nH]cc(Cl)c2c1)N(C)C,False,8.20902517081334,,,
CN(C)CCCC[C@H](C(=O)N1CCN(C2=NC(C)(C)C(c3ccccc3)O2)C[C@H]1C(=O)NCc1cccc(Cl)c1)N(C)C,False,7.280668713016273,,,
CN(C)CCCC[C@H](C(=O)N1CC[C@@H](NC(=O)N2CCC3(CC2)CC3)[C@@H](C(=O)NCc2cccs2)C1)N(C)C1CCCCC1,False,7.82102305270683,,,
CN(C)CCCC[C@H](C(=O)N1CC[C@@H](NC(=O)N2CCCc3ccccc32)[C@@H](C(=O)NCc2cccs2)C1)N(C)C1CCCCC1,False,6.958607314841775,,,
CN(C)CCCC[C@H](C(=O)N1CC[C@@H](NC(=O)c2cc(F)c(F)cc2F)[C@@H](C(=O)NCc2cccs2)C1)N(C)C1CCCCC1,False,7.534617148551582,,,
CN(C)CCCC[C@H](C(=O)N1CC[C@@H](NC(=O)c2ccc(Cl)cc2)[C@@H](C(=O)NCc2cccs2)C1)N(C)C1CCCCC1,False,7.939302159646388,,,
CN(C)CCCC[C@H](C(=O)N1CC[C@@H](NC(=O)c2ccc(F)cc2)[C@@H](C(=O)NCc2cccs2)C1)N(C)C1CCCCC1,False,7.076266729930005,,,
CN(C)CCCC[C@H](C(=O)N1CC[C@@H](NC(=O)c2ccc(F)cc2F)[C@@H](C(=O)NCc2cccs2)C1)N(C)C1CCCCC1,False,7.7281583934635005,,,
CN(C)CCCC[C@H](C(=O)N1CC[C@@H](NC(=O)c2ccccc2)[C@@H](C(=O)NCc2cccs2)C1)N(C)C1CCCCC1,False,7.220403508742176,,,
CN(C)CCCC[C@H](NC(=O)[C@@H](Cc1ccccc1)NS(=O)(=O)Cc1ccccc1)C(=O)N[C@@H](CCCN=C(N)N)C(=O)c1nccs1,False,,5.769551078621726,4.8124792791635365,
CN(C)CCCNc1nc(Cl)c(-c2ccccc2)n(CC(=O)NCc2ccc(C(=N)N)cc2)c1=O,False,,,4.522878745280337,
CN(C)CCCNc1ncnc2sc(-c3ccccc3)cc12.O=C(O)C(=O)O,False,,,4.301029995663981,
CN(C)CCN(C)Cc1ccc(C(=O)Nc2ccc(Cl)cc2C(=O)Nc2ccc(Cl)cn2)cc1,False,,8.161150909262744,4.958607314841775,
CN(C)CCN(C)c1ccc(C(=O)n2nc(-c3ccccn3)nc2N)cc1,False,6.721246399047171,,,
CN(C)CCN=S(C)(=O)c1ccc(C(=O)Nc2ccc(Cl)cc2C(=O)Nc2ccc(Cl)cn2)cc1,False,,7.935542010773082,,
CN(C)CCNc1nc(Cl)c(-c2cc(N)cc(C(=O)O)c2)n(CC(=O)NCc2ccc(C(=N)N)cc2)c1=O,False,,,4.522878745280337,
CN(C)CCNc1nc(Cl)c(-c2ccccc2)n(CC(=O)NCc2ccc(C(=N)N)cc2)c1=O,False,,,4.522878745280337,
CN(C)CCNc1ncnc2c1sc1nc(-c3ccccc3)c3c(c12)CCCC3,False,4.301029995663981,,,
CN(C)CCOc1cc(C(=N)N(C)C)ccc1C(=O)Nc1ccc(Cl)cc1C(=O)Nc1ccc(Cl)cn1,False,,9.301029995663981,,
CN(C)CC[C@@H]1CCCN1c1cccc(S(=O)(=O)N[C@@H](CNC(=O)c2ccc(Cl)s2)C(=O)OCC[S@+](C)[O-])c1.Cl,False,,8.520002580835792,9.11531133696193,
CN(C)C[C@@H]1CCN(c2cccc(S(=O)(=O)N[C@@H](CNC(=O)c3ccc(Cl)s3)C(=O)OCC[S@+](C)[O-])c2)C1=O.O=CO,False,,8.309894379144197,8.832773124424534,
CN(C)Cc1cc2ccccc2n1-c1ccc(N2C[C@H](CNC(=O)c3ccc(Cl)s3)OC2=O)cc1,False,,5.2292378351608235,,
CN(C)Cc1ccc(C(=O)Nc2ccc(Cl)cc2C(=O)Nc2ccc(Cl)cn2)cc1,False,,8.397940008672037,4.958607314841775,
CN(C)Cc1cccn1-c1cc(F)c(N2C[C@H](CNC(=O)c3ccc(Cl)s3)OC2=O)c(F)c1,False,,5.686968465188713,,
CN(C)Cc1cccn1-c1ccc(N2C[C@H](CNC(=O)c3ccc(Cl)s3)OC2=O)c(F)c1,False,,6.748336369592034,,
CN(C)Cc1cccn1-c1ccc(N2C[C@H](CNC(=O)c3ccc(Cl)s3)OC2=O)cc1,False,,6.75858345091482,,
CN(C)Cc1csc(-c2ccc(N3C[C@H](CNC(=O)c4ccc(Cl)s4)OC3=O)cc2)n1,False,,6.034627335844443,,
CN(C)NC(=N)c1ccc(C(=O)Nc2ccccc2C(=O)Nc2ccc(Cl)cn2)cc1,False,,7.522878745280337,,
CN(C)NCc1ccc(C(=O)Nc2ccc(Cl)cc2C(=O)Nc2ccc(Cl)cn2)cc1,False,,9.045757490560675,4.958607314841775,
CN(C)S(=O)(=O)N1CCc2c(nn(C(=O)C3CCNc4ccccc43)c2N)C1,False,6.6020599913279625,,4.1249387366083,
CN(C)S(=O)(=O)Oc1ccsc1C(=O)Nc1ccc(Cl)c(Cl)c1,False,4.301029995663981,,,
CN(C)S(=O)(=O)Oc1ccsc1C(=O)Nc1cccc(Cl)c1,False,4.301029995663981,,,
CN(C)S(=O)(=O)c1ccc(C(=O)Oc2cc(O)nc3ccccc23)cc1,False,,,6.090342362016082,
CN(C)S(=O)(=O)c1ccc(N2C[C@H](CNC(=O)c3ccc(Cl)s3)OC2=O)cc1Cl,False,,7.045757490560675,,
CN(C)[C@@H]1CCCN(c2cccc(S(=O)(=O)N[C@@H](CNC(=O)c3ccc(Cl)s3)C(=O)OCC[S@+](C)[O-])c2)C1.O=CO,False,,8.504386962153752,8.24539873883445,
CN(C)[C@H]1CCCN(c2cccc(S(=O)(=O)N[C@@H](CNC(=O)c3ccc(Cl)s3)C(=O)OCC[S@+](C)[O-])c2)C1.Cl,False,,8.415595256895154,7.72506352555655,
CN(C)[C@H]1CCN(C(=O)[C@H](CNC(=O)c2ccc(Cl)s2)NS(=O)(=O)c2cccc(N3CCCCC3=O)c2OC(F)F)C1,False,,9.698970004336019,8.154901959985743,
CN(C)c1ccc(C(=O)NN2C(=O)c3ccccc3C2=O)cc1,False,4.301029995663981,,,
CN(C)c1ccc(C(=O)Nc2ccc(-c3ccccc3S(N)(=O)=O)cc2)c(Oc2cccc(C(=N)N)c2)c1,False,,7.795880017344075,,
CN(C)c1ccc(C(=O)n2nnc3ccccc32)cc1,False,4.301029995663981,,,
CN(C)c1ccc(C(=S)N2CCN(c3ccc([N+](=O)[O-])cc3)CC2)cc1,False,4.301029995663981,,,
CN(C)c1ccc(C(=S)N2CCOCC2)cc1,False,4.301029995663981,,,
CN(C)c1ccc(CNC(=O)Cc2c(F)ccc(NS(=O)(=O)Cc3ccccc3)c2F)cc1,False,,4.522878745280337,,
CN(C)c1ccc(CNC(=O)[C@@H]2CCCN2C(=O)C(N)C(c2ccccc2)c2ccccc2)cc1,False,,,5.3979400086720375,
CN(C)c1ccc(CNC(=O)c2cc(NS(=O)(=O)Cc3ccccc3)ccc2Sc2ccccc2)cc1,False,,4.522878745280337,,
CN(C)c1ccc(N/C(=C\[N+](=O)[O-])N[C@H]2CCCCN(CC(=O)N3CCCC3)C2=O)cc1,False,,4.468521082957745,,
CN(C)c1ccc(N2C[C@H](CNC(=O)c3ccc(Cl)s3)OC2=O)cc1,False,,8.134950515745693,,
CN(C)c1ccc(NC(=O)c2ccc(Cn3cc([N+](=O)[O-])cn3)cc2)cc1,False,,,4.301029995663981,
CN(C)c1ccc(Oc2cccc(C(=N)N)c2)c(C(=O)Nc2ccc(-c3ccccc3S(N)(=O)=O)cc2)c1,False,,8.0,,
CN(C)c1ccc(S(=O)(=O)N[C@H]2CCN(C(Cc3cc4ccnc(N)c4cc3O)C(=O)O)C2=O)cn1,False,,8.193820026016112,,
CN(C)c1ccc(S(=O)(=O)N[C@H]2CCN([C@H](Cc3cc4ccnc(N)c4cc3C(F)(F)F)C(=O)O)C2=O)cn1,False,,6.619788758288394,,
CN(C)c1ccc(S(=O)(=O)N[C@H]2CCN([C@H](Cc3cc4ccnc(N)c4cc3Cl)C(=O)O)C2=O)cn1,False,,7.795880017344075,,
CN(C)c1ccc(S(=O)(=O)N[C@H]2CCN([C@H](Cc3cc4ccnc(N)c4cc3F)C(=O)O)C2=O)cn1,False,,7.376750709602099,,
CN(C)c1ccc(S(=O)(=O)N[C@H]2CCN([C@H](Cc3cc4ccnc(N)c4cc3OC(F)(F)F)C(=O)O)C2=O)cn1,False,,7.468521082957745,,
CN(C)c1cccc(-c2c(Cl)nc(NCCc3ccccc3)c(=O)n2CC(=O)NCc2ccc(C(=N)N)cc2)c1,False,,,5.958607314841775,
CN(C)c1cccc(-c2ccc(C(=O)Nc3ccc(Cl)cc3C(=O)Nc3ccc(Cl)cn3)cc2)c1,False,,8.455931955649724,,
CN(C)c1cccc(C(=O)n2cc(C(=O)c3cc(F)ccc3O)cn2)c1,False,4.906371023724863,,,
CN(C)c1cccc(N/C(=C\[N+](=O)[O-])N[C@H]2CCCCN(CC(=O)N3CCCC3)C2=O)c1,False,,5.6777807052660805,,
CN(C)c1ccccc1-c1ccc(C(=O)Nc2ccc(Cl)cc2C(=O)Nc2ccc(Cl)cn2)cc1,False,,9.045757490560675,,
CN(C)c1ncc(S(=O)(=O)N[C@H]2CCN([C@H](Cc3cc4ccnc(N)c4cc3C(F)(F)F)C(=O)O)C2=O)s1,False,,7.481486060122112,,
CN(C)c1ncc(S(=O)(=O)N[C@H]2CCN([C@H](Cc3cc4ccnc(N)c4cc3Cl)C(=O)O)C2=O)cc1Cl,False,,6.229147988357855,,
CN(C)c1ncc(S(=O)(=O)N[C@H]2CCN([C@H](Cc3cc4ccnc(N)c4cc3Cl)C(=O)O)C2=O)s1,False,,8.301029995663981,,
CN(C)c1ncc(S(=O)(=O)N[C@H]2CCN([C@H](Cc3cc4ccnc(N)c4cc3F)C(=O)O)C2=O)cc1Cl,False,,5.718966632752273,,
CN(C)c1ncc(S(=O)(=O)N[C@H]2CCN([C@H](Cc3cc4ccnc(N)c4cc3F)C(=O)O)C2=O)s1,False,,7.657577319177793,,
CN(C)c1ncc(S(=O)(=O)N[C@H]2CCN([C@H](Cc3cc4ccnc(N)c4cc3OC(F)(F)F)C(=O)O)C2=O)cc1Cl,False,,5.782516055786093,,
CN(C)c1ncc(S(=O)(=O)N[C@H]2CCN([C@H](Cc3cc4ccnc(N)c4cc3OC(F)(F)F)C(=O)O)C2=O)s1,False,,7.853871964321762,,
CN(C)c1ncc(S(=O)(=O)N[C@H]2CCN([C@H](Cc3ccc4c(N)nccc4c3F)C(=O)O)C2=O)s1,False,,6.698970004336019,,
CN(C)c1nccc2ccc(/C=C\C(=O)Nc3ccc(-c4ccccc4S(N)(=O)=O)cc3)cc12,False,,7.107905397309519,,
CN(C1CCCCC1)[C@H](CCCCNS(C)(=O)=O)C(=O)N1CC[C@@H](NC(=O)N2CCC3(CC2)CC3)[C@@H](C(=O)NCc2cccs2)C1,False,7.300162274132754,,,
CN(CC(=O)NC(C=O)CCCN=C(N)N)C(=O)[C@H](CCCN=C(N)N)NS(=O)(=O)Cc1ccccc1,False,,7.698970004336019,5.698970004336019,
CN(CC(=O)NC(CC1CCNCC1)C(=O)c1nccs1)C(=O)[C@@H](CC1CCCCC1)NCC(=O)O,False,,6.366531544420414,5.318758762624412,
CN(CC(=O)N[C@@H](CC1CCCCC1)C(=O)C(=O)NCCc1ccccc1)C(=O)[C@@H](CCCN=C(N)N)NS(=O)(=O)Cc1ccccc1,False,,7.87942606879415,5.655607726314889,
CN(CC(=O)N[C@@H](CC1CCCCC1)C(=O)C(=O)NCc1ccc2c(c1)OCO2)C(=O)[C@@H](CC/N=C(\N)N[N+](=O)[O-])NS(=O)(=O)Cc1ccccc1,False,,7.333482019445119,5.6020599913279625,
CN(CC(=O)N[C@@H](CC1CCCCC1)C(=O)C(=O)NCc1ccc2c(c1)OCO2)C(=O)[C@@H](CCN=C(N)N)NS(=O)(=O)Cc1ccccc1,False,,8.576831443935097,5.764471553092451,
CN(CC(=O)N[C@@H](CC1CCCCC1)C(=O)C(=O)NCc1ccccc1)C(=O)[C@@H](CCCN=C(N)N)NS(=O)(=O)Cc1ccccc1,False,,8.48678239993206,5.707743928643524,
CN(CC(=O)N[C@@H](CCCNC(=N)N)C(=O)c1nccs1)C(=O)CNS(=O)(=O)c1ccccc1,False,,8.221848749616356,,
CN(CC(=O)N[C@@H](Cc1ccccc1)C(=O)C(=O)NCC(=O)NCCc1ccccc1)C(=O)[C@@H](CCCN=C(N)N)NS(=O)(=O)Cc1ccccc1.O=C(O)C(F)(F)F,False,,7.844811616354664,5.6020599913279625,
CN(CC(=O)N[C@H]1CCCC(C(=N)N)C1O)C(=O)[C@@H](CCCN=C(N)N)NS(=O)(=O)Cc1ccccc1,False,,8.767011315857088,5.6020599913279625,
CN(CC(=O)Nc1cccnc1)S(=O)(=O)c1cc(Cl)ccc1Cl,False,4.301029995663981,,,
CN(CC(=O)O)Cc1ccc(C(=O)Nc2ccc(Cl)cc2C(=O)Nc2ccc(Cl)cn2)cc1,False,,6.806875401645538,4.958607314841775,
CN(CCCC[C@@H](NC1CCCCC1)C(=O)N1CC[C@@H](NC(=O)N2CCC3(CC2)CC3)[C@@H](C(=O)NCc2cccs2)C1)S(C)(=O)=O,False,7.647817481888637,,,
CN(CCCS(=O)(=O)c1ccc2cc(Cl)ccc2c1)C(=O)C1CCN(c2ccncc2)CC1,False,,7.022276394711152,,
CN(CCN(C)C(=N)N)Cc1ccc(C(=O)Nc2ccc(Cl)cc2C(=O)Nc2ccc(Cl)cn2)cc1,False,,8.698970004336019,4.958607314841775,
CN(CCO)Cc1ccc(C(=O)Nc2ccc(Cl)cc2C(=O)Nc2ccc(Cl)cn2)cc1,False,,7.086186147616283,4.958607314841775,
CN(CCOc1cccc(C(=N)N)c1)C(=O)c1ccc(-c2ccccc2S(N)(=O)=O)cc1,False,,7.619788758288394,,
CN(CCS(=O)(=O)c1ccc2cc(Cl)ccc2c1)C(=O)C1CCN(c2ccncc2)CC1,False,,6.075720713938118,,
CN(CCc1ccccc1)C(=O)C1CCCCC1C(=O)N[C@@H](C=O)CCCN=C(N)N,False,,,4.075720713938118,
CN(CCc1ccccc1)C(=O)[C@@H]1CCCC[C@@H]1C(=O)N[C@@H](C=O)CCCN=C(N)N,False,,,4.920818753952375,
CN(C[C@H]1CN(c2ccc(N3CCOCC3=O)cc2)C(=O)O1)C(=O)c1ccc(Cl)s1,False,,6.610040592480227,,
CN(Cc1ccc(C(=O)Nc2ccc(Cl)cc2C(=O)Nc2ccc(Cl)cn2)cc1)C(=N)N,False,,9.0,4.958607314841775,
CN(Cc1ccc(C(=O)Nc2ccc(Cl)cc2C(=O)Nc2ccc(Cl)cn2)cc1)C(=N)c1ccccc1,False,,7.958607314841775,4.958607314841775,
CN(Cc1ccc(C(=O)Nc2ccc(Cl)cc2C(=O)Nc2ccc(Cl)cn2)cc1)C1=NCCN1,False,,8.698970004336019,4.958607314841775,
CN(Cc1ccc(C(=O)Nc2ccc(Cl)cc2C(=O)Nc2ccc(Cl)cn2)cc1)C1=NCCO1,False,,8.823908740944319,4.958607314841775,
CN(Cc1ccc(C(=O)Nc2ccc(Cl)cc2C(=O)Nc2ccc(Cl)cn2)cc1)C1=NCCS1,False,,8.0,4.958607314841775,
CN(Cc1ccccc1)c1nc(-c2ccccn2)nn1C(=O)c1ccccc1F,False,,4.0,6.167491087293763,
CN(Cc1ccccc1)c1nc2c(c(=O)[nH]c(=O)n2C)n1CCCSc1ncccn1,False,4.301029995663981,,,
CN(Cc1ccccn1)Cc1nc(-c2ccc(Cl)cc2)no1,False,4.301029995663981,,4.301029995663981,
CN(NC1OC(=O)c2ccccc21)c1ncc(Cl)cc1C(F)(F)F,False,4.301029995663981,,,
CN(c1ccc2c(c1)nc(Cc1ccc(C(=N)N)cc1)n2C)S(=O)(=O)c1ccccc1,False,,,5.886056647693163,
CN(c1ccccc1)S(=O)(=O)c1ccc(NC(=S)NC(=O)c2ccccc2)cc1,False,4.301029995663981,,,
CN(c1ncc(S(=O)(=O)N[C@H]2CCN([C@H](Cc3cc4ccnc(N)c4cc3Cl)C(=O)O)C2=O)s1)C1CCC1,False,,6.568636235841013,,
CN1C(=O)/C(=C2\SC(=S)N(C(CCC(=O)O)C(=O)O)C2=O)c2ccccc21,False,,,4.301029995663981,
CN1C(=O)/C(=N/OC(=O)c2ccccc2)c2ccccc21,False,5.307547031421966,,5.296804091161003,
CN1C(=O)COc2cc(N3C[C@H](CNC(=O)c4ccc(Cl)s4)OC3=O)ccc21,False,,5.924453038607469,,
CN1C(=O)C[C@@H](c2cccnc2)[C@@H]1C(=O)N1CCC[C@H]1C(=O)NCC1CCC(N)CC1,False,,,7.221848749616356,
CN1C(=O)c2ccc(OC(=O)CCc3ccc(N)nc3)cc2C1=O.Cl,False,,,5.275724130399211,
CN1C2(CCN(c3ccncc3)CC2)CN2C(=O)CN(S(=O)(=O)c3ccc4cc(Cl)ccc4c3)CC21CO,False,,9.236572006437063,,
CN1CC(=O)N(CC(=O)N[C@@H](CC2CCCN(C(=N)N)C2)C(=O)c2nccs2)[C@@H](Cc2ccc3ccccc3c2)C1=O,False,,,5.896196279044043,
CN1CC2(Cc3c1ccc1ccccc31)C(=O)OC(C)(C)OC2=O,False,4.301029995663981,,,
CN1CCC(NC(=O)c2cc3ccccc3n2Cc2cc(-c3ccc(Cl)s3)on2)CC1,False,,,5.809668301829708,
CN1CCC([C@H](C(=O)N2CCN(C(=O)Oc3ccccc3Cl)C[C@H]2C(=O)NCc2cccs2)N(C)C2CCCCC2)CC1,False,7.525783735923745,,,
CN1CCC2N=C(C(=O)N[C@@H]3CCCC[C@@H]3CNC(=O)c3ccc(Cl)s3)SC2C1,False,,7.568636235841013,,
CN1CCCN(c2ccc(C(=O)Nc3c(O)cc(Cl)cc3C(=O)Nc3ccc(Cl)cn3)cc2)CC1.Cl,False,,8.060480747381382,,
CN1CCCN(c2ccc(C(=O)Nc3c(O)cccc3C(=O)Nc3ccc(Cl)cc3)cc2)CC1.Cl,False,,8.161150909262744,,
CN1CCCN(c2ccc(C(=O)Nc3c(O)cccc3C(=O)Nc3ccc(Cl)cn3)cc2)CC1.Cl,False,,7.795880017344075,,
CN1CCCN(c2ccc(C(=O)Nc3c(O)cccc3NC(=O)c3ccc(Br)cc3)cc2)CC1,False,,7.223298816011589,,
CN1CCCN(c2ccc(C(=O)Nc3c(O)cccc3NC(=O)c3ccc(Br)s3)cc2)CC1,False,,7.382999658879101,,
CN1CCCN(c2ccc(C(=O)Nc3c(O)cccc3NC(=O)c3ccc(Cl)cc3)cc2)CC1,False,,7.192464971931146,,
CN1CCCN(c2ccc(C(=O)Nc3c(O)cccc3NC(=O)c3ccc(Cl)s3)cc2)CC1,False,,7.384049948343599,,
CN1CCCN(c2ccc(C(=O)Nc3c(O)cccc3NC(=O)c3ccc(F)cc3)cc2)CC1,False,,6.45717457304082,,
CN1CCCN(c2ccc(C(=O)Nc3c(O)cccc3NC(=O)c3ccc(O)cc3)cc2)CC1,False,,5.211619484680437,,
CN1CCCN(c2ccc(C(=O)Nc3c(O[C@@H]4O[C@H](C(=O)O)[C@@H](O)[C@H](O)[C@H]4O)cc(Cl)cc3C(=O)Nc3ccc(Cl)cn3)cc2)CC1,False,,8.823908740944319,4.0,
CN1CCCN(c2ccc(C(=O)Nc3cc(C(=O)O)ccc3CNc3cccc(C(=N)N)c3)cc2)CC1,False,,8.455931955649724,,
CN1CCCN(c2ccc(C(=O)Nc3ccc(Cl)cc3C(=O)Nc3ccc(Cl)cn3)cc2)CC1.Cl,False,,8.443697499232712,,
CN1CCCN(c2cccc(-c3ccc(C(=O)Nc4ccc(Cl)cc4C(=O)Nc4ccc(Cl)cn4)cc3)c2)CC1,False,,7.657577319177793,,
CN1CCCN(c2ccccc2-c2ccc(C(=O)Nc3ccc(Cl)cc3C(=O)Nc3ccc(Cl)cn3)cc2)CC1,False,,8.508638306165727,,
CN1CCCN=C1c1ccc(C(=O)N2CCN(S(=O)(=O)c3ccc4cc(Br)ccc4c3)CC2)cc1,False,,6.366531544420414,,
CN1CCCN=C1c1ccc(C(=O)Nc2ccccc2C(=O)Nc2ccc(Cl)cn2)cc1,False,,7.107905397309519,,
CN1CCN(C(=N)c2ccc(C(=O)Nc3ccccc3C(=O)Nc3ccc(Cl)cn3)cc2)CC1,False,,6.146301788223825,,
CN1CCN(C(=O)CN2CCC[C@H](NS(=O)(=O)c3ccc4cc(Cl)ccc4c3)C2=O)CC1,False,,5.708409174341999,,
CN1CCN(C(=O)[C@H](CNC(=O)c2ccc(Cl)s2)NS(=O)(=O)c2cc(F)cc(N3CCCCC3=O)c2Cl)CC1,False,,9.301029995663981,7.978810700930062,
CN1CCN(C(=O)[C@H](CNC(=O)c2ccc(Cl)s2)NS(=O)(=O)c2cccc(N3CCCC3=O)c2Cl)CC1,False,,9.0,7.508638306165727,
CN1CCN(C(=O)[C@H](CNC(=O)c2ccc(Cl)s2)NS(=O)(=O)c2cccc(N3CCOCC3=O)c2Cl)CC1,False,,8.958607314841775,7.187086643357144,
CN1CCN(C(=O)c2cc(Br)cc([N+](=O)[O-])c2N[C@@H]2CCCC[C@@H]2NC(=O)c2cc(=O)[nH]c3c(F)cccc23)CC1,False,,,4.0,
CN1CCN(C(=O)c2ccc(NC(=O)COc3cccc(C(=N)N)c3)cc2)CC1,False,,5.0,5.0,
CN1CCN(C(=O)c2ccc3c(=O)n(Cc4ccc(Cl)cc4)c(=S)[nH]c3c2)CC1,False,4.301029995663981,,,
CN1CCN(CCNC(=O)c2cn(Cc3ccccc3F)nn2)CC1,False,4.301029995663981,,,
CN1CCN(Cc2cc3ccccc3n2-c2ccc(N3C[C@H](CNC(=O)c4ccc(Cl)s4)OC3=O)cc2)CC1,False,,4.947306058075032,,
CN1CCN(Cc2ccc(C(=O)Nc3ccc(Cl)cc3C(=O)Nc3ccc(Cl)cn3)cc2)CC1,False,,7.823908740944319,4.958607314841775,
CN1CCN(Cc2cccn2-c2ccc(N3C[C@H](CNC(=O)c4ccc(Cl)s4)OC3=O)cc2)CC1,False,,5.408536015381504,,
CN1CCN(Cc2csc(-c3ccc(N4C[C@H](CNC(=O)c5ccc(Cl)s5)OC4=O)cc3)n2)CC1,False,,5.399821027229182,,
CN1CCN(S(=O)(=O)c2ccc(Br)s2)CC1,False,4.301029995663981,,,
CN1CCN(c2ccc(C(=O)n3nc(-c4ccccn4)nc3N)cc2)CC1,False,6.7447274948966935,,,
CN1CCN(c2ccc(C(=O)n3nc(-c4ccncc4)nc3N)cc2)CC1,False,6.709965388637482,,,
CN1CCN(c2ccc(CNS(=O)(=O)Cc3ccc(Cl)cc3)cc2)CC1,False,4.301029995663981,,,
CN1CCN(c2ccc(NC(=O)c3ccc(-c4ccccc4S(N)(=O)=O)cc3)c(C(=O)Nc3ccc(Br)cn3)c2)CC1,False,,5.810229043653126,,
CN1CCN(c2ccc3c(c2)OC[C@H]2[C@H](CNC(=O)c4ccc(Cl)s4)OC(=O)N32)C(=O)C1,False,,5.655607726314889,,
CN1CCN(c2cccc(-c3ccc(C(=O)Nc4ccc(Cl)cc4C(=O)Nc4ccc(Cl)cn4)cc3)c2)CC1,False,,7.638272163982407,,
CN1CCN(c2ccccc2-c2ccc(C(=O)Nc3ccc(Cl)cc3C(=O)Nc3ccc(Cl)cn3)cc2)CC1,False,,8.455931955649724,,
CN1CCN(c2ncnc(Cl)c2N)CC1,False,4.301029995663981,,,
CN1CCN=C1N(C)Cc1ccc(C(=O)Nc2ccc(Cl)cc2C(=O)Nc2ccc(Cl)cn2)cc1,False,,9.522878745280337,4.958607314841775,
CN1CCN=C1c1ccc(C(=O)N2CCN(C(=O)c3cc4cc(Cl)ccc4[nH]3)CC2)cc1,False,,4.958607314841775,,
CN1CCN=C1c1ccc(C(=O)N2CCN(S(=O)(=O)c3cc4cc(Cl)ccc4[nH]3)CC2)cc1,False,,8.301029995663981,5.0,
CN1CCN=C1c1ccc(C(=O)N2CCN(S(=O)(=O)c3cc4cc(Cl)ccc4[nH]3)CC2C(=O)O)cc1,False,,7.920818753952375,,
CN1CCN=C1c1ccc(C(=O)N2CCN(S(=O)(=O)c3cc4cc(Cl)ccc4[nH]3)CC2CC(=O)N2CCC2)cc1,False,,8.301029995663981,,
CN1CCN=C1c1ccc(C(=O)N2CCN(S(=O)(=O)c3cc4cc(Cl)ccc4[nH]3)CC2CC(=O)N2CCCC2)cc1,False,,8.154901959985743,,
CN1CCN=C1c1ccc(C(=O)N2CCN(S(=O)(=O)c3cc4cc(Cl)ccc4[nH]3)CC2CC(=O)N2CCCCC2)cc1,False,,8.154901959985743,,
CN1CCN=C1c1ccc(C(=O)N2CCN(S(=O)(=O)c3cc4cc(Cl)ccc4[nH]3)CC2CC(=O)N2CCN(c3ccncc3)CC2)cc1,False,,8.096910013008056,,
CN1CCN=C1c1ccc(C(=O)N2CCN(S(=O)(=O)c3cc4cc(Cl)ccc4[nH]3)CC2CC(=O)N2CCOCC2)cc1,False,,7.958607314841775,,
CN1CCN=C1c1ccc(C(=O)N2CCN(S(=O)(=O)c3cc4cc(Cl)ccc4[nH]3)CC2CC(=O)O)cc1,False,,7.3872161432802645,,
CN1CCN=C1c1ccc(C(=O)N2CCN(S(=O)(=O)c3cc4cc(Cl)ccc4[nH]3)CC2CC(N)=O)cc1,False,,7.7447274948966935,,
CN1CCN=C1c1ccc(C(=O)N2CCN(S(=O)(=O)c3cc4cc(Cl)ccc4s3)CC2)cc1,False,,6.568636235841013,,
CN1CCN=C1c1ccc(C(=O)N2CCN(S(=O)(=O)c3cc4ccc(Cl)cc4[nH]3)CC2)cc1,False,,6.229147988357855,,
CN1CCN=C1c1ccc(C(=O)N2CCN(S(=O)(=O)c3cc4ccc(Cl)cc4s3)CC2)cc1,False,,8.045757490560675,8.0,
CN1CCN=C1c1ccc(C(=O)N2CCN(S(=O)(=O)c3cc4ccc(Cl)cc4s3)CC2CC(=O)N2CCC(C(=O)O)CC2)cc1,False,,8.096910013008056,,
CN1CCN=C1c1ccc(C(=O)N2CCN(S(=O)(=O)c3cc4ccc(Cl)cc4s3)CC2CC(=O)N2CCC2)cc1,False,,8.0,,
CN1CCN=C1c1ccc(C(=O)N2CCN(S(=O)(=O)c3cc4ccc(Cl)cc4s3)CC2CC(=O)N2CCCC2)cc1,False,,8.221848749616356,,
CN1CCN=C1c1ccc(C(=O)N2CCN(S(=O)(=O)c3cc4ccc(Cl)cc4s3)CC2CC(=O)N2CCCCC2)cc1,False,,8.221848749616356,,
CN1CCN=C1c1ccc(C(=O)N2CCN(S(=O)(=O)c3cc4ccc(Cl)cc4s3)CC2CC(=O)N2CCN(c3ccncc3)CC2)cc1,False,,8.096910013008056,,
CN1CCN=C1c1ccc(C(=O)N2CCN(S(=O)(=O)c3cc4ccc(Cl)cc4s3)CC2CC(=O)N2CCOCC2)cc1,False,,7.823908740944319,8.494850021680094,
CN1CCN=C1c1ccc(C(=O)N2CCN(S(=O)(=O)c3cc4ccc(Cl)cc4s3)CC2CC(=O)O)cc1,False,,7.5376020021010435,,
CN1CCN=C1c1ccc(C(=O)N2CCN(S(=O)(=O)c3ccc4cc(Br)ccc4c3)CC2)cc1,False,,7.508638306165727,,
CN1CCN=C1c1ccc(C(=O)Nc2ccc(Cl)cc2C(=O)Nc2ccc(Cl)cn2)cc1,False,,8.823908740944319,,
CN1CCN=C1c1ccc(C(=O)Nc2ccccc2C(=O)Nc2ccc(Cl)cn2)cc1,False,,7.698970004336019,,
CN1CCN=C1c1ccc(CN2CCN(S(=O)(=O)c3cc4cc(Cl)ccc4[nH]3)CC2=O)cc1,False,,7.2441251443275085,,
CN1CCN=C1c1ccc(CN2CCN(S(=O)(=O)c3cc4ccc(Cl)cc4s3)CC2=O)cc1,False,,7.346787486224656,,
CN1CCN=C1c1ccc(NC(=O)c2cc(C(F)(F)F)nn2-c2cc3ccccc3cc2F)c(F)c1,False,,7.508638306165727,,
CN1CCN=C1c1ccc(NC(=O)c2cc(C(F)(F)F)nn2-c2ccc3cc(Cl)ccc3c2)c(F)c1,False,,8.698970004336019,,
CN1CCN=C1c1ccc(NC(=O)c2nnnn2-c2cc3ccccc3cc2F)c(F)c1,False,,6.958607314841775,,
CN1CCN=C1c1ccc(NC(=O)c2nnnn2-c2ccc3cc(Cl)ccc3c2)c(F)c1,False,,7.823908740944319,,
CN1CCc2[nH]c(C(=O)N3CCN(S(=O)(=O)c4ccc5cc(Cl)ccc5c4)CC3)cc2C1,False,,6.494850021680094,,
CN1CCc2c(c(N)nn2C(=O)C2CCCc3[nH]ccc32)C1,False,4.698970004336019,,4.154901959985743,
CN1CCc2cc(C(=O)N3CCN(S(=O)(=O)c4ccc5cc(Cl)ccc5c4)CC3)ccc2C1,False,,5.920818753952375,,
CN1CCc2cc(C(=O)N3CCN(S(=O)(=O)c4ccc5cc(Cl)ccc5c4)CC3)oc2C1,False,,6.259637310505756,,
CN1CCc2cc(C(=O)N3CCN(S(=O)(=O)c4ccc5cc(Cl)ccc5c4)CC3)sc2C1,False,,6.978810700930062,,
CN1CCc2nc(C(=O)N(C)CCN(C)C(=O)c3cc4cc(Cl)ccc4[nH]3)sc2C1,False,,5.403952992454561,,
CN1CCc2nc(C(=O)N(C)CCNC(=O)c3cc4cc(Cl)ccc4[nH]3)sc2C1,False,,5.3872161432802645,,
CN1CCc2nc(C(=O)N3CCC(NC(=O)c4ccc(Cl)s4)CC3)sc2C1,False,,5.989276134608227,,
CN1CCc2nc(C(=O)N3CCCC(CNC(=O)c4ccc(Cl)s4)C3)sc2C1,False,,5.165579296318468,,
CN1CCc2nc(C(=O)N3CCN(S(=O)(=O)c4ccc5cc(Cl)ccc5c4)CC3)ccc2C1,False,,5.657577319177793,,
CN1CCc2nc(C(=O)N3CCN(S(=O)(=O)c4ccc5cc(Cl)ccc5c4)CC3)sc2C1,False,,7.657577319177793,4.751811972993799,
CN1CCc2nc(C(=O)N3CCN(S(=O)(=O)c4ccc5cc(Cl)ccc5c4)CC3C(=O)N(C)C)sc2C1,False,,6.886056647693163,5.221848749616356,
CN1CCc2nc(C(=O)N3CCN(S(=O)(=O)c4ccc5cc(Cl)ccc5c4)CC3C(=O)NCC(=O)N3CCOCC3)sc2C1,False,,7.6020599913279625,6.0,
CN1CCc2nc(C(=O)N3CCN(S(=O)(=O)c4ccc5cc(Cl)ccc5c4)CC3C(=O)NCC(N)=O)sc2C1,False,,7.638272163982407,6.055517327849832,
CN1CCc2nc(C(=O)N3CCN(S(=O)(=O)c4ccc5cc(Cl)ccc5c4)CC3C(=O)NCc3ccccc3)sc2C1,False,,6.1938200260161125,5.886056647693163,
CN1CCc2nc(C(=O)N3CCN(S(=O)(=O)c4ccc5cc(Cl)ccc5c4)CC3C(N)=O)sc2C1,False,,7.619788758288394,4.5,
CN1CCc2nc(C(=O)NC3CCCCC3NC(=O)c3cc4cc(Cl)ccc4[nH]3)sc2C1,False,,7.3872161432802645,,
CN1CCc2nc(C(=O)NC3CCN(C(=O)OC(C)(C)C)CC3NC(=O)c3cc4cc(Cl)ccc4[nH]3)sc2C1,False,,6.886056647693163,,
CN1CCc2nc(C(=O)NC3CCN(S(C)(=O)=O)CC3NC(=O)c3cc4cc(Cl)ccc4[nH]3)sc2C1,False,,7.346787486224656,,
CN1CCc2nc(C(=O)NC3CCNCC3NC(=O)c3cc4cc(Cl)ccc4[nH]3)sc2C1,False,,6.275724130399211,,
CN1CCc2nc(C(=O)NC3CN(C(=O)OC(C)(C)C)CCC3NC(=O)c3cc4cc(Cl)ccc4[nH]3)sc2C1,False,,8.0,,
CN1CCc2nc(C(=O)NC3CN(S(C)(=O)=O)CCC3NC(=O)c3cc4cc(Cl)ccc4[nH]3)sc2C1,False,,7.552841968657781,,
CN1CCc2nc(C(=O)NC3CNCCC3NC(=O)c3cc4cc(Cl)ccc4[nH]3)sc2C1,False,,7.2076083105017466,,
CN1CCc2nc(C(=O)NCCCNC(=O)c3ccc(Cl)s3)sc2C1,False,,7.031517051446065,,
CN1CCc2nc(C(=O)NCCN(C)C(=O)c3cc4cc(Cl)ccc4[nH]3)sc2C1,False,,5.795880017344075,,
CN1CCc2nc(C(=O)NCCNC(=O)c3cc4cc(Cl)ccc4[nH]3)sc2C1,False,,6.655607726314889,,
CN1CCc2nc(C(=O)NC[C@@H](CC(=O)O)NC(=O)c3cc4cc(Cl)ccc4[nH]3)sc2C1,False,,6.214670164989233,,
CN1CCc2nc(C(=O)NC[C@H](CC(=O)O)NC(=O)c3cc4cc(Cl)ccc4[nH]3)sc2C1,False,,6.337242168318426,,
CN1CCc2nc(C(=O)NCc3ccccc3NC(=O)c3ccc(Cl)s3)sc2C1,False,,5.24603413413484,,
CN1CCc2nc(C(=O)N[C@@H](CNC(=O)c3cc4cc(Cl)ccc4[nH]3)CC(=O)O)sc2C1,False,,5.6777807052660805,,
CN1CCc2nc(C(=O)N[C@@H]3CCCCCC[C@@H]3NC(=O)c3cc4cc(Cl)ccc4[nH]3)sc2C1,False,,5.853871964321762,,
CN1CCc2nc(C(=O)N[C@@H]3CCCCCC[C@H]3NC(=O)c3cc4cc(Cl)ccc4[nH]3)sc2C1,False,,5.0,,
CN1CCc2nc(C(=O)N[C@@H]3CCCCC[C@@H]3NC(=O)c3cc4cc(Cl)ccc4[nH]3)sc2C1,False,,6.756961951313706,,
CN1CCc2nc(C(=O)N[C@@H]3CCCCC[C@H]3NC(=O)c3cc4cc(Cl)ccc4[nH]3)sc2C1,False,,7.94692155651658,4.0,
CN1CCc2nc(C(=O)N[C@@H]3CCCC[C@@H]3CNC(=O)c3ccc(Cl)s3)sc2C1,False,,7.568636235841013,,
CN1CCc2nc(C(=O)N[C@@H]3CCCC[C@@H]3NC(=O)c3cc4cc(Cl)ccc4[nH]3)sc2C1,False,,7.727769371666773,5.465907069126919,
CN1CCc2nc(C(=O)N[C@@H]3CCCC[C@@H]3NS(=O)(=O)c3cc4cc(Cl)ccc4[nH]3)sc2C1,False,,5.356547323513812,,
CN1CCc2nc(C(=O)N[C@@H]3CCCC[C@H]3CNC(=O)c3ccc(Cl)s3)sc2C1,False,,6.357535479757878,,
CN1CCc2nc(C(=O)N[C@@H]3CCCC[C@H]3NC(=O)c3cc4cc(Cl)ccc4[nH]3)sc2C1,False,,7.886056647693163,4.5376020021010435,
CN1CCc2nc(C(=O)N[C@@H]3CCCC[C@H]3NS(=O)(=O)c3cc4cc(Cl)ccc4[nH]3)sc2C1,False,,5.0,,
CN1CCc2nc(C(=O)N[C@@H]3CCC[C@@H]3NC(=O)c3cc4cc(Cl)ccc4[nH]3)sc2C1,False,,6.928117992693875,4.568636235841013,
CN1CCc2nc(C(=O)N[C@@H]3CCC[C@@H]3NS(=O)(=O)c3cc4cc(Cl)ccc4[nH]3)sc2C1,False,,5.494850021680094,,
CN1CCc2nc(C(=O)N[C@@H]3CCC[C@H]3NC(=O)c3cc4cc(Cl)ccc4[nH]3)sc2C1,False,,7.0655015487564325,4.443697499232712,
CN1CCc2nc(C(=O)N[C@@H]3CCC[C@H]3NS(=O)(=O)c3cc4cc(Cl)ccc4[nH]3)sc2C1,False,,5.0,,
CN1CCc2nc(C(=O)N[C@@H]3CC[C@@H](C(=O)N(C)C)C[C@@H]3NC(=O)C(=O)Nc3ccc(Cl)cn3)sc2C1,False,,8.468521082957745,,
CN1CCc2nc(C(=O)N[C@@H]3CC[C@@H](C(=O)N(C)C)C[C@@H]3NC(=O)c3cc4cc(Cl)ccc4[nH]3)sc2C1,False,,6.075720713938118,,
CN1CCc2nc(C(=O)N[C@@H]3CC[C@@H](C(=O)O)C[C@@H]3NC(=O)c3cc4cc(Cl)ccc4[nH]3)sc2C1,False,,6.958607314841775,,
CN1CCc2nc(C(=O)N[C@@H]3CC[C@@H]3NC(=O)c3cc4cc(Cl)ccc4[nH]3)sc2C1,False,,6.576754126063192,,
CN1CCc2nc(C(=O)N[C@@H]3CC[C@H](C(=O)N(C)C)C[C@@H]3NC(=O)c3cc4cc(Cl)ccc4[nH]3)sc2C1,False,,7.920818753952375,,
CN1CCc2nc(C(=O)N[C@@H]3CC[C@H](C(=O)O)C[C@@H]3NC(=O)c3cc4cc(Cl)ccc4[nH]3)sc2C1,False,,7.795880017344075,,
CN1CCc2nc(C(=O)N[C@@H]3CC[C@H]3NC(=O)c3cc4cc(Cl)ccc4[nH]3)sc2C1,False,,5.698970004336019,,
CN1CCc2nc(C(=O)N[C@@H]3CN(C(=O)CO)CC[C@@H]3NC(=O)c3cc4cc(Cl)ccc4[nH]3)sc2C1,False,,8.031517051446064,,
CN1CCc2nc(C(=O)N[C@@H]3CN(C(=O)N(C)C)CC[C@@H]3NC(=O)c3cc4cc(Cl)ccc4[nH]3)sc2C1,False,,8.075720713938118,,
CN1CCc2nc(C(=O)N[C@@H]3CN(C(=O)NC(C)(C)C)CC[C@@H]3NC(=O)c3cc4cc(Cl)ccc4[nH]3)sc2C1,False,,8.318758762624412,,
CN1CCc2nc(C(=O)N[C@@H]3CN(CC(=O)O)CC[C@@H]3NC(=O)c3cc4cc(Cl)ccc4[nH]3)sc2C1,False,,7.585026652029182,,
CN1CCc2nc(C(=O)N[C@@H]3C[C@@H](C(=O)N(C)C)CC[C@@H]3NC(=O)C(=O)Nc3ccc(Cl)cn3)sc2C1,False,,8.468521082957745,,
CN1CCc2nc(C(=O)N[C@@H]3C[C@@H](C(=O)N(C)C)CC[C@@H]3NC(=O)C3=Cc4ccc(Cl)cc4OC3)sc2C1,False,,7.455931955649724,,
CN1CCc2nc(C(=O)N[C@@H]3C[C@@H](C(=O)N(C)C)CC[C@@H]3NC(=O)C3=NS(=O)(=O)c4cc(Cl)ccc4N3)sc2C1,False,,8.309803919971486,,
CN1CCc2nc(C(=O)N[C@@H]3C[C@@H](C(=O)N(C)C)CC[C@@H]3NC(=O)c3[nH]c4ccc(Cl)cc4c3Br)sc2C1,False,,8.318758762624412,,
CN1CCc2nc(C(=O)N[C@@H]3C[C@@H](C(=O)N(C)C)CC[C@@H]3NC(=O)c3[nH]c4ccc(Cl)cc4c3C(=O)N(C)C)sc2C1,False,,7.431798275933005,,
CN1CCc2nc(C(=O)N[C@@H]3C[C@@H](C(=O)N(C)C)CC[C@@H]3NC(=O)c3[nH]c4ccc(Cl)cc4c3C=O)sc2C1,False,,8.67778070526608,,
CN1CCc2nc(C(=O)N[C@@H]3C[C@@H](C(=O)N(C)C)CC[C@@H]3NC(=O)c3[nH]c4ccc(Cl)cc4c3F)sc2C1,False,,8.455931955649724,,
CN1CCc2nc(C(=O)N[C@@H]3C[C@@H](C(=O)N(C)C)CC[C@@H]3NC(=O)c3[nH]c4ccc(F)cc4c3Cl)sc2C1,False,,8.244125144327509,,
CN1CCc2nc(C(=O)N[C@@H]3C[C@@H](C(=O)N(C)C)CC[C@@H]3NC(=O)c3cc(=O)c4cc(Cl)ccc4[nH]3)sc2C1,False,,9.366531544420413,,
CN1CCc2nc(C(=O)N[C@@H]3C[C@@H](C(=O)N(C)C)CC[C@@H]3NC(=O)c3cc4c(F)c(Cl)ccc4[nH]3)sc2C1,False,,8.853871964321762,,
CN1CCc2nc(C(=O)N[C@@H]3C[C@@H](C(=O)N(C)C)CC[C@@H]3NC(=O)c3cc4cc(Br)ccc4[nH]3)sc2C1,False,,8.494850021680094,,
CN1CCc2nc(C(=O)N[C@@H]3C[C@@H](C(=O)N(C)C)CC[C@@H]3NC(=O)c3cc4cc(Cl)cc(F)c4[nH]3)sc2C1,False,,7.309803919971486,,
CN1CCc2nc(C(=O)N[C@@H]3C[C@@H](C(=O)N(C)C)CC[C@@H]3NC(=O)c3cc4cc(Cl)ccc4[nH]3)sc2C1,False,,8.552017656901413,,
CN1CCc2nc(C(=O)N[C@@H]3C[C@@H](C(=O)N(C)C)CC[C@@H]3NC(=O)c3cc4cc(Cl)ccc4o3)sc2C1,False,,5.958607314841775,,
CN1CCc2nc(C(=O)N[C@@H]3C[C@@H](C(=O)N(C)C)CC[C@@H]3NC(=O)c3cc4cc(Cl)ncc4[nH]3)sc2C1,False,,7.161150909262744,,
CN1CCc2nc(C(=O)N[C@@H]3C[C@@H](C(=O)N(C)C)CC[C@@H]3NC(=O)c3cc4cc(F)ccc4[nH]3)sc2C1,False,,7.823908740944319,,
CN1CCc2nc(C(=O)N[C@@H]3C[C@@H](C(=O)N(C)C)CC[C@@H]3NC(=O)c3cc4ccc(Cl)cc4[nH]c3=O)sc2C1,False,,7.920818753952375,,
CN1CCc2nc(C(=O)N[C@@H]3C[C@@H](C(=O)N(C)C)CC[C@@H]3NC(=O)c3cc4ccc(Cl)cc4cn3)sc2C1,False,,8.522878745280337,,
CN1CCc2nc(C(=O)N[C@@H]3C[C@@H](C(=O)N(C)C)CC[C@@H]3NC(=O)c3cc4ccc(Cl)cc4nn3)sc2C1,False,,8.481486060122112,,
CN1CCc2nc(C(=O)N[C@@H]3C[C@@H](C(=O)N(C)C)CC[C@@H]3NC(=O)c3cc4ccc(Cl)cc4o3)sc2C1,False,,5.721246399047171,,
CN1CCc2nc(C(=O)N[C@@H]3C[C@@H](C(=O)N(C)C)CC[C@@H]3NC(=O)c3cc4nc(Cl)ccc4[nH]3)sc2C1,False,,7.259637310505756,,
CN1CCc2nc(C(=O)N[C@@H]3C[C@@H](C(=O)N(C)C)CC[C@@H]3NC(=O)c3ccc4cc(Cl)ccc4c3)sc2C1,False,,8.244125144327509,,
CN1CCc2nc(C(=O)N[C@@H]3C[C@@H](C(=O)N(C)C)CC[C@@H]3NC(=O)c3ccc4cc(Cl)ccc4n3)sc2C1,False,,5.3979400086720375,,
CN1CCc2nc(C(=O)N[C@@H]3C[C@@H](C(=O)N(C)C)CC[C@@H]3NC(=O)c3cn4ccc(Cl)cc4n3)sc2C1,False,,6.920818753952375,,
CN1CCc2nc(C(=O)N[C@@H]3C[C@@H](C(=O)N(C)C)CC[C@@H]3NC(=O)c3cnc4cc(Cl)ccc4c3)sc2C1,False,,8.387216143280265,,
CN1CCc2nc(C(=O)N[C@@H]3C[C@@H](C(=O)N(C)C)CC[C@@H]3NC(=O)c3nc(=O)c4cc(Cl)ccc4[nH]3)sc2C1,False,,8.853871964321762,,
CN1CCc2nc(C(=O)N[C@@H]3C[C@@H](C(=O)N(C)C)CC[C@@H]3NC(=O)c3nc4cc(Cl)ccc4[nH]3)sc2C1,False,,8.187086643357144,,
CN1CCc2nc(C(=O)N[C@@H]3C[C@@H](C(=O)N(C)C)CC[C@@H]3NC(=O)c3nc4cc(Cl)ccc4s3)sc2C1,False,,5.638272163982407,,
CN1CCc2nc(C(=O)N[C@@H]3C[C@@H](C(=O)N(C)C)CC[C@@H]3NC(=O)c3ncc4cc(Cl)ccc4n3)sc2C1,False,,6.060480747381382,,
CN1CCc2nc(C(=O)N[C@@H]3C[C@@H](C(=O)N(C)C)CC[C@H]3NC(=O)c3cc4cc(Cl)ccc4[nH]3)sc2C1,False,,8.744727494896694,,
CN1CCc2nc(C(=O)N[C@@H]3C[C@@H](C(=O)N(C)CCO)CC[C@@H]3NC(=O)c3cc4cc(Cl)ccc4[nH]3)sc2C1,False,,8.602059991327963,,
CN1CCc2nc(C(=O)N[C@@H]3C[C@@H](C(=O)N4CCCC4)CC[C@@H]3NC(=O)c3cc4cc(Cl)ccc4[nH]3)sc2C1,False,,8.455931955649724,,
CN1CCc2nc(C(=O)N[C@@H]3C[C@@H](C(=O)NC(C)(C)C)CC[C@@H]3NC(=O)c3cc4cc(Cl)ccc4[nH]3)sc2C1,False,,8.346787486224656,,
CN1CCc2nc(C(=O)N[C@@H]3C[C@@H](C(=O)O)CC[C@@H]3NC(=O)c3cc4cc(Cl)ccc4[nH]3)sc2C1,False,,8.1249387366083,,
CN1CCc2nc(C(=O)N[C@@H]3C[C@@H](CO)CC[C@@H]3NC(=O)c3cc4cc(Cl)ccc4[nH]3)sc2C1,False,,8.3767507096021,,
CN1CCc2nc(C(=O)N[C@@H]3C[C@@H](CS(C)(=O)=O)CC[C@@H]3NC(=O)c3cc4cc(Cl)ccc4[nH]3)sc2C1,False,,7.920818753952375,,
CN1CCc2nc(C(=O)N[C@@H]3C[C@@H]3NC(=O)c3cc4cc(Cl)ccc4[nH]3)sc2C1,False,,6.728158393463501,,
CN1CCc2nc(C(=O)N[C@@H]3C[C@@H]3NS(=O)(=O)c3cc4cc(Cl)ccc4[nH]3)sc2C1,False,,6.568636235841013,,
CN1CCc2nc(C(=O)N[C@@H]3C[C@H](C(=O)N(C)C)CC[C@@H]3NC(=O)c3cc4cc(Cl)ccc4[nH]3)sc2C1,False,,7.055517327849832,,
CN1CCc2nc(C(=O)N[C@@H]3C[C@H](C(=O)O)CC[C@@H]3NC(=O)c3cc4cc(Cl)ccc4[nH]3)sc2C1,False,,7.1249387366083,,
CN1CCc2nc(C(=O)N[C@@H]3C[C@H]3NC(=O)c3cc4cc(Cl)ccc4[nH]3)sc2C1,False,,5.0,,
CN1CCc2nc(C(=O)N[C@@H]3C[C@H]3NS(=O)(=O)c3cc4cc(Cl)ccc4[nH]3)sc2C1,False,,5.0,,
CN1CCc2nc(C(=O)N[C@H](CNC(=O)c3cc4cc(Cl)ccc4[nH]3)CC(=O)N(C)C)sc2C1,False,,7.327902142064283,,
CN1CCc2nc(C(=O)N[C@H](CNC(=O)c3cc4cc(Cl)ccc4[nH]3)CC(=O)O)sc2C1,False,,6.698970004336019,,
CN1CCc2nc(C(=O)N[C@H]3CCCC[C@H]3NC(=O)c3cc4cc(Cl)ccc4[nH]3)sc2C1,False,,6.123205023799299,7.0,
CN1CCc2nc(C(=O)Nc3c(CNC(=O)c4ccc(Cl)s4)cccc3C(=O)N(C)C)sc2C1,False,,8.67778070526608,,
CN1CCc2nc(C(=O)Nc3c(CNC(=O)c4ccc(Cl)s4)cccc3C(=O)O)sc2C1,False,,8.214670164989233,,
CN1CCc2nc(C(=O)Nc3c(CNC(=O)c4ccc(Cl)s4)cccc3C(N)=O)sc2C1,False,,8.455931955649724,,
CN1CCc2nc(C(=O)Nc3cc(-c4nnn[nH]4)ccc3CNC(=O)c3ccc(Cl)s3)sc2C1,False,,8.327902142064282,,
CN1CCc2nc(C(=O)Nc3cc(C(=O)N(C)C)ccc3CNC(=O)c3ccc(Cl)s3)sc2C1,False,,8.200659450546418,,
CN1CCc2nc(C(=O)Nc3cc(C(=O)N(C)C)ccc3NC(=O)c3cc4cc(Cl)ccc4[nH]3)sc2C1,False,,8.113509274827518,,
CN1CCc2nc(C(=O)Nc3cc(C(=O)NS(C)(=O)=O)ccc3CNC(=O)c3ccc(Cl)s3)sc2C1,False,,8.221848749616356,,
CN1CCc2nc(C(=O)Nc3cc(C(=O)O)ccc3CCC(=O)Nc3ccc(Cl)cc3)sc2C1,False,,8.698970004336019,,
CN1CCc2nc(C(=O)Nc3cc(C(=O)O)ccc3CCC(=O)Nc3ccc(Cl)cn3)sc2C1,False,,8.619788758288394,,
CN1CCc2nc(C(=O)Nc3cc(C(=O)O)ccc3CNC(=O)c3ccc(Cl)s3)sc2C1,False,,8.698970004336019,,
CN1CCc2nc(C(=O)Nc3cc(C(N)=O)ccc3CNC(=O)c3ccc(Cl)s3)sc2C1,False,,8.318758762624412,,
CN1CCc2nc(C(=O)Nc3cc(CC(=O)O)ccc3NC(=O)c3cc4cc(Cl)ccc4[nH]3)sc2C1,False,,8.721246399047171,,
CN1CCc2nc(C(=O)Nc3cc(OC(C)(C)C(=O)O)ccc3NC(=O)c3cc4cc(Cl)ccc4[nH]3)sc2C1,False,,8.657577319177793,,
CN1CCc2nc(C(=O)Nc3cc(OCC(=O)O)ccc3NC(=O)c3cc4cc(Cl)ccc4[nH]3)sc2C1,False,,8.602059991327963,,
CN1CCc2nc(C(=O)Nc3cc(OCC(C)(C)C(=O)O)ccc3NC(=O)c3cc4cc(Cl)ccc4[nH]3)sc2C1,False,,8.721246399047171,,
CN1CCc2nc(C(=O)Nc3cc(OCC4(C(=O)O)CC4)ccc3NC(=O)c3cc4cc(Cl)ccc4[nH]3)sc2C1,False,,8.568636235841012,,
CN1CCc2nc(C(=O)Nc3ccc(C(=O)O)cc3CNC(=O)c3ccc(Cl)s3)sc2C1,False,,7.698970004336019,,
CN1CCc2nc(C(=O)Nc3ccccc3CC(=O)Nc3ccc(Cl)cn3)sc2C1,False,,6.205511953340831,,
CN1CCc2nc(C(=O)Nc3ccccc3CNC(=O)c3cc(Cl)c[nH]3)sc2C1,False,,7.318758762624412,,
CN1CCc2nc(C(=O)Nc3ccccc3CNC(=O)c3cc(Cl)ccn3)sc2C1,False,,5.382475465113708,,
CN1CCc2nc(C(=O)Nc3ccccc3CNC(=O)c3ccc(Cl)[nH]3)sc2C1,False,,5.0,,
CN1CCc2nc(C(=O)Nc3ccccc3CNC(=O)c3ccc(Cl)cc3)sc2C1,False,,6.192464971931146,,
CN1CCc2nc(C(=O)Nc3ccccc3CNC(=O)c3ccc(Cl)cn3)sc2C1,False,,5.60624935965192,,
CN1CCc2nc(C(=O)Nc3ccccc3CNC(=O)c3ccc(Cl)s3)sc2C1,False,,8.769551078621726,,
CN1CCc2nc(C(=O)Nc3ccccc3CNC(=O)c3cccc(Cl)c3)sc2C1,False,,5.791021482723746,,
CN1CCc2nc(C(=O)Nc3ccccc3NC(=O)c3cc4cc(Cl)ccc4[nH]3)sc2C1,False,,8.130768280269024,,
CN1CCc2nc(C(=O)Nc3cccnc3CNC(=O)c3ccc(Cl)s3)sc2C1,False,,7.958607314841775,,
CN1CCc2nc(C(=O)Nc3ccncc3CNC(=O)c3ccc(Cl)s3)sc2C1,False,,7.920818753952375,,
CN1CCc2nc(C(=O)Nc3cnccc3CNC(=O)c3ccc(Cl)s3)sc2C1,False,,7.886056647693163,,
CN1CCc2nc(C(=O)Nc3ncccc3CNC(=O)c3ccc(Cl)s3)sc2C1,False,,7.7447274948966935,,
CN1CCc2nc(NC(=O)c3ccccc3CNC(=O)c3ccc(Cl)s3)sc2C1,False,,7.229147988357855,,
CN1CCc2nn(C(=O)C3CCCc4[nH]c(Cl)cc43)c(N)c2C1,False,6.455931955649724,,4.455931955649724,
CN1CCc2nn(C(=O)C3CCCc4[nH]ccc43)c(N)c2C1,False,5.070581074285707,,4.096910013008056,
CN1CCc2nn(C(=O)C3CCNc4ccccc43)c(N)c2C1,False,5.903089986991944,,,
CN1CCc2sc(C(=O)N3CCN(S(=O)(=O)c4ccc5cc(Cl)ccc5c4)CC3)cc2C1,False,,6.721246399047171,,
CN1CCc2sc(C(=O)N3CCN(S(=O)(=O)c4ccc5cc(Cl)ccc5c4)CC3)nc2C1,False,,6.6777807052660805,,
CN1Cc2nc(C(=O)N[C@@H]3C[C@@H](C(=O)N(C)C)CC[C@@H]3NC(=O)c3cc4cc(Cl)ccc4[nH]3)sc2C1,False,,8.468521082957745,,
CN1Cc2nc(C(=O)N[C@@H]3C[C@@H](C(=O)N(C)C)CC[C@@H]3NC(=O)c3cc4ccc(Cl)cc4cn3)sc2C1,False,,8.022276394711152,,
CN1Cc2nc(C(=O)N[C@@H]3C[C@@H](C(=O)N(C)C)CC[C@@H]3NC(=O)c3ccc4cc(Cl)ccc4c3)sc2C1,False,,7.920818753952375,,
CNC(=N)c1ccc(C(=O)Nc2ccccc2C(=O)Nc2ccc(Cl)cn2)cc1,False,,7.638272163982407,,
CNC(=N)c1cccc(/C(C)=C(/F)C(=O)Nc2ccc(-c3ccncc3S(N)(=O)=O)cc2)c1,False,,9.0,,
CNC(=O)C1CN(S(=O)(=O)c2ccc3cc(Cl)ccc3c2)CCN1C(=O)c1nc2c(s1)CN(C)CC2,False,,7.568636235841013,5.8696662315049934,
CNC(=O)CC1CN(S(=O)(=O)c2cc3cc(Cl)ccc3[nH]2)CCN1C(=O)c1ccc(C2=NCCN2C)cc1,False,,7.958607314841775,,
CNC(=O)COC(=O)c1cc(-c2ccco2)nc2ccccc12,False,4.301029995663981,,,
CNC(=O)Cc1cn2c(N3CCN(C(=O)CCS(=O)(=O)c4ccc5cc(Cl)ccc5c4)CC3)cccc2n1,False,,7.3872161432802645,,
CNC(=O)N1CCc2c(N)nn(C(=O)C3CCNc4ccccc43)c2C1,False,4.022276394711152,,4.0,
CNC(=O)N1CCc2c(c(N)nn2C(=O)C2CCNc3ccccc32)C1,False,5.823908740944319,,4.920818753952375,
CNC(=O)N1CCc2nn(C(=O)C3CCNc4ccccc43)c(N)c2C1,False,6.096910013008056,,4.096910013008056,
CNC(=O)[C@@H]1C[C@H](N2CCc3c(cccc3OCCOC)C2)CN1C(=O)c1ccc(CN)c(OC)c1,False,,4.0,4.0,
CNC(=O)[C@H](CC1CCCN(C(=N)N)C1)NC(=O)CN1C(=O)CN(CCCc2ccccc2)C(=O)[C@H]1Cc1ccccc1,False,,,6.356547323513812,
CNC(=O)[C@H](CCCCNC(=N)N)NC(=O)c1csc([C@@H]2CCCN2C(=O)c2cn3cc(Cl)ccc3n2)n1,False,,5.0,,
CNC(=O)[C@H](CCCCNC(=N)N)NC(=O)c1csc([C@@H]2C[C@@H](N)CN2C(=O)c2cn3cc(Cl)ccc3n2)n1,False,,5.0,,
CNC(=O)c1ccc(C(=O)/N=C(\Nc2ccc3oc(C)cc3c2)N[C@H]2CCCCN(CC(=O)N3CCCC3)C2=O)cn1,False,,8.221848749616356,,
CNC(=O)c1ccc(CNC(=O)c2ccc(Cl)s2)c(NC(=O)c2nc3c(s2)CN(C)CC3)c1,False,,8.080921907623926,,
CNC(=O)c1ccc(N(Cc2ccccc2)S(C)(=O)=O)cc1,False,4.301029995663981,,,
CNC(=O)c1cccc(CNC(=O)c2ccc(Cl)s2)c1NC(=O)c1nc2c(s1)CN(C)CC2,False,,8.2518119729938,,
CNC(C(=O)N1CCC[C@H]1C(=O)NC(CCCN=C(N)N)C(=O)c1nc2ccccc2s1)(c1ccccc1)c1ccccc1,False,,,7.823908740944319,
CNC(Cc1ccc2ccccc2c1)C(=O)N[C@H]1CCCC[C@H]1C(=O)N[C@@H](C=O)CCCN=C(N)N,False,,,7.657577319177793,
CNC(Cc1ccccc1)C(=O)N[C@@H]1CCCC[C@H]1C(=O)N[C@@H](C=O)CCCN=C(N)N,False,,,5.3979400086720375,
CNC1(C(=O)N2CCC[C@H]2C(=O)NC(CCCN=C(N)N)C(=O)c2nc3ccccc3s2)CCCCC1,False,,,6.309803919971486,
CNC1=NCCN1Cc1ccc(C(=O)Nc2ccc(Cl)cc2C(=O)Nc2ccc(Cl)cn2)cc1,False,,8.455931955649724,4.958607314841775,
CNCC(=O)N=S(C)(=O)c1ccc(C(=O)Nc2c(OC)cc(Cl)cc2C(=O)Nc2ccc(Cl)cn2)cc1,False,,8.2518119729938,,
CNCC(=O)N=S(C)(=O)c1ccc(C(=O)Nc2ccc(Cl)cc2C(=O)Nc2ccc(Cl)cn2)cc1,False,,8.267606240177031,,
CNCCN(C)Cc1ccc(C(=O)Nc2ccc(Cl)cc2C(=O)Nc2ccc(Cl)cn2)cc1,False,,8.167491087293763,4.958607314841775,
CNCc1ccc(C(=O)Nc2ccc(Cl)cc2C(=O)Nc2ccc(Cl)cn2)cc1,False,,8.154901959985743,4.958607314841775,
CNCc1csc(-c2ccc(N3C[C@H](CNC(=O)c4ccc(Cl)s4)OC3=O)cc2)n1,False,,5.755337224624798,,
CNNC(=N)c1cccc(/C(C)=C(/F)C(=O)Nc2ccc(-c3ccccc3S(N)(=O)=O)cc2)c1,False,,7.552841968657781,,
CNNC(=N)c1cccc(/C(C)=C2/CC(=O)N(c3ccc(-c4ccccc4S(N)(=O)=O)cc3)C2=O)c1,False,,7.318758762624412,,
CNS(=O)(=O)N1CCc2c(N)nn(C(=O)C3CCNc4ccccc43)c2C1,False,4.154901959985743,,4.154901959985743,
CNS(=O)(=O)N1CCc2c(nn(C(=O)C3CCNc4ccccc43)c2N)C1,False,5.698970004336019,,4.301029995663981,
CNS(=O)(=O)Nc1c(CCc2ccccc2)ccn(CC(=O)N[C@H]2CCCN(C(=N)N)C2O)c1=O,False,,5.6020599913279625,7.296708621881338,
CNS(=O)(=O)c1cc(C(=O)O)ccc1OC,False,4.301029995663981,,,
CN[C@@H](C(=O)N1CCC[C@H]1C(=O)NC(CCCN=C(N)N)C(=O)c1nc2ccccc2s1)C(c1ccccc1)c1ccccc1,False,,,8.346787486224656,
CN[C@@H](C(=O)N1CCC[C@H]1C(=O)NC(CCCN=C(N)N)C(=O)c1nc2ccccc2s1)C1CCCCC1,False,,,8.275724130399212,
CN[C@@H](C(=O)N1CCC[C@H]1C(=O)NC(CCCN=C(N)N)C(=O)c1nc2ccccc2s1)c1ccccc1,False,,,7.468521082957745,
CN[C@@H](C(=O)N1CCC[C@H]1C(=O)N[C@@H](CCCNC(=N)N)C(=O)c1nc2ccccc2s1)C(c1ccccc1)c1ccccc1,False,,,8.346787486224656,
CN[C@@H](C(=O)N1CCC[C@H]1C(=O)N[C@H](C=O)CCCN=C(N)N)c1ccccc1,False,,5.657577319177793,7.691493880607523,
CN[C@H](CC1CCCCC1)C(=O)N1CCC[C@H]1C(=O)NC(CCCN=C(N)N)C(=O)c1nc2ccccc2s1,False,,,7.318758762624412,
CN[C@H](CC1CCCCC1)C(=O)N1CCC[C@H]1C(=O)N[C@@H](CCCN=C(N)N)C(=O)c1nc2ccccc2s1,False,,,8.275724130399212,
CN[C@H](Cc1c(F)c(F)c(F)c(F)c1F)C(=O)N1CCC[C@H]1C(=O)NC(CCCN=C(N)N)C(=O)c1nc2ccccc2s1,False,,,6.823908740944319,
CN[C@H](Cc1ccc(F)cc1)C(=O)N1CCC[C@H]1C(=O)NC(CCCN=C(N)N)C(=O)c1nc2ccccc2s1,False,,,7.823908740944319,
CN[C@H](Cc1ccccc1)C(=O)N1CCCC[C@H]1C(=O)NC(CCCN=C(N)N)C(=O)c1nc2ccccc2s1,False,,,7.42021640338319,
CN[C@H](Cc1ccccc1)C(=O)N1CCC[C@@H]1C(=O)N[C@H]1CCCC(C(=N)N)C1O,False,,5.6020599913279625,9.154901959985743,
CN[C@H](Cc1ccccc1)C(=O)N1CCC[C@H]1C(=O)N(C)[C@@H](CCCN=C(N)N)C(=O)c1nc2ccccc2s1,False,,,4.6777807052660805,
CN[C@H](Cc1ccccc1)C(=O)N1CCC[C@H]1C(=O)NC(C(=O)c1nc2ccccc2s1)C1CCC(N)CC1,False,,,5.721246399047171,
CN[C@H](Cc1ccccc1)C(=O)N1CCC[C@H]1C(=O)NC(CCCN=C(N)N)C(=O)c1cc2ccccc2s1,False,,,4.886056647693163,
CN[C@H](Cc1ccccc1)C(=O)N1CCC[C@H]1C(=O)NC(CCCN=C(N)N)C(=O)c1nc(C(=O)NCCc2ccccc2)cs1,False,,,6.080921907623926,
CN[C@H](Cc1ccccc1)C(=O)N1CCC[C@H]1C(=O)NC(CCCN=C(N)N)C(=O)c1nc(C(=O)O)cs1,False,,,6.950781977329818,
CN[C@H](Cc1ccccc1)C(=O)N1CCC[C@H]1C(=O)NC(CCCN=C(N)N)C(=O)c1nc(O)c2ccccc2n1,False,,,6.97469413473523,
CN[C@H](Cc1ccccc1)C(=O)N1CCC[C@H]1C(=O)NC(CCCN=C(N)N)C(=O)c1nc2c(s1)CCCC2,False,,,7.096910013008056,
CN[C@H](Cc1ccccc1)C(=O)N1CCC[C@H]1C(=O)NC(CCCN=C(N)N)C(=O)c1nc2ccc(C(=O)O)cc2s1,False,,,7.346787486224656,
CN[C@H](Cc1ccccc1)C(=O)N1CCC[C@H]1C(=O)NC(CCCN=C(N)N)C(=O)c1nc2ccc(C(=O)OC)cc2s1,False,,,7.42021640338319,
CN[C@H](Cc1ccccc1)C(=O)N1CCC[C@H]1C(=O)NC(CCCN=C(N)N)C(=O)c1nc2ccc(C(N)=O)cc2s1,False,,,8.301029995663981,
CN[C@H](Cc1ccccc1)C(=O)N1CCC[C@H]1C(=O)NC(CCCN=C(N)N)C(=O)c1nc2ccc(CO)cc2s1,False,,,8.154901959985743,
CN[C@H](Cc1ccccc1)C(=O)N1CCC[C@H]1C(=O)NC(CCCN=C(N)N)C(=O)c1nc2ccc(F)cc2s1,False,,,8.1249387366083,
CN[C@H](Cc1ccccc1)C(=O)N1CCC[C@H]1C(=O)NC(CCCN=C(N)N)C(=O)c1nc2ccc(O)cc2s1,False,,,8.522878745280337,
CN[C@H](Cc1ccccc1)C(=O)N1CCC[C@H]1C(=O)NC(CCCN=C(N)N)C(=O)c1nc2ccc(OC)cc2s1,False,,,8.301029995663981,
CN[C@H](Cc1ccccc1)C(=O)N1CCC[C@H]1C(=O)NC(CCCN=C(N)N)C(=O)c1nc2ccc3ccccc3c2s1,False,,,7.221848749616356,
CN[C@H](Cc1ccccc1)C(=O)N1CCC[C@H]1C(=O)NC(CCCN=C(N)N)C(=O)c1nc2ccccc2[nH]1,False,,,6.443697499232712,
CN[C@H](Cc1ccccc1)C(=O)N1CCC[C@H]1C(=O)NC(CCCN=C(N)N)C(=O)c1nc2ccccc2n1C,False,,,6.958607314841775,
CN[C@H](Cc1ccccc1)C(=O)N1CCC[C@H]1C(=O)NC(CCCN=C(N)N)C(=O)c1nc2ccccc2o1,False,,,6.958607314841775,
CN[C@H](Cc1ccccc1)C(=O)N1CCC[C@H]1C(=O)NC[C@H]1CC[C@H](N)CC1,False,,,8.221848749616356,
CN[C@H](Cc1ccccc1)C(=O)N1CCC[C@H]1C(=O)N[C@@H](CC(=O)c1nc2ccccc2s1)[C@H]1CC[C@H](N)CC1,False,,,4.0,
CN[C@H](Cc1ccccc1)C(=O)N1CCC[C@H]1C(=O)N[C@@H](CCCCN)C(=O)c1nc2ccccc2s1,False,,,6.187086643357144,
CN[C@H](Cc1ccccc1)C(=O)N1CCC[C@H]1C(=O)N[C@@H](CCCCNC(=N)N)C(=O)c1nc2ccccc2s1,False,,,5.075720713938118,
CN[C@H](Cc1ccccc1)C(=O)N1CCC[C@H]1C(=O)N[C@@H](CCCN=C(N)N)C(=O)c1nc2ccccc2s1,False,,,7.556908062587848,
CN[C@H](Cc1ccccc1)C(=O)N1CCC[C@H]1C(=O)N[C@@H](CCCN=C(N)N)C(=O)c1nccs1,False,,,7.721246399047171,
CN[C@H](Cc1ccccc1)C(=O)N1CCC[C@H]1C(=O)N[C@@H](CCCN=C(N)N)C(O)c1nc2ccccc2s1,False,,,4.544154920623069,
CN[C@H](Cc1ccccc1)C(=O)N1CCC[C@H]1C(=O)N[C@@H](CCCN=C(N)N)Cc1nc2ccccc2s1,False,,,4.236572006437063,
CN[C@H](Cc1ccccc1)C(=O)N1CCC[C@H]1C(=O)N[C@@H](CCCNC(=N)N)C(=O)c1ccccn1,False,,,6.031517051446065,
CN[C@H](Cc1ccccc1)C(=O)N1CCC[C@H]1C(=O)N[C@@H](CCCNC(=N)N)C(=O)c1nccn1C,False,,,5.823908740944319,
CN[C@H](Cc1ccccc1)C(=O)N1CCC[C@H]1C(=O)N[C@@H](CCCOC)C(=O)c1nc2ccccc2s1,False,,,4.337242168318426,
CN[C@H](Cc1ccccc1)C(=O)N1CCC[C@H]1C(=O)N[C@@H](C[C@@H]1CCCN(C(=N)N)C1)C(=O)c1nc2ccccc2s1,False,,,7.292429823902063,
CN[C@H](Cc1ccccc1)C(=O)N1CCC[C@H]1C(=O)N[C@@H](C[C@H]1CCCN(C(=N)N)C1)C(=O)c1nc2ccccc2s1,False,,,6.0,
CN[C@H](Cc1ccccc1)C(=O)N1CCC[C@H]1C(=O)N[C@@H](Cc1ccc(C(=N)N)cc1)C(=O)c1nc2ccccc2s1,False,,,9.0,
CN[C@H](Cc1ccccc1)C(=O)N1CCC[C@H]1C(=O)N[C@@](C)(CCCN=C(N)N)C(=O)c1nc2ccccc2s1,False,,,5.431798275933005,
CN[C@H](Cc1ccccc1)C(=O)N1CCC[C@H]1C(=O)N[C@H](C(=O)c1nc2ccccc2s1)[C@H]1CC[C@H](CN)CC1,False,,,4.769551078621726,
CN[C@H](Cc1ccccc1)C(=O)N1CCC[C@H]1C(=O)N[C@H](C=O)CCCNC(=N)N,False,,6.596910013008056,7.90453263278653,
CN[C@H](Cc1ccccc1)C(=O)N1CCC[C@H]1C(=O)N[C@H](CC(=O)c1nc2ccccc2s1)[C@H]1CC[C@H](N)CC1,False,,,4.0,
CN[C@H](Cc1ccccc1)C(=O)N1CCC[C@H]1C(=O)N[C@H](CCCN=C(N)N)C(=O)c1nc2ccccc2s1,False,,,7.096910013008056,
CN[C@H](Cc1ccccc1)C(=O)N1CCC[C@H]1C(=O)N[C@H](CCCN=C(N)N)Cc1nc2ccccc2s1,False,,,4.200659450546418,
CN[C@H](Cc1ccccc1)C(=O)N1CCC[C@H]1C(=O)N[C@H](Cc1cccc(C(=N)N)c1)C(=O)c1nc2ccccc2s1,False,,,6.431798275933005,
CN[C@H](Cc1ccccc1)C(=O)N1CCC[C@H]1C(=O)N[C@](C)(CCCNC(=N)N)C(=O)c1nc2ccccc2s1.O=C(O)C(F)(F)F,False,,,5.431798275933005,
CN[C@H](Cc1ccccc1)C(=O)N[C@H](C(=O)NC(CCCN=C(N)N)C(=O)c1nc2ccccc2s1)C(C)C,False,,,6.356547323513812,
CNc1ccc(-c2ccc(C(=O)NCC(C)C)cc2C(=O)O)c(C(=O)Nc2cccc(C(N)=O)c2)c1,False,,3.6989700043360187,3.6989700043360187,
CNc1ccc(-c2ccc(C(=O)N[C@@H](CC(C)C)C(=O)O)cc2C(=O)O)c(C(=O)Nc2cccc(C(N)=O)c2)c1,False,,3.6989700043360187,3.6989700043360187,
CNc1ccc(-c2ccc(C(=O)N[C@@H](CC(C)C)C(N)=O)cc2C(=O)O)c(C(=O)Nc2ccc(CN)cc2)c1,False,,3.6989700043360187,3.6989700043360187,
CNc1ccc(-c2ccc(C(=O)N[C@@H](CC(C)C)C(N)=O)cc2C(=O)O)c(C(=O)Nc2cccc(C(N)=O)c2)c1,False,,3.6989700043360187,3.6989700043360187,
CNc1ccc(C(=O)Nc2ccc(-c3ccccc3S(N)(=O)=O)cc2)c(Oc2cccc(C(=N)N)c2)c1,False,,7.920818753952375,,
CNc1ccc(N2CC(CNC(=O)c3ccc(Cl)s3)OC2=O)cc1F,False,,5.657577319177793,,
CNc1ccc(Oc2nc(Oc3cccc(C(=N)N)c3)c(F)c(NC(C)CCc3ccccc3)c2F)c(C(=O)O)c1.O=C(O)C(F)(F)F,False,,5.096910013008056,,
CNc1cccc(-c2c(Cl)nc(NCCc3ccccc3)c(=O)n2CC(=O)NCc2ccc(C(=N)N)cc2)c1,False,,,6.236572006437063,
CNc1cccc(-c2ccc(C(=O)Nc3ccc(Cl)cc3C(=O)Nc3ccc(Cl)cn3)cc2)c1,False,,8.638272163982407,,
CNc1ccccc1-c1ccc(C(=O)Nc2ccc(Cl)cc2C(=O)Nc2ccc(Cl)cn2)cc1,False,,8.387216143280265,,
CNc1nc(Cl)c(-c2cccc(N)c2)n(CC(=O)NCc2ccc(C(=N)N)cc2)c1=O,False,,,4.522878745280337,
CNc1nc(Cl)c(-c2ccccc2)n(CC(=O)NCc2ccc(C(=N)N)cc2)c1=O,False,,,4.690369832574101,
CO/C(O)=C(C#N)/C(=N\[C@H]1CCCCN(CC(=O)N2CCCC2)C1=O)Nc1ccc2oc(C)cc2c1,False,,7.698970004336019,,
CO/N=C/c1ccc(Sc2ccccc2N)c([N+](=O)[O-])c1,False,4.301029995663981,,,
COC(=O)/C(=C/Nc1ccccc1)[N+](=O)[O-],False,4.301029995663981,,,
COC(=O)/C(=C/c1cccc(C(=N)N)c1)C(=O)Nc1ccc(-c2ccccc2S(N)(=O)=O)cc1,False,,6.11975822410452,,
COC(=O)/C(C#N)=C(\Nc1ccc2oc(C)cc2c1)NC1CCCCN(CC(=O)N2CCCC2)C1=O,False,,7.698970004336019,,
COC(=O)/C(C#N)=C(\Nc1cccc2c(Cl)c[nH]c12)N[C@H]1CCCCN(CC(=O)N2CCCC2)C1=O,False,,8.050609993355087,,
COC(=O)/C(C#N)=C(\Nc1cccc2cc[nH]c12)N[C@H]1CCCCN(CC(=O)N2CCCC2)C1=O,False,,6.187086643357144,,
COC(=O)/C(C#N)=C(\Nc1cccc2cn[nH]c12)N[C@H]1CCCCN(CC(=O)N2CCCC2)C1=O,False,,4.863279432843593,,
COC(=O)/C(C#N)=C/c1ccc(OC(=O)c2ccccn2)cc1,False,5.281712604865987,,,
COC(=O)C(C)(C)COc1ccc(NC(=O)c2cc3cc(Cl)ccc3[nH]2)c(NC(=O)c2nc3c(s2)CN(C)CC3)c1,False,,6.920818753952375,,
COC(=O)C(C)(C)Oc1ccc(NC(=O)c2cc3cc(Cl)ccc3[nH]2)c(NC(=O)c2nc3c(s2)CN(C)CC3)c1,False,,7.142667503568731,,
COC(=O)C(C)NC(=O)C1CCCN1S(=O)(=O)c1cc(C)c(Cl)cc1C,False,4.301029995663981,,,
COC(=O)C(C)Oc1ccc(NC(=O)c2cc3cc(Cl)ccc3[nH]2)c(NC(=O)c2nc3c(s2)CN(C)CC3)c1,False,,7.5376020021010435,,
COC(=O)C(C)Sc1nnc(Cc2cc(O)nc(O)n2)n1-c1ccc(Cl)cc1,False,4.301029995663981,,,
COC(=O)C(Cc1cccc(C(=N)N)c1)C(/C=C/c1ccccc1)NC(=O)C1CCC(C2CCCCC2)CC1,False,,5.950781977329818,,
COC(=O)C(Cc1cccc(C(=N)N)c1)C(/C=C/c1ccccc1)NC(=O)Cc1ccc(-c2ccccc2)cc1,False,,5.94692155651658,,
COC(=O)C(Cc1cccc(C(=N)N)c1)C(/C=C/c1ccccc1)NC(=O)c1ccc(-c2ccc(C)cc2)cc1,False,,6.619788758288394,5.318758762624412,
COC(=O)C(Cc1cccc(C(=N)N)c1)C(/C=C/c1ccccc1)NC(=O)c1ccc(-c2ccc(OC)c(OC)c2)cc1,False,,7.522878745280337,5.327902142064283,
COC(=O)C(Cc1cccc(C(=N)N)c1)C(/C=C/c1ccccc1)NC(=O)c1ccc(-c2ccc(OC)cc2)cc1,False,,7.096910013008056,5.568636235841013,
COC(=O)C(Cc1cccc(C(=N)N)c1)C(/C=C/c1ccccc1)NC(=O)c1ccc(-c2ccc(OC)cc2OC)cc1,False,,7.045757490560675,5.455931955649724,
COC(=O)C(Cc1cccc(C(=N)N)c1)C(/C=C/c1ccccc1)NC(=O)c1ccc(-c2cccc(C)c2)cc1,False,,6.920818753952375,5.142667503568732,
COC(=O)C(Cc1cccc(C(=N)N)c1)C(/C=C/c1ccccc1)NC(=O)c1ccc(-c2cccc(OC)c2)cc1,False,,6.958607314841775,5.619788758288394,
COC(=O)C(Cc1cccc(C(=N)N)c1)C(/C=C/c1ccccc1)NC(=O)c1ccc(-c2ccccc2)cc1,False,,6.958607314841775,4.7447274948966935,
COC(=O)C(Cc1cccc(C(=N)N)c1)C(/C=C/c1ccccc1)NC(=O)c1ccc(-c2ccccc2C)cc1,False,,7.045757490560675,5.045757490560675,
COC(=O)C(Cc1cccc(C(=N)N)c1)C(/C=C/c1ccccc1)NC(=O)c1ccc(-c2ccccc2OC)cc1,False,,7.301029995663981,5.481486060122113,
COC(=O)C(Cc1cccc(C(=N)N)c1)C(/C=C/c1ccccc1)NC(=O)c1ccc(C)cc1,False,,6.221848749616356,,
COC(=O)C(Cc1cccc(C(=N)N)c1)C(/C=C/c1ccccc1)NC(=O)c1ccc(C2CCCCC2)cc1,False,,6.236572006437063,,
COC(=O)C(Cc1cccc(C(=N)N)c1)C(/C=C/c1ccccc1)NC(=O)c1ccc(Cc2ccccc2)cc1,False,,6.337242168318426,,
COC(=O)C(Cc1cccc(C(=N)N)c1)C(/C=C/c1ccccc1)NC(=O)c1ccc(Oc2ccccc2)cc1,False,,5.913640169325252,,
COC(=O)C(Cc1cccc(C(=N)N)c1)C(/C=C/c1ccccc1)NC(=O)c1ccc2ccccc2c1,False,,6.795880017344075,,
COC(=O)C(Cc1cccc(C(=N)N)c1)C(/C=C/c1ccccc1)NC(=O)c1cccc(C)c1,False,,5.958607314841775,,
COC(=O)C(Cc1cccc(C(=N)N)c1)C(/C=C/c1ccccc1)NC(=O)c1cccc2ccccc12,False,,6.102372908709558,,
COC(=O)C(Cc1cccc(C(=N)N)c1)C(/C=C/c1ccccc1)NC(=O)c1ccccc1,False,,6.154901959985743,,
COC(=O)C(Cc1cccc(C(=N)N)c1)C(/C=C/c1ccccc1)NC(=O)c1ccccc1C,False,,5.920818753952375,,
COC(=O)C(Cc1cccc(C(=N)N)c1)C(/C=C/c1ccccc1)NS(=O)(=O)c1ccc(-c2ccccc2)cc1,False,,5.705533773838407,,
COC(=O)C(Cc1cccc(C(=N)N)c1)C(CCc1ccccc1)NC(=O)c1ccc(-c2ccccc2)cc1,False,,6.8652435278910415,,
COC(=O)C(NC(=O)c1ccco1)(Nc1nc(C)cs1)C(F)(F)F,False,4.301029995663981,,,
COC(=O)C(O)(OC)C(CCCCN)NC(=O)[C@@H]1CCCN1C(=O)[C@H](N)Cc1ccccc1.Cl.Cl,False,,,7.494850021680094,
COC(=O)C(O)[C@H](CCCCN)NC(=O)[C@@H]1CCCN1C(=O)[C@@H](Cc1ccccc1)NC(=O)CCCCCN,False,,,4.7544873321858505,
COC(=O)C(O)[C@H](CCCCN)NC(=O)[C@@H]1CCCN1C(=O)[C@H](N)Cc1ccccc1,False,,,4.522878745280337,
COC(=O)C(O)[C@H](CCCCN=C(N)N)NC(=O)[C@@H]1CCCN1C(=O)[C@H](N)Cc1ccccc1.O=C(O)C(F)(F)F.O=C(O)C(F)(F)F,False,,,4.318758762624412,
COC(=O)C1(COc2ccc(NC(=O)c3cc4cc(Cl)ccc4[nH]3)c(NC(=O)c3nc4c(s3)CN(C)CC4)c2)CC1,False,,7.0,,
COC(=O)C1CC(=O)c2ccsc2C1,False,,,4.301029995663981,
COC(=O)C1CCN(C(=O)CC2CN(S(=O)(=O)c3cc4ccc(Cl)cc4s3)CCN2C(=O)c2ccc(C3=NCCN3C)cc2)CC1,False,,8.096910013008056,,
COC(=O)C1CN(S(=O)(=O)c2cc3cc(Cl)ccc3[nH]2)CCN1C(=O)c1ccc(C2=NCCN2C)cc1,False,,7.568636235841013,,
COC(=O)CC(NC(=O)[C@@H](NC(=O)OCc1ccccc1)C(C)C)C(=O)CF,False,,4.0,4.0,
COC(=O)CC1C(=O)NCCN1C(S)=Nc1cccc(C)c1,False,4.301029995663981,,,
COC(=O)CC1CN(S(=O)(=O)c2cc3cc(Cl)ccc3[nH]2)CCN1C(=O)c1ccc(C2=NCCN2C)cc1,False,,8.522878745280337,,
COC(=O)CC1CN(S(=O)(=O)c2cc3ccc(Cl)cc3s2)CCN1C(=O)c1ccc(C2=NCCN2C)cc1,False,,7.886056647693163,,
COC(=O)CC[C@@H]1C(=O)N(CC(=O)N[C@@H](CCCN=C(N)N)C(=O)c2nccs2)CCN1S(=O)(=O)Cc1ccccc1,False,,9.0,5.698970004336019,
COC(=O)CN(CCOc1cccc(C(=N)N)c1)C(=O)c1ccc(-c2ccccc2S(N)(=O)=O)cc1,False,,7.886056647693163,,
COC(=O)CN1C(=O)C(O)(CC(=O)c2ccc(Cl)cc2)c2ccccc21,False,,,4.301029995663981,
COC(=O)CN1C(=O)[C@H](CCCCC(=N)N)[C@H]2c3ccccc3C[C@@H]21,False,,3.6989700043360187,4.366531544420414,
COC(=O)CN1CC[C@H](NC(=O)c2cc3cc(Cl)ccc3[nH]2)[C@H](NC(=O)c2nc3c(s2)CN(C)CC3)C1,False,,7.251811972993799,,
COC(=O)COc1ccc(NC(=O)c2cc3cc(Cl)ccc3[nH]2)c(NC(=O)c2nc3c(s2)CN(C)CC3)c1,False,,8.2518119729938,,
COC(=O)COc1ccc(NC(=O)c2nc3c(s2)CN(C)CC3)c(NC(=O)c2cc3cc(Cl)ccc3[nH]2)c1,False,,6.958607314841775,,
COC(=O)COc1cccc(-n2cnnn2)c1,False,4.301029995663981,,,
COC(=O)CS(=O)(=O)c1nnc([C@H](Cc2ccccc2)NC(=O)OC(C)(C)C)o1,False,5.0481604666595965,,,
COC(=O)CSc1nnc(-c2ccccc2OC)n1-c1ccc(C)cc1,False,,,4.301029995663981,
COC(=O)CSc1nnc(-c2sc3cc(OC)ccc3c2Cl)n1C,False,4.301029995663981,,,
COC(=O)C[C@@H](CNC(=O)c1cc2cc(Cl)ccc2[nH]1)NC(=O)c1nc2c(s1)CN(C)CC2,False,,7.154901959985743,,
COC(=O)C[C@@H](CNC(=O)c1nc2c(s1)CN(C)CC2)NC(=O)c1cc2cc(Cl)ccc2[nH]1,False,,6.113509274827518,,
COC(=O)C[C@@H]1C(=O)N(CC(=O)N[C@@H](CCCNC(=N)N)C(=O)c2nccs2)CCN1S(=O)(=O)Cc1ccccc1,False,,8.096910013008056,5.301029995663981,
COC(=O)C[C@H](CNC(=O)c1cc2cc(Cl)ccc2[nH]1)NC(=O)c1nc2c(s1)CN(C)CC2,False,,5.920818753952375,,
COC(=O)C[C@H](CNC(=O)c1nc2c(s1)CN(C)CC2)NC(=O)c1cc2cc(Cl)ccc2[nH]1,False,,6.013228265733755,,
COC(=O)C[C@H](NS(=O)(=O)Cc1ccccc1)C(=O)N1CCCC1C(=O)N[C@H]1CCCN(C(=N)N)C1O,False,,7.527243550682788,8.300162274132754,
COC(=O)C[C@H](NS(=O)(=O)c1ccc2ccccc2c1)C(=O)N1CCC[C@H]1CNC(=O)[C@H]1CCCN(C(=N)N)C1,False,,,7.920818753952375,
COC(=O)C[C@H]1C(=O)N(CC(=O)N[C@@H](CCCNC(=N)N)C(=O)c2nccs2)CCN1S(=O)(=O)Cc1ccccc1,False,,7.070581074285707,6.0,
COC(=O)Cc1c(C)nc2nc(-c3ccc(C)cc3)nn2c1O,False,4.301029995663981,,,
COC(=O)Cc1c(C)nc2ncnn2c1O,False,4.301029995663981,,,
COC(=O)Cc1ccc(NC(=S)N2CCN(c3ccc(F)cc3)CC2)cc1,False,,,4.301029995663981,
COC(=O)Cn1cc(C(=O)c2cccs2)c2ccccc21,False,,,4.301029995663981,
COC(=O)N1CCc2c(N)nn(C(=O)C3CCNc4ccccc43)c2C1,False,4.522878745280337,,,
COC(=O)N1CCc2c(c(N)nn2C(=O)C2CCNc3ccccc32)C1,False,4.096910013008056,,,
COC(=O)N1CCc2c(nn(C(=O)C3CCNc4ccccc43)c2N)C1,False,6.346787486224656,,4.096910013008056,
COC(=O)N1CCc2nn(C(=O)C3CCNc4ccccc43)c(N)c2C1,False,6.096910013008056,,4.0,
COC(=O)NC(Cc1ccc(NC(=N)N)cc1)P(=O)(Oc1ccc(NC(C)=O)cc1)Oc1ccc(NC(C)=O)cc1,False,,4.522878745280337,5.94692155651658,
COC(=O)NC(Cc1ccc(NC(=N)N)cc1)P(=O)(Oc1ccccc1)Oc1ccccc1,False,,,4.769551078621726,
COC(=O)NC1(Cc2ccccc2)CCCCN(CC(=O)N[C@H]2CCCN(C(=N)N)C2O)C1=O.O=C(O)C(F)(F)F,False,,5.6020599913279625,6.33161408331,
COC(=O)N[C@H](CC1CCN(C(=N)N)CC1)C(=O)NCC(=O)N[C@H]1CCCN(C(=N)N)C1O.O=C(O)C(F)(F)F,False,,,5.6020599913279625,
COC(=O)Nc1ccc(-c2[nH]c([C@@H]3C[C@H](C4CCN(S(C)(=O)=O)CC4)CN3C(=O)/C=C/c3cc(Cl)ccc3-n3cnnn3)nc2Cl)cc1,False,,4.481486060122112,4.481486060122112,
COC(=O)Nc1ccc(-c2[nH]c([C@@H]3C[C@H](C4CCN(S(C)(=O)=O)CC4)CN3C(=O)C3CCC(CN)CC3)nc2Cl)cc1,False,,4.0,,
COC(=O)Nc1ccc(-c2[nH]c([C@@H]3C[C@H](C4CCN(S(C)(=O)=O)CC4)CN3C(=O)C3CCC([C@H](C)N)CC3)nc2Cl)cc1,False,,4.0,4.0,
COC(=O)Nc1ccc(-c2[nH]c([C@@H]3C[C@H](C4CCN(S(C)(=O)=O)CC4)CN3C(=O)C3CCN(C(=N)N)CC3)nc2Cl)cc1,False,,4.0,4.026872146400302,
COC(=O)Nc1ccc(-c2[nH]c([C@@H]3C[C@H](C4CCN(S(C)(=O)=O)CC4)CN3C(=O)N3CCN(C(=N)N)CC3)nc2Cl)cc1,False,,4.0,4.2441251443275085,
COC(=O)Nc1ccc(-c2[nH]c([C@@H]3C[C@H](C4CCN(S(C)(=O)=O)CC4)CN3C(=O)[C@H]3CC[C@H](CN)CC3)nc2Cl)cc1,False,,4.0,4.0,
COC(=O)Nc1ccc(-c2[nH]c([C@@H]3C[C@H](C4CCN(S(C)(=O)=O)CC4)CN3C(=O)[C@H]3CC[C@H]([C@H](C)N)CC3)nc2Cl)cc1,False,,4.0,4.0,
COC(=O)Nc1ccc(-c2[nH]c([C@@H]3C[C@H](C4CCN(S(C)(=O)=O)CC4)CN3C(=O)c3ccc(NC(=N)N)cc3)nc2Cl)cc1,False,,4.0,4.3979400086720375,
COC(=O)Nc1ccc(-c2[nH]c([C@@H]3C[C@H](N4CCN(S(C)(=O)=O)CC4)CN3C(=O)C3CCC(C(=N)N)CC3)nc2Cl)cc1,False,,4.0,4.075720713938118,
COC(=O)Nc1ccc(-c2[nH]c([C@@H]3C[C@H](N4CCN(S(C)(=O)=O)CC4)CN3C(=O)C3CCN(C(=N)N)CC3)nc2Cl)cc1,False,,4.0,4.075720713938118,
COC(=O)Nc1ccc(-c2cnc([C@@H]3C[C@H](C4CCN(S(C)(=O)=O)CC4)CN3C(=O)C3CCN(C(=N)N)CC3)[nH]2)cc1,False,,4.0,4.0,
COC(=O)Nc1ccc(-c2cnc([C@@H]3C[C@H](C4CCN(S(C)(=O)=O)CC4)CN3C(=O)c3ccc(C(=N)N)cc3)[nH]2)cc1,False,,4.0,4.431798275933005,
COC(=O)Nc1ccc(-c2cnc([C@@H]3C[C@H](N4CCN(S(C)(=O)=O)CC4)CN3C(=O)C3CCN(C(=N)N)CC3)[nH]2)cc1,False,,4.0,4.0,
COC(=O)[C@@H](Cc1cc2ccnc(N)c2cc1C#N)N1CC[C@H](NS(=O)(=O)c2cnc(N3CCCC3)s2)C1=O,False,,5.97469413473523,,
COC(=O)[C@@H](Cc1cc2ccnc(N)c2cc1C(F)(F)F)N1CC[C@H](NS(=O)(=O)c2ccc(N(C)C)nc2)C1=O,False,,5.614393726401688,,
COC(=O)[C@@H](Cc1cc2ccnc(N)c2cc1C(F)(F)F)N1CC[C@H](NS(=O)(=O)c2cnc(N(C)C)s2)C1=O,False,,6.096910013008056,,
COC(=O)[C@@H](Cc1cc2ccnc(N)c2cc1C(F)(F)F)N1CC[C@H](NS(=O)(=O)c2cnc(N3CCC3)s2)C1=O,False,,5.511449283499556,,
COC(=O)[C@@H](Cc1cc2ccnc(N)c2cc1C(F)(F)F)N1CC[C@H](NS(=O)(=O)c2cnc(N3CCCC3)s2)C1=O,False,,5.490797477668897,,
COC(=O)[C@@H](Cc1cc2ccnc(N)c2cc1Cl)N1CC[C@H](NS(=O)(=O)c2ccc(N(C)C)nc2)C1=O,False,,6.327902142064283,,
COC(=O)[C@@H](Cc1cc2ccnc(N)c2cc1Cl)N1CC[C@H](NS(=O)(=O)c2cnc(N(C)C)c(Cl)c2)C1=O,False,,5.414539270491499,,
COC(=O)[C@@H](Cc1cc2ccnc(N)c2cc1Cl)N1CC[C@H](NS(=O)(=O)c2cnc(N(C)C)s2)C1=O,False,,6.619788758288394,,
COC(=O)[C@@H](Cc1cc2ccnc(N)c2cc1Cl)N1CC[C@H](NS(=O)(=O)c2cnc(N3CCC(F)(F)C3)s2)C1=O,False,,5.259637310505756,,
COC(=O)[C@@H](Cc1cc2ccnc(N)c2cc1Cl)N1CC[C@H](NS(=O)(=O)c2cnc(N3CCC3)s2)C1=O,False,,6.107905397309519,,
COC(=O)[C@@H](Cc1cc2ccnc(N)c2cc1Cl)N1CC[C@H](NS(=O)(=O)c2cnc(N3CCCC3)s2)C1=O,False,,6.3872161432802645,,
COC(=O)[C@@H](Cc1cc2ccnc(N)c2cc1F)N1CC[C@H](NS(=O)(=O)c2ccc(N(C)C)nc2)C1=O,False,,6.3979400086720375,,
COC(=O)[C@@H](Cc1cc2ccnc(N)c2cc1F)N1CC[C@H](NS(=O)(=O)c2cnc(N(C)C)c(Cl)c2)C1=O,False,,5.414539270491499,,
COC(=O)[C@@H](Cc1cc2ccnc(N)c2cc1OC(F)(F)F)N1CC[C@H](NS(=O)(=O)c2ccc(N(C)C)nc2)C1=O,False,,5.962573502059376,,
COC(=O)[C@@H](Cc1cc2ccnc(N)c2cc1OC(F)(F)F)N1CC[C@H](NS(=O)(=O)c2cnc(N(C)C)c(C)c2)C1=O,False,,5.2636034977233574,,
COC(=O)[C@@H](Cc1cc2ccnc(N)c2cc1OC(F)(F)F)N1CC[C@H](NS(=O)(=O)c2cnc(N(C)C)c(Cl)c2)C1=O,False,,5.546681659952962,,
COC(=O)[C@@H](Cc1cc2ccnc(N)c2cc1OC(F)(F)F)N1CC[C@H](NS(=O)(=O)c2cnc(N(C)C)s2)C1=O,False,,7.090228032229065,,
COC(=O)[C@@H](Cc1cc2ccnc(N)c2cc1OC(F)(F)F)N1CC[C@H](NS(=O)(=O)c2cnc(N3CCC(F)(F)C3)s2)C1=O,False,,5.213248577854439,,
COC(=O)[C@@H](Cc1cc2ccnc(N)c2cc1OC(F)(F)F)N1CC[C@H](NS(=O)(=O)c2cnc(N3CCC3)s2)C1=O,False,,5.705533773838407,,
COC(=O)[C@@H](Cc1cc2ccnc(N)c2cc1OC(F)(F)F)N1CC[C@H](NS(=O)(=O)c2cnc(N3CCCC3)s2)C1=O,False,,5.950781977329818,,
COC(=O)[C@@H](Cc1ccc2c(N)nccc2c1F)N1CC[C@H](NS(=O)(=O)c2ccc(N3CCCC3)nc2)C1=O,False,,5.301029995663981,,
COC(=O)[C@@H](Cc1cccc(C(=N)N)c1)[C@@H](/C=C/c1ccccc1)NC(=O)c1ccccc1,False,,5.698970004336019,,
COC(=O)[C@@H](NC(=O)[C@@H](NC(=O)CC[C@H]1CCC[C@@H](NC(=O)[C@@H](NC(=O)[C@@H](NC(=O)OCc2ccccc2)C(=O)[C@@H](N)Cc2c[nH]c3ccccc23)C(=O)[C@@H](N)Cc2c[nH]c3ccccc23)C1=O)C(=O)[C@@H](N)Cc1c[nH]c2ccccc12)C(=O)[C@@H](N)Cc1ccc(O)cc1,False,,,3.3979400086720375,
COC(=O)[C@@H](NC(=O)[C@@H](NC(=O)[C@H](Cc1ccc([N+](=O)[O-])cc1)NC(=O)CCCN=C(N)N)C(C)O)C1CCCCC1,False,,,7.795880017344075,
COC(=O)[C@@H](NC(=O)[C@@H](NC(=O)[C@H](Cc1ccc([N+](=O)[O-])cc1)NC(=O)CCCN=C(N)N)C(C)O)c1ccccc1,False,,,8.080921907623926,
COC(=O)[C@@H](O)[C@H](CCCCN)NC(=O)[C@@H]1CCCN1C(=O)[C@H](N)Cc1ccccc1,False,,,4.605174395603296,
COC(=O)[C@@H]1CCCN1C(=O)[C@@H](Cc1ccccc1)N(C)C(=O)[C@H](C)NC(=O)[C@@H](NC(=O)C[C@H](O)[C@H](CC(C)C)NC(=O)[C@H](CC(N)=O)NC(=O)[C@H](CC(C)C)NC(=O)[C@H](OC(=O)[C@@H](OC(=O)[C@H](C(C)C)N(C)C)C(C)C)C(C)C)[C@@H](C)O,False,,5.0,5.0,
COC(=O)[C@H](C)NC(=O)NC(C)CCc1ccccc1,False,4.301029995663981,,,
COC(=O)[C@H](CCCNC(=N)N)NS(=O)(=O)c1ccc(C)cc1,False,,,4.050609993355087,
COC(=O)[C@H](CNC(=O)c1ccc(Cl)s1)NS(=O)(=O)c1cccc(N2CCCC2=O)c1C,False,,8.61531133696193,6.975779098224798,
COC(=O)[C@H](Cc1cccc(C(=N)N)c1)[C@@H](/C=C/c1ccccc1)NC(=O)c1ccc(-c2ccc(OC)c(OC)c2)cc1,False,,7.522878745280337,,
COC(=O)[C@H](Cc1cccc(C(=N)N)c1)[C@@H](/C=C/c1ccccc1)NC(=O)c1ccccc1,False,,6.154901959985743,,
COC(=O)[C@H](Cc1cccc(C(=N)N)c1)[C@@H](C)NC(=O)c1ccc(-c2cc[n+]([O-])cc2)cc1,False,,9.116993105468227,,
COC(=O)[C@H](Cc1cccc(C(=N)N)c1)[C@@H](CCc1ccccc1)NC(=O)c1ccc(-c2ccccc2)cc1,False,,7.221848749616356,,
COC(=O)[C@H](Cc1ccccc1)NC(=O)[C@H](CC(C)C)NC(=O)[C@@H](N)Cc1ccccc1,False,,,3.4775557664936803,
COC(=O)[C@H](Cc1ccccc1)NC(=O)[C@H](CC(C)C)NC(=O)[C@H](Cc1ccccc1)NC(=O)CCCCCCN,False,,,3.4814860601221125,
COC(=O)[C@H](Cc1ccccc1)NC(=O)[C@H](CC(C)C)NC(=O)[C@H](Cc1ccccc1)NC(=O)CCCCCN,False,,,4.096910013008056,
COC(=O)[C@H](Cc1ccccc1)NC(=O)[C@H](CC(C)C)NC(=O)[C@H](Cc1ccccc1)NC(=O)CCCCCN=C(N)N,False,,,3.6989700043360187,
COC(=O)[C@H](Cc1ccccc1)NC(=O)[C@H](CC(C)C)NC(=O)[C@H](Cc1ccccc1)NC(=O)CCCCN,False,,,4.243363891754152,
COC(=O)[C@H](Cc1ccccc1)NC(=O)[C@H](CC(C)C)NC(=O)[C@H](Cc1ccccc1)NC(=O)CCCCN=C(N)N,False,,,3.812479279163537,
COC(=O)[C@H](Cc1ccccc1)NC(=O)[C@H](CC(C)C)NC(=O)[C@H](Cc1ccccc1)NC(=O)CCCN,False,,,3.5228787452803374,
COC(=O)[C@H](Cc1ccccc1)NC(=O)[C@H](CC(C)C)NC(=O)[C@H](Cc1ccccc1)NC(=O)CCCN=C(N)N,False,,,5.85078088734462,
COC(=O)[C@H](NC(=O)[C@@H]1CCC[C@H]1C(=O)NCc1ccc(C(=N)N)cc1)c1ccccc1,False,,,4.690369832574101,
COC(=O)c1[nH]c(C)c(C(=O)C2=C(O)C(=O)N(CCN(C)C)C2c2cccc(OC)c2OC)c1C,False,4.301029995663981,,,
COC(=O)c1c(C)nn(-c2ccccc2)c1-n1cccc1,False,,,4.301029995663981,
COC(=O)c1c(C)oc2cc(OC)c(OCc3oc4cc(OC)c(OS(=O)(=O)[O-])cc4c3C(=O)OC)cc12.[Na+],False,,,4.430899154972618,
COC(=O)c1c(C)oc2cc(OC)c(OS(=O)(=O)[O-])cc12.[Na+],False,,,2.5228787452803374,
COC(=O)c1c(C)oc2cc(OCc3cccc(OS(=O)(=O)[O-])c3)c(OCc3cccc(S(=O)(=O)[O-])c3)cc12.[Na+].[Na+],False,,,3.3010299956639813,
COC(=O)c1c(NC(=O)c2c(-c3ccccc3Cl)noc2C)sc2c1CCC2,False,5.372325944679366,,,
COC(=O)c1c(NC(=O)c2ccc(Br)s2)sc2c1CCC2,False,4.352268169428691,,,
COC(=O)c1cc2ccccc2cc1-n1nc(C)cc1C(=O)Nc1ccc(-c2ccccc2S(N)(=O)=O)cc1,False,,6.2636034977233574,4.958607314841775,
COC(=O)c1ccc(/C=C(\C#N)c2nc3ccc(C)cc3[nH]2)cc1,False,4.301029995663981,,,
COC(=O)c1ccc(C(=O)/N=C(\Nc2ccc3oc(C)cc3c2)N[C@H]2CCCCN(CC(=O)N3CCCC3)C2=O)cc1,False,,8.221848749616356,,
COC(=O)c1ccc(C(=O)/N=C(\Nc2ccc3oc(C)cc3c2)N[C@H]2CCCCN(CC(=O)N3CCCC3)C2=O)nc1,False,,7.259637310505756,,
COC(=O)c1ccc(C(C(=O)NC2CCCCC2)N(CCN2CCOCC2)C(=O)Cc2cccs2)cc1,False,4.301029995663981,,,
COC(=O)c1ccc(CNC(=O)c2ccc(Cl)s2)c(NC(=O)c2nc3c(s2)CN(C)CC3)c1,False,,8.301029995663981,,
COC(=O)c1ccc(COC(=O)CNS(=O)(=O)c2ccccc2)cc1,False,,,4.301029995663981,
COC(=O)c1ccc(NC(S)=Nc2ccc(O)cc2)cc1,False,4.301029995663981,,,
COC(=O)c1ccc(NC2CC(=O)N(c3ccccc3C)C2=O)cc1,False,,,4.301029995663981,
COC(=O)c1ccc(NCC(=O)Nc2cc(C)cc(C)c2)cc1,False,4.301029995663981,,,
COC(=O)c1ccc(Nc2nc(C)cc(O)n2)cc1,False,4.301029995663981,,,
COC(=O)c1ccc(Oc2cccc(C(=N)N)c2)c(NC(=O)c2ccc(-c3ccccc3S(N)(=O)=O)cc2)c1,False,,8.602059991327963,,
COC(=O)c1ccc(Oc2nc(NC(C)C)nc(SC)n2)cc1,False,4.301029995663981,,,
COC(=O)c1cccc(-c2c(Cl)nc(NC(C)C)c(=O)n2CC(=O)NCc2ccc(C(=N)N)cc2)c1,False,,,5.698970004336019,
COC(=O)c1cccc(-c2ccc(NC(=O)c3ccc4cc(C(N)=O)ccc4c3)cc2)c1,False,,,3.9030899869919438,
COC(=O)c1cccc(-c2ccc(NC(=O)c3ccc4cc(OC)ccc4c3)cc2)c1,False,,,4.207608310501746,
COC(=O)c1cccc(-c2ccc(NS(=O)(=O)c3ccc4cc(OC)ccc4c3)cc2)c1,False,,,4.207608310501746,
COC(=O)c1cccc(C(=O)/N=C(\Nc2ccc3oc(C)cc3c2)N[C@H]2CCCCN(CC(=O)N3CCCC3)C2=O)c1,False,,8.301029995663981,,
COC(=O)c1cccc(CS(=O)(=O)N[C@H](CC2CCN(C(=N)N)CC2)C(=O)NCC(=O)N[C@H]2CCCN(C(=N)N)C2O)c1.O=C(O)C(F)(F)F,False,,8.657577319177793,5.6020599913279625,
COC(=O)c1cccc(NC(=O)CSc2nc[nH]n2)c1,False,4.301029995663981,,,
COC(=O)c1cccc(NS(=O)(=O)c2ccc(OC)c(OC)c2)c1C,False,4.301029995663981,,,
COC(=O)c1ccccc1CNC(=O)N1CCC[C@H]1C(=O)Nc1cccc(OC(F)(F)F)c1,False,,4.522878745280337,4.522878745280337,
COC(=O)c1ccccc1CS(=O)(=O)N[C@H](CC1CCCN(C(=N)N)C1)C(=O)NCC(=O)N[C@H]1CCCN(C(=N)N)C1O.O=C(O)C(F)(F)F,False,,8.91492783867832,5.780333653084869,
COC(=O)c1ccccc1CS(=O)(=O)N[C@H](CC1CCN(C(=N)N)CC1)C(=O)NCC(=O)N[C@H]1CCCN(C(=N)N)C1O.O=C(O)C(F)(F)F,False,,9.0268721464003,5.6020599913279625,
COC(=O)c1ccccc1CS(=O)(=O)N[C@H]1CCCCN(CC(=O)N[C@H]2CCCC(C(=N)N)C2O)C1=O,False,,6.326979092871103,8.950781977329818,
COC(=O)c1ccccc1CS(=O)(=O)N[C@H]1CCCCN(CC(=O)N[C@H]2CCCN(C(=N)N)C2O)C1=O.O=C(O)C(F)(F)F,False,,6.47755576649368,,
COC(=O)c1ccccc1NC(=O)C1CC(=O)N(c2ccc(F)cc2)C1,False,,,4.301029995663981,
COC(=O)c1ccccc1NC(=O)N1CCN(C(=O)c2ccco2)CC1,False,4.301029995663981,,,
COC(=O)c1ccccc1NC(=O)Nc1cc(C)ccn1,False,4.301029995663981,,,
COC(=O)c1ccnn1C(=O)c1ccc(Cl)cc1,False,,,7.292429823902063,
COC(=O)c1cnccc1N1CCC(COc2ccc3c(c2)CN(C(=N)N)CC3)CC1.Cl.Cl,False,,6.568636235841013,5.0,
COC(=O)c1n[nH]c(N)n1,False,,4.0,4.0,
COC(=O)c1n[nH]c(NC(=O)C(C)(C)C)n1,False,,,5.8435750370904085,
COC(=O)c1n[nH]c(NC(=O)c2ccc(Br)cc2)n1,False,5.414689325414408,,7.862962545210487,
COC(=O)c1n[nH]c(NC(=O)c2ccc(C(C)(C)C)cc2)n1,False,7.9821322810364945,,5.6213041916484405,
COC(=O)c1n[nH]c(NC(=O)c2ccc(Cl)cc2)n1,False,5.259637310505756,4.0,5.711311554041493,
COC(=O)c1n[nH]c(NC(=O)c2ccc(F)cc2)n1,False,7.528268348519949,,6.5277556473265275,
COC(=O)c1n[nH]c(NC(=O)c2ccccc2)n1,False,7.034093084504808,,7.263523817972303,
COC(=O)c1n[nH]c(NC(=O)c2ccccc2Br)n1,False,7.142908845326486,,7.085921414610888,
COC(=O)c1n[nH]c(NC(=O)c2ccccc2Cl)n1,False,5.9797257507301635,4.0,5.692867856320648,
COC(=O)c1n[nH]c(NC(C)=O)n1,False,4.912595204962155,,,
COC(=O)c1nc(N)n(C(=O)c2ccc(Cl)cc2)n1,False,,5.0,7.318758762624412,
COC(=O)c1nc(N)n(C(=O)c2ccccc2Cl)n1,False,,5.0,7.045757490560675,
COC(=O)c1nc(NCc2ccccc2)n(C(=O)c2ccc(Cl)cc2)n1,False,,4.0,7.259637310505756,
COC(=O)c1nn(C(=O)c2cccc(C)c2)c2cc([N+](=O)[O-])ccc12,False,,,6.1938200260161125,
COC(=O)c1nn(C(=O)c2cccc(C)c2)c2ccc([N+](=O)[O-])cc12,False,,,5.958607314841775,
COC(=O)c1nn(C(=O)c2cccc(C)c2)c2ccccc12,False,,,5.292429823902063,
COC(=O)c1nn(C(=O)c2ccccc2)c2ccc([N+](=O)[O-])cc12,False,,,6.080921907623926,
COC(=O)c1nn(C(=O)c2ccccc2)c2ccccc12,False,,,4.853871964321762,
COC(=O)c1sccc1NC(=O)/C=C/c1c(Cl)cccc1Cl,False,4.301029995663981,,,
COC(C[C@H](O)C[C@@H](O)[C@H](C)OCc1ccccc1)OC,False,4.301029995663981,,,
COC(Cn1c(C)c(C(C)=O)c(C(C)=O)c1C)OC,False,4.301029995663981,,,
COC(N)c1cccc(OC(=O)N2CCN(C(=O)[C@@H](CCCCNS(C)(=O)=O)NC3CCC4(CC3)CCN(Cc3ccccc3)C4)[C@H](C(=O)NCc3cccs3)C2)c1,False,8.244125144327509,,,
COC(c1ccccc1)c1nnc(CCC(=O)N(C)Cc2cccc(-n3cccn3)c2)o1,False,4.301029995663981,,4.301029995663981,
COC/C(=C/C(=O)Nc1ccc(-c2ccccc2S(N)(=O)=O)cc1)c1cccc(C(=N)N)c1,False,,8.154901959985743,,
COC1CN(CC(=O)Nc2ccc(-n3ccccc3=O)cc2F)CC1NC(=O)c1ccc(Cl)s1,False,,8.967551945213115,,
COCC(=O)N1CC[C@H](NC(=O)c2cc3cc(Cl)ccc3[nH]2)[C@H](NC(=O)c2nc3c(s2)CN(C)CC3)C1,False,,8.236572006437063,,
COCC(=O)Nc1ccc(N2CC(CNC(=O)c3ccc(Cl)s3)OC2=O)cc1,False,,6.136677139879544,,
COCC(=O)n1nc(-c2ccc(C)cc2)nc1NCc1ccc(F)cc1,False,,,6.299564555516203,
COCC(=O)n1nc(-c2ccc(Cl)cc2)nc1NCc1ccc(F)cc1,False,,,5.743688843887663,
COCC(=O)n1nc(-c2ccccc2)nc1NCc1ccc(F)cc1,False,,,6.987162775294828,
COCC(=O)n1nc(-c2ccccc2)nc1NCc1ccccc1,False,,,6.608941330745145,
COCC(=O)n1nc(-c2ccccc2)nc1NCc1cccs1,False,,,6.3307296202618035,
COCC(C)(C)C(=O)n1nc(-c2ccccn2)cc1NCc1ccc(Cl)s1,False,,,8.698970004336019,
COCC(C)N1CCc2nc(C(=O)Nc3cc(C(=O)O)ccc3CNC(=O)c3ccc(Cl)s3)sc2C1,False,,8.309803919971486,,
COCC(Cc1cccc(C(=N)N)c1)C(/C=C/c1ccccc1)NC(=O)c1ccc(-c2ccccc2)cc1,False,,6.267606240177032,5.060480747381382,
COCCCNC(=O)/C(=C\c1cccn1C)NC(=O)c1cccs1,False,,,4.301029995663981,
COCCCn1c(=O)/c(=C\c2ccccc2OC(C)C)s/c1=C(/C#N)C(=O)Nc1ccc(C(=O)O)cc1,False,4.301029995663981,,,
COCCN(C(=O)C1CC1)c1nnc(-c2ccc(C)cc2)s1,False,4.301029995663981,,,
COCCN(C)C(=N)c1ccc(NC(=O)c2cc(C)nn2-c2cc3ccccc3cc2F)c(F)c1,False,,6.958607314841775,,
COCCN(C)C(=O)[C@H]1CC[C@H](NC(=O)c2cc3cc(Cl)ccc3[nH]2)[C@H](NC(=O)c2nc3c(s2)CN(C)CC3)C1,False,,8.657577319177793,,
COCCN(C)C(=O)c1ccc(-c2nc(COc3cc(OC)cc4oc(-c5cn6nc(OC)sc6n5)cc34)cs2)cc1,False,,,8.67778070526608,
COCCN(C)Cc1ccc(C(=O)Nc2ccc(Cl)cc2C(=O)Nc2ccc(Cl)cn2)cc1,False,,7.275724130399211,4.958607314841775,
COCCN(C)c1cc(C(=N)N(C)C)ccc1C(=O)Nc1ccc(Cl)cc1C(=O)Nc1ccc(Cl)cn1,False,,9.301029995663981,,
COCCN(C)c1cc(Cl)cc(C(=O)Nc2ccc(Cl)cn2)c1NC(=O)c1ccc(C(=N)N(C)C)cc1,False,,8.920818753952375,,
COCCN1CC[C@H](NC(=O)c2cc3cc(Cl)ccc3[nH]2)[C@H](NC(=O)c2nc3c(s2)CN(C)CC3)C1,False,,7.327902142064283,,
COCCN=C(S)NN=C1CCCCCC1,False,4.301029995663981,,4.301029995663981,
COCCNC(=O)CC(NS(=O)(=O)c1ccc(C)cc1)c1ccco1,False,4.301029995663981,,,
COCCNC(=O)CSc1nnc2c(Cl)cc(Cl)cn12,False,4.301029995663981,,,
COCCNC(=O)Cn1nc(C(F)(F)F)cc1C,False,,,4.301029995663981,
COCCNCC(=O)Nc1nc(C)cs1.O=C(O)C(=O)O,False,4.301029995663981,,,
COCCNc1nc(Cl)c(-c2cc(N)cc(C(=O)O)c2)n(CC(=O)NCc2ccc(C(=N)N)cc2)c1=O,False,,,4.522878745280337,
COCCNc1nc(Cl)c(-c2ccccc2)n(CC(=O)NCc2ccc(C(=N)N)cc2)c1=O,False,,,5.0,
COCCNc1nnc(SCC(=O)c2c[nH]c3ccccc23)s1,False,,,4.301029995663981,
COCCOC(=O)c1c(C)oc2cc(OC)c(OCc3oc4cc(OC)c(OS(=O)(=O)[O-])cc4c3C(=O)OCCOC)cc12.[Na+],False,,,3.422984364034609,
COCCOC(=O)c1c(C)oc2cc(OC)c(OS(=O)(=O)[O-])cc12.[Na+],False,,,2.6989700043360187,
COCCOC[C@@H](NC(=O)c1ccc(Cl)s1)C(=O)Nc1ccc(N2CCOCC2=O)c(C)c1,False,,4.958607314841775,5.0,
COCCOCc1nc(COc2cc(OC)cc3oc(-c4cn5nc(OC)sc5n4)cc23)cs1,False,,,5.6916490514132745,
COCCOc1cc(C(=N)N(C)C)ccc1C(=O)Nc1ccc(Cl)cc1C(=O)Nc1ccc(Cl)cn1,False,,8.920818753952375,,
COCCOc1cc2c(N)nccc2cc1C[C@H](C(=O)O)N1CC[C@H](NS(=O)(=O)c2cnc(N(C)C)s2)C1=O,False,,8.853871964321762,,
COCCOc1cc2cc(C(=O)NC3CCN(C(C)C)CC3)n(CC(=O)Nc3ccc(Cl)cn3)c2cn1,False,,8.320712284604161,,
COCCOc1ccc(C(=N)N)cc1/C=C\C(=O)Nc1ccc(-c2ccccc2S(N)(=O)=O)cc1,False,,8.045757490560675,,
COCCn1c(SCC(N)=O)nnc1-c1c[nH]c2ccccc12,False,4.301029995663981,,,
COCCn1nnnc1C(c1cc2ccc(C)cc2nc1O)N(Cc1ccco1)Cc1cccs1,False,4.301029995663981,,,
COC[C@@H](NC(=O)c1ccc(Cl)s1)C(=O)Nc1ccc(N2CCOCC2=O)c(C(F)(F)F)c1,False,,4.853871964321762,5.0,
COC[C@@H](NC(=O)c1ccc(Cl)s1)C(=O)Nc1ccc(N2CCOCC2=O)c(C)c1,False,,6.759637310505756,5.0,
COC[C@@H](NC(=O)c1ccc(Cl)s1)C(=O)Nc1ccc(N2CCOCC2=O)c(Cl)c1,False,,4.886056647693163,5.0,
COC[C@@H](NC(=O)c1ccc(Cl)s1)C(=O)Nc1ccc(N2CCOCC2=O)c(F)c1,False,,4.657577319177793,5.0,
COCc1c(C(=O)OCc2nc(N)nc(Nc3ccccc3C)n2)oc2ccccc12,False,4.301029995663981,,,
COCc1cc(N2C[C@H](CNC(=O)c3ccc(Cl)s3)OC2=O)ccc1-n1cccc(CCO)c1=O,False,,6.777283528852417,7.795880017344075,
COCc1nn(Cc2ccc(CN3CCCCC3=O)cc2)cc1C(=O)NCc1c(C#N)ccc(OC)c1F,False,4.3979400086720375,,,
COCc1nn(Cc2ccc(Cn3cc(C)cn3)cc2)cc1C(=O)NCc1c(-n2cnnn2)ccc(OC)c1F,False,4.3979400086720375,,,
COCc1nn(Cc2ccc(Cn3cc(C)cn3)cc2)cc1C(=O)NCc1cc(OC)ccc1-n1cnnn1,False,5.3979400086720375,,,
COCc1nn(Cc2ccc(Cn3cc(C)cn3)cc2)cc1C(=O)NCc1nccc(OC)c1F,False,4.3979400086720375,,,
COCc1nn(Cc2ccc(Cn3cc(F)ccc3=O)cc2)cc1C(=O)NCc1c(C#N)ccc(OC)c1F,False,4.3979400086720375,,4.3979400086720375,
COCc1nn(Cc2ccc(Cn3cc(F)ccc3=O)cc2)cc1C(=O)NCc1nccc(OC)c1F,False,4.3979400086720375,,4.3979400086720375,
COCc1nn(Cc2ccc(Cn3ccccc3=O)cc2)cc1C(=O)NCc1c(-n2cnnn2)ccc(OC)c1F,False,5.3979400086720375,,4.714442690992226,
COCc1nn(Cc2ccc(Cn3ccccc3=O)cc2)cc1C(=O)NCc1c(C#N)ccc(OC)c1F,False,4.3979400086720375,,,
COCc1nn(Cc2ccc(Cn3ccccc3=O)cc2)cc1C(=O)NCc1c(C(N)=O)ccc(OC)c1F,False,5.3979400086720375,,4.3979400086720375,
COCc1nn(Cc2ccc(Cn3ccccc3=O)cc2)cc1C(=O)NCc1c(Cl)cccc1-n1cnnn1,False,5.3979400086720375,,,
COCc1nn(Cc2ccc(Cn3ccccc3=O)cc2)cc1C(=O)NCc1c(F)cccc1-n1cnnn1,False,4.3979400086720375,,,
COCc1nn(Cc2ccc(Cn3ccccc3=O)cc2)cc1C(=O)NCc1cc(Cl)ccc1-n1cnnn1,False,5.3979400086720375,,4.406713932979542,
COCc1nn(Cc2ccc(Cn3ccccc3=O)cc2)cc1C(=O)NCc1cc(F)ccc1-n1cnnn1,False,5.3979400086720375,,,
COCc1nn(Cc2ccc(Cn3ccccc3=O)cc2)cc1C(=O)NCc1cc(OC)c(C)cn1,False,4.3979400086720375,,,
COCc1nn(Cc2ccc(Cn3ccccc3=O)cc2)cc1C(=O)NCc1cc(OC)ccc1-n1cnnn1,False,4.3979400086720375,,4.3979400086720375,
COCc1nn(Cc2ccc(Cn3ccccc3=O)cc2)cc1C(=O)NCc1cc(OC)ccc1C,False,5.3979400086720375,,,
COCc1nn(Cc2ccc(Cn3ccccc3=O)cc2)cc1C(=O)NCc1cc(OC)ccc1C#N,False,4.3979400086720375,,4.3979400086720375,
COCc1nn(Cc2ccc(Cn3ccccc3=O)cc2)cc1C(=O)NCc1cc(OC)n(C)n1,False,4.3979400086720375,,,
COCc1nn(Cc2ccc(Cn3ccccc3=O)cc2)cc1C(=O)NCc1cc(OC)ncc1C#N,False,5.3979400086720375,,,
COCc1nn(Cc2ccc(Cn3ccccc3=O)cc2)cc1C(=O)NCc1cc(OC)ncn1,False,5.3979400086720375,,,
COCc1nn(Cc2ccc(Cn3ccccc3=O)cc2)cc1C(=O)NCc1cccc(OC)c1C#N,False,5.3979400086720375,,,
COCc1nn(Cc2ccc(Cn3ccccc3=O)cc2)cc1C(=O)NCc1ccccc1-n1cnnn1,False,4.3979400086720375,,4.3979400086720375,
COCc1nn(Cc2ccc(Cn3ccccc3=O)cc2)cc1C(=O)NCc1nc(C)ccc1F,False,4.3979400086720375,,,
COCc1nn(Cc2ccc(Cn3ccccc3=O)cc2)cc1C(=O)NCc1ncc(C)c(OC)c1C,False,4.3979400086720375,,,
COCc1nn(Cc2ccc(Cn3ccccc3=O)cc2)cc1C(=O)NCc1ncc(Cl)cc1C#N,False,4.3979400086720375,,,
COCc1nn(Cc2ccc(Cn3ccccc3=O)cc2)cc1C(=O)NCc1ncc(Cl)cc1F,False,4.3979400086720375,,,
COCc1nn(Cc2ccc(Cn3ccccc3=O)cc2)cc1C(=O)NCc1ncc(F)cc1F,False,4.3979400086720375,,,
COCc1nn(Cc2ccc(Cn3ccccc3=O)cc2)cc1C(=O)NCc1nccc(C)c1Cl,False,4.3979400086720375,,,
COCc1nn(Cc2ccc(Cn3ccccc3=O)cc2)cc1C(=O)NCc1nccc(C)c1F,False,4.3979400086720375,,,
COCc1nn(Cc2ccc(Cn3ccccc3=O)cc2)cc1C(=O)NCc1nccc(OC)c1C,False,4.3979400086720375,,,
COCc1nn(Cc2ccc(Cn3ccccc3=O)cc2)cc1C(=O)NCc1nccc(OC)c1F,False,4.3979400086720375,4.3979400086720375,4.3979400086720375,
COCc1nn(Cc2ccc(Cn3ccccc3=O)cc2)cc1C(=O)NCc1nccc(OC)n1,False,4.3979400086720375,,,
COCc1nn(Cc2ccc(Cn3ccccc3=O)cc2)cc1C(=O)NCc1ncccc1C#N,False,5.3979400086720375,,,
COCc1nn(Cc2ccc(Cn3ccccc3=O)cn2)cc1C(=O)NCc1c(C#N)ccc(OC)c1F,False,5.3979400086720375,,,
COCc1nn(Cc2ccc(Cn3ccccc3=O)nc2)cc1C(=O)NCc1c(C#N)ccc(OC)c1F,False,5.3979400086720375,,,
COCc1nn(Cc2ccc(Cn3cccn3)cc2)cc1C(=O)NCc1cccc(Cl)c1,False,4.3979400086720375,,,
COCc1nn(Cc2ccc(Cn3cccn3)cc2)cc1C(=O)NCc1cccc(Cl)c1F,False,4.3979400086720375,,,
COCc1nn(Cc2ccc(N3CCC(F)(F)C3)nc2)cc1C(=O)NCc1c(-n2cnnn2)ccc(OC)c1F,False,4.3979400086720375,,,
COCc1nn(Cc2ccc(N3CCCC3)nc2)cc1C(=O)NCc1c(-n2cnnn2)ccc(OC)c1F,False,4.3979400086720375,,,
COCc1nn(Cc2cnc(N3CCC(F)(F)C3)nc2)cc1C(=O)NCc1c(-n2cnnn2)ccc(OC)c1F,False,4.3979400086720375,,,
COCc1nn(Cc2cnc(N3CCC(F)(F)C3)nc2)cc1C(=O)NCc1cc(OC)ccc1-n1cnnn1,False,4.3979400086720375,,,
COCc1nn(Cc2cnc(N3CCCC3)nc2)cc1C(=O)NCc1c(-n2cnnn2)ccc(OC)c1F,False,4.3979400086720375,,5.13608262304214,
COCc1nn(Cc2cnc(N3CCCC3)nc2)cc1C(=O)NCc1c(C#N)ccc(OC)c1F,False,4.3979400086720375,,,
COCc1nn(Cc2cnc(N3CCCC3)nc2)cc1C(=O)NCc1cc(OC)ccc1-n1cnnn1,False,5.3979400086720375,,,
CONC(=N)c1ccc(C(=O)Nc2ccccc2C(=O)Nc2ccc(Cl)cn2)cc1,False,,6.5376020021010435,,
COS(=O)(=O)[O-].Cn1nnc(CC[N+](C)(C)C)n1,False,,,4.301029995663981,
CO[C@@H](C(=O)N1CCC[C@H]1C(=O)N[C@H](C=O)CCCN=C(N)N)c1ccccc1,False,,,6.6020599913279625,
CO[C@@H]1CCN(c2ccc3c(c2)OC[C@H]2[C@H](CNC(=O)c4ccc(Cl)s4)OC(=O)N32)C(=O)C1,False,,6.229147988357855,,
CO[C@@H]1CN(C(=O)Nc2ccc(-n3ccccc3=O)cc2F)C[C@H]1CNC(=O)c1ccc(Cl)s1,False,,8.515007393559605,,
CO[C@@H]1C[C@H](C(=O)Nc2ccc(-c3ccccc3S(C)(=O)=O)cc2F)N(C(=O)Nc2ccc(Cl)cc2)C1,False,,9.795880017344075,,
CO[C@@H]1C[C@H](C(=O)Nc2ccc(-n3ccccc3=O)cc2F)N(C(=O)Nc2ccc(Cl)cc2)C1,False,,9.369487583003801,,
CO[C@@H]1C[C@H](C(=O)Nc2ccc(-n3ccccc3=O)cn2)N(C(=O)Nc2ccc(Cl)cc2)C1,False,,8.337242168318426,,
CO[C@H](C(=O)N1CCC[C@H]1C(=O)NC(C=O)CCCN=C(N)N)c1ccccc1,False,,4.568636235841013,6.6020599913279625,
CO[C@H](C)[C@@H](NS(=O)(=O)c1ccc2ccccc2c1)C(=O)N1CCC[C@H]1C(=O)NCCCCN=C(N)N,False,,,5.455931955649724,
CO[C@H](CO)C(=O)N[C@@H](C(=O)N1[C@H](C(=O)NCCC2=CCN(C(=N)N)C2)C[C@@H]2C[C@H](O)[C@@H](O)C[C@@H]21)[C@@H](Cl)C(C)C,False,,,7.958607314841775,
CO[C@H](COS(=O)(=O)[O-])C(=O)N[C@@H](C(=O)N1[C@H](C(=O)NCCC2=CC[N+](=C(N)N)C2)C[C@@H]2C[C@H](O)[C@@H](O)C[C@@H]21)[C@H](Cl)C(C)C,False,,,6.740348575382286,
CO[C@H](COS(=O)(=O)[O-])C(=O)N[C@H](CC(C)C)C(=O)N1[C@H](C(=O)NCCC2=CC[N+](=C(N)N)C2)C[C@@H]2C[C@H](O)[C@@H](O)C[C@@H]21,False,,,7.337242168318426,
CO[C@H]1CCN(c2ccc3c(c2)OC[C@H]2[C@H](CNC(=O)c4ccc(Cl)s4)OC(=O)N32)C(=O)C1,False,,5.730487055782084,,
CO[C@H]1C[C@@H](C(=O)NCc2ccc3c(N)nccc3c2)N(C(=O)[C@@H](CC(C)C)NC2CCCCC2)C1,False,,,5.301029995663981,
CO[C@H]1C[C@@](O)(Cc2ccccc2)C(=O)N2C(C(=O)NCc3ccc(C(=N)N)cc3)CC[C@@H]12.Cl,False,,,6.958607314841775,
CO[C@H]1C[C@@](O)(Cc2ccccc2)C(=O)N2[C@H](C(=O)NCc3ccc(C(=N)N)cc3)CC[C@@H]12.Cl,False,,,6.599997654072044,
CO[C@H]1C[C@H](C(=O)Nc2ccc(-n3ccccc3=O)cc2F)C[C@@H]1NC(=O)c1ccc(Cl)s1,False,,8.577191705319716,,
CO[C@H]1O[C@@H](COS(=O)(=O)[O-])[C@@H](O[C@@H]2O[C@H](C(=O)[O-])[C@@H](O[C@@H]3O[C@@H](COS(=O)(=O)[O-])[C@@H](O[C@@H]4O[C@@H](C(=O)[O-])[C@@H](O[C@H]5O[C@@H](COS(=O)(=O)[O-])[C@@H](OC)[C@H](OC)[C@H]5NS(=O)(=O)[O-])[C@H](OC)[C@H]4OC)[C@H](OS(=O)(=O)[O-])[C@H]3OS(=O)(=O)[O-])[C@H](OC)[C@H]2OS(=O)(=O)[O-])[C@@H](OC)[C@@H]1NS(=O)(=O)[O-].[Na+].[Na+].[Na+].[Na+].[Na+].[Na+].[Na+].[Na+].[Na+].[Na+],False,,,6.958607314841775,
CO[C@H]1O[C@H](COS(=O)(=O)O)[C@@H](O[C@@H]2O[C@@H](C(=O)O)[C@@H](O[C@H]3O[C@H](COS(=O)(=O)O)[C@@H](O[C@@H]4O[C@H](C(=O)O)[C@@H](O[C@H]5O[C@H](COS(=O)(=O)O)[C@@H](O)[C@H](O)[C@H]5NS(=O)(=O)O)[C@H](O)[C@H]4O)[C@H](OS(=O)(=O)O)[C@H]3NS(=O)(=O)O)[C@H](O)[C@H]2OS(=O)(=O)O)[C@H](O)[C@H]1NS(=O)(=O)O,False,,7.958607314841775,,
CO[C@H]1O[C@H](COS(=O)(=O)O)[C@@H](O[C@@H]2O[C@@H](C(=O)O)[C@@H](O[C@H]3O[C@H](COS(=O)(=O)O)[C@@H](O[C@@H]4O[C@H](C(=O)O)[C@@H](O[C@H]5O[C@H](COS(=O)(=O)O)[C@@H](OCCOCCOCCOCCNC(=O)c6ccc(NC(=O)CSC[C@H](NS(=O)(=O)c7ccc8ccccc8c7)C(=O)NC(Cc7ccc(C(=N)N)cc7)C(=O)N7C=CCCC7)cc6)[C@H](OS(=O)(=O)O)[C@H]5OS(=O)(=O)O)[C@H](OC)[C@H]4OS(=O)(=O)O)[C@H](OS(=O)(=O)O)[C@H]3OS(=O)(=O)O)[C@H](OC)[C@H]2OS(=O)(=O)O)[C@H](OS(=O)(=O)O)[C@H]1OS(=O)(=O)O,False,,,6.455931955649724,
CO[C@H]1O[C@H](COS(=O)(=O)[O-])[C@@H](O[C@@H]2O[C@@H](C(=O)[O-])[C@@H](O[C@H]3O[C@H](COS(=O)(=O)[O-])[C@@H](O[C@@H]4O[C@H](C(=O)[O-])[C@@H](O[C@H]5O[C@H](COS(=O)(=O)[O-])[C@@H](O)[C@H](O)[C@H]5NS(=O)(=O)[O-])[C@H](O)[C@H]4O)[C@H](OS(=O)(=O)[O-])[C@H]3NS(=O)(=O)[O-])[C@H](O)[C@H]2OS(=O)(=O)[O-])[C@H](O)[C@H]1NS(=O)(=O)[O-].[Na+].[Na+].[Na+].[Na+].[Na+].[Na+].[Na+].[Na+].[Na+].[Na+],False,,5.860404813536702,,
CO[C@H]1O[C@H](COS(=O)(=O)[O-])[C@@H](O[C@@H]2O[C@@H](C(=O)[O-])[C@@H](O[C@H]3O[C@H](COS(=O)(=O)[O-])[C@@H](O[C@@H]4O[C@H](C(=O)[O-])[C@@H](O[C@H]5O[C@H](COS(=O)(=O)[O-])[C@@H](O)[C@H](O)[C@H]5OS(=O)(=O)[O-])[C@H](OC)[C@H]4O)[C@H](OS(=O)(=O)[O-])[C@H]3OS(=O)(=O)[O-])[C@H](OC)[C@H]2OS(=O)(=O)[O-])[C@H](OS(=O)(=O)[O-])[C@H]1OS(=O)(=O)[O-].[Na+].[Na+].[Na+].[Na+].[Na+].[Na+].[Na+].[Na+].[Na+].[Na+].[Na+],False,,6.495188143843135,,
CO[C@H]1O[C@H](COS(=O)(=O)[O-])[C@@H](O[C@@H]2O[C@@H](C(=O)[O-])[C@@H](O[C@H]3O[C@H](COS(=O)(=O)[O-])[C@@H](O[C@@H]4O[C@H](C(=O)[O-])[C@@H](O[C@H]5O[C@H](COS(=O)(=O)[O-])[C@@H](O)[C@H](OC)[C@H]5OS(=O)(=O)[O-])[C@H](OC)[C@H]4O)[C@H](OS(=O)(=O)[O-])[C@H]3OS(=O)(=O)[O-])[C@H](OC)[C@H]2OS(=O)(=O)[O-])[C@H](OS(=O)(=O)[O-])[C@H]1OS(=O)(=O)[O-].[Na+].[Na+].[Na+].[Na+].[Na+].[Na+].[Na+].[Na+].[Na+].[Na+].[Na+],False,,6.534851602783706,,
CO[C@H]1O[C@H](COS(=O)(=O)[O-])[C@@H](O[C@@H]2O[C@@H](C(=O)[O-])[C@@H](O[C@H]3O[C@H](COS(=O)(=O)[O-])[C@@H](O[C@@H]4O[C@H](C(=O)[O-])[C@@H](O[C@H]5O[C@H](COS(=O)(=O)[O-])[C@@H](O)[C@H](OS(=O)(=O)[O-])[C@H]5OS(=O)(=O)[O-])[C@H](OC)[C@H]4O)[C@H](OS(=O)(=O)[O-])[C@H]3OS(=O)(=O)[O-])[C@H](OC)[C@H]2OS(=O)(=O)[O-])[C@H](OS(=O)(=O)[O-])[C@H]1OS(=O)(=O)[O-].[Na+].[Na+].[Na+].[Na+].[Na+].[Na+].[Na+].[Na+].[Na+].[Na+].[Na+].[Na+],False,,6.566139923150289,,
CO[C@H]1O[C@H](COS(=O)(=O)[O-])[C@@H](O[C@@H]2O[C@@H](C(=O)[O-])[C@@H](O[C@H]3O[C@H](COS(=O)(=O)[O-])[C@@H](O[C@@H]4O[C@H](C(=O)[O-])[C@@H](O[C@H]5O[C@H](COS(=O)(=O)[O-])[C@@H](OC)[C@H](OS(=O)(=O)[O-])[C@H]5OS(=O)(=O)[O-])[C@H](OC)[C@H]4OC(C)=O)[C@H](OS(=O)(=O)[O-])[C@H]3OS(=O)(=O)[O-])[C@H](OC)[C@H]2OS(=O)(=O)[O-])[C@H](OS(=O)(=O)[O-])[C@H]1OS(=O)(=O)[O-].[Na+].[Na+].[Na+].[Na+].[Na+].[Na+].[Na+].[Na+].[Na+].[Na+].[Na+].[Na+],False,,6.500024321853036,,
CO[C@]1(C)C[C@H](C(=O)Nc2ccc(-n3ccccc3=O)cc2F)N(C(=O)Nc2ccc(Cl)cc2)C1,False,,9.508638306165727,,
COc1c(C)cc(C(=O)C2CCCN(S(=O)(=O)c3c(C)noc3C)C2)cc1C,False,,,4.301029995663981,
COc1c(Cl)cc(Cl)cc1S(=O)(=O)Oc1cc(C)cc(OCCc2cccc(O)c2)c1,False,,,4.25000001945443,
COc1c(Cl)cc(Cl)cc1S(=O)(=O)Oc1cccc(OCCc2ccc(C(=N)N)cc2)c1,False,,,7.250031916490597,
COc1c(NC(C)C)ccc(-c2ccccc2)c1CC(=O)NCc1ccc(C(=N)N)cc1,False,,4.522878745280337,5.102372908709558,
COc1c(NCCc2ccccc2)ccc(-c2ccccc2)c1CC(=O)NCc1ccc(C(=N)N)cc1,False,,4.522878745280337,,
COc1cc(-c2nnco2)cc(OC)c1OC,False,4.301029995663981,,,
COc1cc(-c2noc3ncn(-c4ccc(N5CCOCC5=O)cc4)c(=O)c23)ccc1OC(C)=O,False,,7.886056647693163,4.698970004336019,
COc1cc(/C=N/n2cnnc2)ccc1OC(=O)c1cccnc1,False,4.301029995663981,,,
COc1cc(Br)cc2cc(C(=O)Nc3ccccc3)c(=O)oc12,True,4.301029995663981,,4.301029995663981,
COc1cc(C(=N)N(C)C)ccc1C(=O)Nc1ccc(Cl)cc1C(=O)Nc1ccc(Cl)cn1,False,,9.301029995663981,,
COc1cc(C(=O)N2CC(C)(C)OCC2CO)cc2nc(NC(CF)c3cccc(Cl)c3)oc12,False,,,8.391389672177741,
COc1cc(C(=O)N2CC(C)(C)OCC2CO)cc2nc(N[C@H](CF)c3cccc(Cl)c3)oc12,False,,,8.958607314841775,
COc1cc(C(=O)N2CC(C)(C)OC[C@H]2CCO)cc2nc(NC(CF)c3cccc(Cl)c3)oc12,False,,,8.366531544420413,
COc1cc(C(=O)N2CC(C)(CC(C)O)OC[C@H]2C)cc2nc(NC(CF)c3cccc(Cl)c3)oc12,False,,,10.0,
COc1cc(C(=O)N2CC(C)(CCO)OC[C@H]2C)cc2nc(NC(CF)c3cccc(Cl)c3)oc12,False,,,9.698970004336019,
COc1cc(C(=O)N2CC(C)(CCO)OC[C@H]2C)cc2nc(N[C@@H](CF)c3cccc(Cl)c3)oc12,False,,,11.0,
COc1cc(C(=O)N2CC(C)(CCO)OC[C@H]2C)cc2nc(N[C@H](CF)c3cccc(Cl)c3)oc12,False,,,6.886056647693163,
COc1cc(C(=O)N2CC(C)OCC2C2CC(O)C2)cc2nc(NC(CF)c3cccc(Cl)c3)oc12,False,,,9.327902142064282,
COc1cc(C(=O)N2CC(C)OCC2C2CC(O)C2)cc2nc(N[C@@H](CF)c3cccc(Cl)c3)oc12,False,,,8.795880017344075,
COc1cc(C(=O)N2CC(C)OCC2C2CC(O)C2)cc2nc(N[C@H](CF)c3cccc(Cl)c3)oc12,False,,,8.853871964321762,
COc1cc(C(=O)N2CC(C)OCC2CCO)cc2nc(NC(CF)c3cccc(Cl)c3)oc12,False,,,8.920818753952375,
COc1cc(C(=O)N2CC(C)OC[C@@H]2CC(=O)O)cc2nc(NC(CF)c3cccc(Cl)c3)oc12,False,,,8.356547323513812,
COc1cc(C(=O)N2CC(C)OC[C@@H]2CCO)cc2nc(N[C@@H](CF)c3cccc(Cl)c3)oc12,False,,,9.142667503568731,
COc1cc(C(=O)N2CC(C)OC[C@H]2C)cc2nc(NC(CF)c3cccc(Cl)c3)oc12,False,,,7.958607314841775,
COc1cc(C(=O)N2CC(C)OC[C@H]2C)cc2nc(N[C@@H](CF)c3cccc(Cl)c3)oc12,False,,,8.275724130399212,
COc1cc(C(=O)N2CC(C)OC[C@H]2CCO)cc2nc(N[C@H](CF)c3cccc(Cl)c3)oc12,False,,,8.698970004336019,
COc1cc(C(=O)N2CC3(CC3)NC(=O)C2C)cc2nc(NC(CF)c3cccc(Cl)c3)oc12,False,,,9.154901959985743,
COc1cc(C(=O)N2CC3(CC3)NC(=O)C2C)cc2nc(N[C@@H](CF)c3cccc(Cl)c3)oc12,False,,,7.698970004336019,
COc1cc(C(=O)N2CC3(CC3)NC(=O)C2C)cc2nc(N[C@H](CF)c3cccc(Cl)c3)oc12,False,,,9.42021640338319,
COc1cc(C(=O)N2CC3CCN3C(=O)C2C)cc2nc(NC(CF)c3cccc(Cl)c3)oc12,False,,,8.769551078621726,
COc1cc(C(=O)N2CCC(O)C(C)C2)cc2nc(NC(CF)c3cccc(Cl)c3)oc12,False,,,8.494850021680094,
COc1cc(C(=O)N2CCC(O)C(C)C2)cc2nc(N[C@@H](CF)c3cccc(Cl)c3)oc12,False,,,8.619788758288394,
COc1cc(C(=O)N2CCC(O)C(C)C2)cc2nc(N[C@H](CF)c3cccc(Cl)c3)oc12,False,,,7.508638306165727,
COc1cc(C(=O)N2C[C@@H](C)OC[C@@H]2C2CC(O)C2)cc2nc(NC(CF)c3cccc(Cl)c3)oc12,False,,,9.008773924307505,
COc1cc(C(=O)N2C[C@@H](C)OC[C@H]2C2CC(O)C2)cc2nc(NC(CF)c3cccc(Cl)c3)oc12,False,,,8.853871964321762,
COc1cc(C(=O)N2C[C@@H](n3cc(C4CC4)nn3)C[C@H]2C(=O)NCC(c2ccccc2)c2ccccc2)ccc1CN,False,,4.508638306165727,4.568636235841013,
COc1cc(C(=O)N2C[C@@H](n3cc(C4CC4)nn3)C[C@H]2C(=O)N[C@H]2CCCC[C@@H]2c2ccccc2)ccc1CN,False,,4.142667503568732,4.267606240177032,
COc1cc(C(=O)N2C[C@H](C)OC[C@@H]2C2CC(O)C2)cc2nc(NC(CF)c3cccc(Cl)c3)oc12,False,,,9.431798275933005,
COc1cc(C(=O)N2C[C@H](C)OC[C@H]2C2CC(O)C2)cc2nc(NC(CF)c3cccc(Cl)c3)oc12,False,,,9.522878745280337,
COc1cc(C(=O)Nc2cc(C(N)=O)ccc2NC(=O)c2ccc(-n3ccccc3=O)cc2)cc(OC)c1OC,False,,7.543633966870957,,
COc1cc(C(=O)Nc2ccc(Cl)cc2C(=O)Nc2ccc(Cl)cn2)ccc1C(=N)N(C)C,False,,8.154901959985743,,
COc1cc(C(=O)Nc2nc(-c3cccs3)cs2)cc(OC)c1OC,False,,,5.578450363333615,
COc1cc(C(=O)O)cc(NC(=O)c2nc3c(s2)CN(C(C)C)CC3)c1CCC(=O)Nc1ccc(Cl)cc1,False,,9.267606240177031,,
COc1cc(C(=O)O/N=C2/C=C(C)C(=O)C=C2C)cc(OC)c1OC,False,5.323412462611641,,,
COc1cc(C(=O)O/N=C2\C=CC(=O)C(C)=C2)cc(OC)c1OC,False,6.205567725073526,,,
COc1cc(C(=O)O/N=C2\C=CC(=O)C=C2C)cc(OC)c1OC,False,4.9866503572355265,,,
COc1cc(C(=O)ON=C2C=C(C)C(=O)C(C)=C2)cc(OC)c1OC,False,6.273386879555073,,,
COc1cc(C(=O)n2ccc(C)n2)cc(OC)c1OC,False,,,5.318758762624412,
COc1cc(C(=O)n2nc(C)cc2C)ccc1O,False,4.928371650568176,,,
COc1cc(C(N)=O)cc(Cl)c1OC,False,4.301029995663981,,,
COc1cc(C(O)C(=O)N2CCC[C@H]2C(=O)NCC2CCC(N)CC2)ccc1O,False,,,7.958607314841775,
COc1cc(C)c(S(=O)(=O)NC[C@@H](O)[C@@H](N)Cc2ccccc2)c(C)c1C,False,,,4.920818753952375,
COc1cc(C)c(S(=O)(=O)NC[C@@H](O)[C@H](Cc2ccccc2)NCc2cc(Cl)ccc2-n2cnnn2)c(C)c1C,False,,,8.853871964321762,
COc1cc(C)c(S(=O)(=O)NC[C@@H](O)[C@H](Cc2ccccc2)NCc2cccc(Cl)c2)c(C)c1C,False,,,6.657577319177793,
COc1cc(C)c(S(=O)(=O)NCc2cccs2)cc1C,False,4.301029995663981,,,
COc1cc(C)c(S(=O)(=O)N[C@@H](CC(=O)OC(C)(C)C)C(=O)NC(Cc2ccc3c(N)nccc3c2)C(=O)N2CCCCC2)c(C)c1C,False,,,7.09154808031217,
COc1cc(C)ccc1S(=O)(=O)NN1CCC(C)=C(CC(=O)NCc2ccc(C(=N)N)cc2)C1=O,False,,,7.356547323513812,
COc1cc(C)ccc1S(=O)(=O)Nn1ccc(C)c(CC(=O)NCc2ccc(C(=N)N)cc2)c1=O,False,,,5.928117992693875,
COc1cc(C)ccc1S(=O)(=O)Nn1ccc(C)c(CC(=O)NCc2ccc(C(=N)N)cc2)c1=O.Cl,False,,,5.928117992693875,
COc1cc(C2Oc3cc([C@H]4Oc5cc(O)cc(O)c5C(=O)[C@@H]4O)ccc3OC2CO)ccc1O,False,,,4.640956852608454,
COc1cc(C=C(C(C)=O)C(C)=O)ccc1O,False,4.301029995663981,,,
COc1cc(CC#N)ccc1OC(=O)N1CCN(C(=O)[C@@H](CC2CCCCC2)NC2CCCCC2)[C@H](C(=O)NCc2cccs2)C1,False,7.889410289700751,,,
COc1cc(CC(=O)N2CCC[C@H]2C(=O)NCC2CCC(N)CC2)cc(OC)c1OC,False,,,7.301029995663981,
COc1cc(CCC(=O)Nc2cccc(C(F)(F)F)c2)cc(OC)c1OC,False,,,4.301029995663981,
COc1cc(CN)ccc1OC(=O)N1CCN(C(=O)[C@@H](CC2CCCCC2)NC2CCCCC2)[C@H](C(=O)NCc2cccs2)C1,False,7.61261017366127,,,
COc1cc(CNC(=O)[C@@H]2CCCN2C(=O)C(N)C(c2ccccc2)c2ccccc2)cc(OC)c1,False,,,7.301029995663981,
COc1cc(CNC(=O)[C@@H]2CN(C(=O)Oc3ccc4ccccc4c3Cl)CCN2C(=O)[C@@H](CC2CCCCC2)NC2CCC(N)CC2)ccc1CN,False,7.777283528852417,,,
COc1cc(CNC(=O)[C@@H]2CN(C(=O)Oc3ccc4ccccc4c3Cl)CCN2C(=O)[C@@H](CC2CCCCC2)NC2CCCCC2)ccc1CN,False,8.568636235841012,,,
COc1cc(CNC(=O)[C@@H]2CN(C(=O)Oc3ccc4ccccc4c3Cl)CCN2C(=O)[C@@H](CCCCN(C)C)N(C)C2CCC3(CC2)CCN(Cc2ccccc2)C3)ccc1CN,False,9.0,,,
COc1cc(CNC(=O)[C@@H]2CN(C(=O)Oc3ccc4ccccc4c3Cl)CCN2C(=O)[C@@H](CCCCN(C)C)NC2CCC(CN)CC2)ccc1CN,False,8.537602002101044,,,
COc1cc(CNC(=O)[C@@H]2CN(C(=O)Oc3ccc4ccccc4c3Cl)CCN2C(=O)[C@@H](CCCCNS(C)(=O)=O)NC2CCC(CN)CC2)ccc1CN,False,7.539102157243452,,,
COc1cc(CNC(=O)[C@@H]2CN(C(=O)Oc3ccc4ccccc4c3Cl)CCN2C(=O)[C@@H](CCCCNS(C)(=O)=O)NC2CCC3(CC2)CCN(Cc2ccccc2)C3)ccc1CN,False,8.431798275933005,,,
COc1cc(CNC(=O)[C@@H]2CN(C(=O)Oc3ccc4ccccc4c3Cl)CCN2C(=O)[C@H](N)CCCCN(C)C)ccc1CN,False,8.769551078621726,,,
COc1cc(CNC(=O)[C@@H]2CN(C(=O)Oc3ccc4ccccc4c3Cl)CCN2C(=O)[C@H](N)CCCCNS(C)(=O)=O)ccc1CN,False,7.546681659952962,,,
COc1cc(CNC(=O)[C@@H]2CN(C(=O)Oc3cccc(CN)c3)CCN2C(=O)[C@@H](CCCCNS(C)(=O)=O)NC2CCC3(CC2)CCN(Cc2ccccc2)C3)ccc1CN,False,8.387216143280265,,,
COc1cc(CNC(=O)[C@@H]2CN(C(=O)Oc3cccc4ccccc34)CCN2C(=O)[C@@H](CC2CCCCC2)NC2CCC3(CC2)CCN(Cc2ccccc2)C3)ccc1CN,False,8.4089353929735,,,
COc1cc(CNC(=O)[C@@H]2CN(C(=O)Oc3cccc4ccccc34)CCN2C(=O)[C@@H](CC2CCCCC2)NC2CCCCC2)ccc1CN,False,8.795880017344075,,,
COc1cc(CNC(=O)[C@@H]2CN(C(=O)Oc3cccc4ccccc34)CCN2C(=O)[C@H](N)CC2CCCCC2)ccc1CN,False,7.806875401645538,,,
COc1cc(CNC(=O)[C@@H]2CN(C(=O)Oc3ccccc3Cl)CCN2C(=O)[C@@H](CCCCNS(C)(=O)=O)NC2CCC3(CC2)CCN(Cc2ccccc2)C3)ccc1CN,False,8.080921907623926,,,
COc1cc(CNC(=O)[C@@H]2CN(C3=NC(C)(C)[C@H](c4ccccc4)O3)CCN2C(=O)[C@@H](CCCCN(C)C)N(C)C)ccc1C(N)=O,False,7.906578314837765,,,
COc1cc(CNC(=O)[C@@H]2CN(C3=NC(C)(C)[C@H](c4ccccc4)O3)CCN2C(=O)[C@@H](CCCCN(C)C)N(C)C)ccc1CN,False,8.130768280269024,,,
COc1cc(CNC(=O)[C@@H]2CN(C3=N[C@@H](C)[C@H](c4ccccc4)O3)CCN2C(=O)[C@@H](CCCCN2CCCCC2)NC(C)C)ccc1CN,False,8.09151498112135,,,
COc1cc(CNC(=O)[C@@H]2CN(C3=N[C@@H](C)[C@H](c4ccccc4)O3)CCN2C(=O)[C@@H](CCCCN2CCCCC2)NC2CCC(CN)CC2)ccc1C(N)=O,False,7.386158178123931,,,
COc1cc(COCC(O)CN2CCOCC2)cc(OC)c1OC.Cl,False,4.301029995663981,,,
COc1cc(Cl)c(C)cc1NC(=O)CSC,False,4.301029995663981,,,
COc1cc(Cl)cc(C(=O)Nc2ccc(Cl)cn2)c1NC(=O)c1ccc(C(=N)N(C)C)cc1,False,,9.221848749616356,,
COc1cc(Cl)cc(C(=O)Nc2ccc(Cl)cn2)c1NC(=O)c1ccc(S(C)(=O)=NC(=O)CN2CCCC2)cc1,False,,8.193820026016112,,
COc1cc(Cl)ccc1S(=O)(=O)Nn1ccc(C)c(CC(=O)NCc2ccc(C(=N)N)cc2)c1=O.Cl,False,,,6.512861624522813,
COc1cc(N/C(=N\C#N)N[C@H]2CCCCN(CC(=O)N3CCCC3)C2=O)cc2cc(C)oc12,False,,4.829210409553609,,
COc1cc(NC(=O)C2CC=CCC2C(=O)O)c(OC)cc1Cl,False,4.301029995663981,,,
COc1cc(NC(=O)COc2cccc(OC)c2)cc(OC)c1,False,4.301029995663981,,,
COc1cc(NC(=O)c2cc3nc(C4CC4)cc(C(F)(F)F)n3n2)c(OC)cc1Cl,False,4.301029995663981,,,
COc1cc(NC(=O)c2ccc3cc(C(=N)N)ccc3c2)cc(OC)c1,False,,,4.207608310501746,
COc1cc(O)c(C(CCc2ccc(O)cc2OC)c2ccc(O)cc2)cc1CCC(=O)c1ccc(O)cc1,False,,,4.580044251510242,
COc1cc(O)c(Cl)cc1/C=C/C(=O)c1ccc(O)c([N+](=O)[O-])c1,False,,,4.0,
COc1cc(O)ccc1CCC(c1ccc(O)cc1)c1c(/C=C/c2ccc(O)cc2)cc(O)cc1OC,False,,,4.573488738635425,
COc1cc(O)ccc1CCC(c1ccc(O)cc1)c1c(O)cc(O)cc1/C=C/c1ccc(O)cc1,False,,,4.384049948343599,
COc1cc(O)ccc1CCC(c1ccc(O)cc1)c1cc2c(c(C)c1O)O[C@@H](c1ccc(O)cc1)CC2,False,,,4.667561540084395,
COc1cc(OC)c(C(CCc2ccc(O)cc2OC)c2ccc(O)cc2)cc1CCC(=O)c1ccc(O)cc1,False,,,4.910094888560602,
COc1cc(OC)c2c(N)c(C#N)c(C(F)(F)C(F)(F)F)nc2c1,False,4.301029995663981,,,
COc1cc(OC)cc(-c2nnc(SCc3cccc(C(=O)O)c3)o2)c1,False,4.301029995663981,,,
COc1cc(OC)cc(-n2nnnc2SCC(=O)Nc2ccc(C(C)=O)cc2)c1,False,,,4.301029995663981,
COc1cc(OC)cc(C(=O)/N=C(\Nc2cccc(C)c2)N[C@H]2CCCCN(CC(=O)N3CCCC3)C2=O)c1,False,,5.935916564036404,,
COc1cc(OC)cc(C(=O)N2CCN(Cc3ccccc3C(F)(F)F)CC2)c1,False,4.301029995663981,,,
COc1cc(OC)cc(C(=O)NNC(=O)c2ccccc2Br)c1,False,,,4.301029995663981,
COc1cc(OC)cc(C(=O)n2cnnc2N)c1,False,6.425216606824224,,7.0,
COc1cc(OC)cc(C(=O)n2nc(C)cc2C)c1,False,5.103005570130861,,,
COc1cc(OC)cc(C(=O)n2nnc3ccccc32)c1,False,4.5951662833800615,,,
COc1cc(OCc2cn(-c3ccccc3)nn2)c2cc(-c3cn4nc(OC)sc4n3)oc2c1,False,,,5.522878745280337,
COc1cc(OCc2cnnn2-c2ccccc2)c2cc(-c3cn4nc(OC)sc4n3)oc2c1,False,,,5.568636235841013,
COc1cc(OCc2csc(-c3cc(C)on3)n2)c2cc(-c3cn4nc(OC)sc4n3)oc2c1,False,,,7.42021640338319,
COc1cc(OCc2csc(-c3ccc(C(=O)N(C)C)cc3)n2)c2cc(-c3cn4nc(OC)sc4n3)oc2c1,False,,,8.67778070526608,
COc1cc(OCc2csc(-c3ccc(C(=O)N(C)CC#N)cc3)n2)c2cc(-c3cn4nc(OC)sc4n3)oc2c1,False,,,9.0,
COc1cc(OCc2csc(-c3ccc(C(=O)N(C)CCC#N)cc3)n2)c2cc(-c3cn4nc(OC)sc4n3)oc2c1,False,,,8.698970004336019,
COc1cc(OCc2csc(-c3ccc(C(=O)N4CCCC4)cc3)n2)c2cc(-c3cn4nc(OC)sc4n3)oc2c1,False,,,8.721246399047171,
COc1cc(OCc2csc(-c3ccc(C(=O)NCC(F)(F)F)cc3)n2)c2cc(-c3cn4nc(OC)sc4n3)oc2c1,False,,,8.698970004336019,
COc1cc(OCc2csc(-c3ccc(C)nc3)n2)c2cc(-c3cn4nc(OC)sc4n3)oc2c1,False,,,9.017728766960431,
COc1cc(OCc2csc(-c3ccc(Cl)cc3)n2)c2cc(-c3cn4nc(C)ccc4n3)oc2c1,False,,,7.638272163982407,
COc1cc(OCc2csc(-c3ccc(Cl)nc3)n2)c2cc(-c3cn4nc(OC)sc4n3)oc2c1,False,,,9.0268721464003,
COc1cc(OCc2csc(-c3ccc(F)nc3)n2)c2cc(-c3cn4nc(OC)sc4n3)oc2c1,False,,,8.721246399047171,
COc1cc(OCc2csc(-c3ccc(S(C)(=O)=O)cc3)n2)c2cc(-c3cn4nc(OC)sc4n3)oc2c1,False,,,8.795880017344075,
COc1cc(OCc2csc(-c3ccc4c(c3)OCO4)n2)c2cc(-c3cn4nc(C)ccc4n3)oc2c1,False,,,7.6020599913279625,
COc1cc(OCc2csc(-c3ccccc3)n2)c2cc(-c3cn4nc(OC)sc4n3)oc2c1,False,,,8.327902142064282,
COc1cc(OCc2csc(-c3ccccc3)n2)c2cc(-c3cn4nc([C@H](C)F)sc4n3)oc2c1,False,,,7.552841968657781,
COc1cc(OCc2csc(-c3ccccc3)n2)c2nc(-c3cn4nc(SC)sc4n3)oc2c1,False,,,6.806875401645538,
COc1cc(OCc2csc(-c3ccnc(F)c3)n2)c2cc(-c3cn4nc(OC)sc4n3)oc2c1,False,,,8.657577319177793,
COc1cc(OCc2csc(-c3ccncc3)n2)c2cc(-c3cn4nc(OC)sc4n3)oc2c1,False,,,8.66674100972256,
COc1cc(OCc2csc(Br)n2)c2cc(-c3cn4nc(C)ccc4n3)oc2c1,False,,,5.623058242853241,
COc1cc(OCc2csc(C(F)(F)F)n2)c2cc(-c3cn4nc(OC)sc4n3)oc2c1,False,,,7.309803919971486,
COc1cc(OCc2csc(C(O)(c3ccc(Cl)cc3)C(F)(F)F)n2)c2cc(-c3cn4nc(OC)sc4n3)oc2c1,False,,,7.5376020021010435,
COc1cc(OCc2csc(C(O)(c3ccccc3)C(F)(F)F)n2)c2cc(-c3cn4nc(OC)sc4n3)oc2c1,False,,,7.638272163982407,
COc1cc(OCc2csc(C3(O)CC(C)OC(C)C3)n2)c2cc(-c3cn4nc(OC)sc4n3)oc2c1,False,,,7.568636235841013,
COc1cc(OCc2csc(C3(O)CCC(C(=O)N(C)CC#N)CC3)n2)c2cc(-c3cn4nc(OC)sc4n3)oc2c1,False,,,7.552841968657781,
COc1cc(OCc2csc(C3(O)CCC(C(=O)N4CCCC4)CC3)n2)c2cc(-c3cn4nc(OC)sc4n3)oc2c1,False,,,7.585026652029182,
COc1cc(OCc2csc(C3(O)CCC4(CC3)OCCO4)n2)c2cc(-c3cn4nc(OC)sc4n3)oc2c1,False,,,8.721246399047171,
COc1cc(OCc2csc(C3(O)CCOCC3)n2)c2cc(-c3cn4nc(OC)sc4n3)oc2c1,False,,,7.6020599913279625,
COc1cc(OCc2csc(C3(c4ccc(C(=O)N(C)C)cc4)CCOCC3)n2)c2cc(-c3cn4nc(OC)sc4n3)oc2c1,False,,,7.568636235841013,
COc1cc(OCc2csc(C3CCC(F)(F)CC3)n2)c2cc(-c3cn4nc(OC)sc4n3)oc2c1,False,,,7.552841968657781,
COc1cc(OCc2csc(N(C)C)n2)c2cc(-c3cn4nc(C)ccc4n3)oc2c1,False,,,5.522878745280337,
COc1cc(OCc2csc(N(C)CCO)n2)c2cc(-c3cn4nc(C)ccc4n3)oc2c1,False,,,5.522878745280337,
COc1cc(OCc2csc(N3CCC(N4CCOCC4)CC3)n2)c2cc(-c3cn4nc(C)ccc4n3)oc2c1,False,,,5.522878745280337,
COc1cc(OCc2csc(N3CCC3)n2)c2cc(-c3cn4nc(C)ccc4n3)oc2c1,False,,,5.522878745280337,
COc1cc(OCc2csc(N3CCC4(CC3)OCCO4)n2)c2cc(-c3cn4nc(OC)sc4n3)oc2c1,False,,,7.619788758288394,
COc1cc(OCc2csc(N3CCCOCC3)n2)c2cc(-c3cn4nc(OC)sc4n3)oc2c1,False,,,7.638272163982407,
COc1cc(OCc2csc(N3CCC[C@@H]3C)n2)c2cc(-c3cn4nc(C)ccc4n3)oc2c1,False,,,5.522878745280337,
COc1cc(OCc2csc(N3CCC[C@H]3C)n2)c2cc(-c3cn4nc(C)ccc4n3)oc2c1,False,,,5.579714115058082,
COc1cc(OCc2csc(N3CCN(C)C(C)C3)n2)c2cc(-c3cn4nc(C)ccc4n3)oc2c1,False,,,5.522878745280337,
COc1cc(OCc2csc(N3CCN(CCO)CC3)n2)c2cc(-c3cn4nc(C)ccc4n3)oc2c1,False,,,5.522878745280337,
COc1cc(OCc2csc(N3CCN(c4ccc(C)cn4)CC3)n2)c2cc(-c3cn4nc(C)ccc4n3)oc2c1,False,,,5.6311554931741785,
COc1cc(OCc2csc(N3CCN(c4cccc(Cl)c4)CC3)n2)c2cc(-c3cn4nc(C)ccc4n3)oc2c1,False,,,5.6272720591144045,
COc1cc(OCc2csc(NCC3CCCO3)n2)c2cc(-c3cn4nc(C)ccc4n3)oc2c1,False,,,5.522878745280337,
COc1cc(OCc2csc(NCCCN3CCCC3=O)n2)c2cc(-c3cn4nc(C)ccc4n3)oc2c1,False,,,5.522878745280337,
COc1cc(OCc2csc(NCCN3CCOCC3)n2)c2cc(-c3cn4nc(C)ccc4n3)oc2c1,False,,,5.522878745280337,
COc1cc(OCc2csc(NCc3cccnc3)n2)c2cc(-c3cn4nc(C)ccc4n3)oc2c1,False,,,5.504178246614094,
COc1cc(OCc2csc(Nc3cc(C)cc(C)n3)n2)c2cc(-c3cn4nc(C)ccc4n3)oc2c1,False,,,5.522878745280337,
COc1cc(OCc2csc(Nc3cc(C)ccc3F)n2)c2cc(-c3cn4nc(C)ccc4n3)oc2c1,False,,,5.522878745280337,
COc1cc(OCc2csc(Nc3cc(F)ccc3F)n2)c2cc(-c3cn4nc(C)ccc4n3)oc2c1,False,,,5.522878745280337,
COc1cc(OCc2csc(Nc3ccc(F)c(C)n3)n2)c2cc(-c3cn4nc(C)ccc4n3)oc2c1,False,,,5.522878745280337,
COc1cc(OCc2csc(Nc3ccc4[nH]ccc4c3)n2)c2cc(-c3cn4nc(C)ccc4n3)oc2c1,False,,,5.522878745280337,
COc1cc(OCc2csc(Nc3ccc4scnc4c3)n2)c2cc(-c3cn4nc(C)ccc4n3)oc2c1,False,,,5.522878745280337,
COc1cc(OCc2cscn2)c2cc(-c3cn4nc(OC)sc4n3)oc2c1,False,,,5.633763876281707,
COc1cc(OCc2nc(-c3ccc(C(=O)N(C)CC#N)cc3)sc2C)c2cc(-c3cn4nc(OC)sc4n3)oc2c1,False,,,8.920818753952375,
COc1cc(OCc2nc(-c3cccc(CO)c3)sc2C)c2cc(-c3cn4nc(OC)sc4n3)oc2c1,False,,,8.721246399047171,
COc1cc(OCc2nc(C3(F)CCOCC3)sc2C)c2cc(-c3cn4nc(OC)sc4n3)oc2c1,False,,,8.244125144327509,
COc1cc(OCc2nc(C3(O)CCOCC3)sc2C(F)(F)F)c2cc(-c3cn4nc(OC)sc4n3)oc2c1,False,,,5.522878745280337,
COc1cc(OCc2nc(N)sc2C)c2cc(-c3cn4nc(OC)sc4n3)oc2c1,False,,,5.522878745280337,
COc1cc(OCc2nc(N3CC4CCC(C3)O4)sc2C)c2cc(-c3cn4nc(OC)sc4n3)oc2c1,False,,,7.568636235841013,
COc1cc(OCc2nc(N3CCOCC3)sc2C)c2cc(-c3cn4nc(OC)sc4n3)oc2c1,False,,,8.119186407719209,
COc1cc(OCc2nnc(-c3ccccc3)s2)c2cc(-c3cn4nc(OC)sc4n3)oc2c1,False,,,5.522878745280337,
COc1cc(S(=O)(=O)N2CCOCC2)ccc1NC(=O)COC(=O)COc1ccccc1,False,,,5.440629694766242,
COc1cc(S(=O)(=O)N2CCOCC2)ccc1NC(=O)COC(=O)c1ccccn1,False,,,6.26343618712755,
COc1cc2c(N)nccc2cc1C[C@H](C(=O)O)N1CC[C@H](NS(=O)(=O)c2ccc(N(C)C)nc2)C1=O,False,,8.698970004336019,,
COc1cc2c(N)nccc2cc1C[C@H](C(=O)O)N1CC[C@H](NS(=O)(=O)c2cnc(N(C)C)c(C)c2)C1=O,False,,7.136677139879544,,
COc1cc2c(N)nccc2cc1C[C@H](C(=O)O)N1CC[C@H](NS(=O)(=O)c2cnc(N(C)C)c(Cl)c2)C1=O,False,,7.0,,
COc1cc2c(N)nccc2cc1C[C@H](C(=O)O)N1CC[C@H](NS(=O)(=O)c2cnc(N(C)C)s2)C1=O,False,,5.698970004336019,,
COc1cc2c(N)nccc2cc1C[C@H](C(=O)O)N1CC[C@H](NS(=O)(=O)c2cnc(N3CCC(F)(F)C3)s2)C1=O,False,,7.769551078621726,,
COc1cc2c(N)nccc2cc1C[C@H](C(=O)O)N1CC[C@H](NS(=O)(=O)c2cnc(N3CCCC3)s2)C1=O,False,,8.397940008672037,,
COc1cc2c(N)nccc2cc1C[C@H](C(=O)O)N1CC[C@H](NS(=O)(=O)c2cnc(N3CC[C@@H](F)C3)s2)C1=O,False,,8.096910013008056,,
COc1cc2c(N)nccc2cc1C[C@H](C(=O)OC(C)C)N1CC[C@H](NS(=O)(=O)c2cnc(N(C)C)s2)C1=O,False,,7.6777807052660805,,
COc1cc2c(N)nccc2cc1C[C@H](C(=O)OC(C)C)N1CC[C@H](NS(=O)(=O)c2cnc(N3CCC(F)(F)C3)s2)C1=O,False,,6.200659450546418,,
COc1cc2c(N)nccc2cc1C[C@H](C(=O)OC1CCCC1)N1CC[C@H](NS(=O)(=O)c2cnc(N(C)C)s2)C1=O,False,,7.366531544420414,,
COc1cc2c(N)nccc2cc1C[C@H](C(=O)OCC(C)C)N1CC[C@H](NS(=O)(=O)c2cnc(N(C)C)s2)C1=O,False,,7.0,,
COc1cc2c(N)nccc2cc1C[C@H](C(=O)OCC1CC1)N1CC[C@H](NS(=O)(=O)c2cnc(N(C)C)s2)C1=O,False,,7.5376020021010435,,
COc1cc2c(N)nccc2cc1C[C@H](C(=O)OCC1CC1)N1CC[C@H](NS(=O)(=O)c2cnc(N3CCC(F)(F)C3)s2)C1=O,False,,6.0,,
COc1cc2c(N)nccc2cc1C[C@H](C(=O)OCC1CC1)N1CC[C@H](NS(=O)(=O)c2cnc(N3CCCC3)s2)C1=O,False,,6.920818753952375,,
COc1cc2c(N)nccc2cc1C[C@H](C(=O)OCC1CCC1)N1CC[C@H](NS(=O)(=O)c2cnc(N(C)C)s2)C1=O,False,,7.0655015487564325,,
COc1cc2c(cc1OC)CC(NC(=O)[C@H](NCC(=O)O)C(C)C)(C(=O)NCc1ccc(C(=N)N)cc1)C2,False,,,4.481486060122112,
COc1cc2c(cc1OC)CN(C(=O)Cc1ccc(Cl)cc1)[C@H](C(=O)N(C)c1ccc(N3CCCCC3=O)cc1)C2,False,,5.107905397309519,,
COc1cc2ccc(S(=O)(=O)NC(Cc3cc4c(N)nccc4s3)C(=O)N3CCC(C)CC3)cc2cc1OC,False,,,5.301029995663981,
COc1cc2ccccc2cc1C(=O)NC(=S)Nc1cc(C(=O)O)ccc1C,False,4.301029995663981,,,
COc1cc2nc(COc3ccccc3[N+](=O)[O-])oc(=O)c2cc1OC,False,5.428270210786328,,,
COc1cc2oc(C)c(C(=O)N3CCCCC3)c2cc1OS(=O)(=O)[O-].[Na+],False,,,2.6989700043360187,
COc1cc2oc(C)c(C(=O)N3CCOCC3)c2cc1OCc1oc2cc(OC)c(OS(=O)(=O)[O-])cc2c1C(=O)N1CCOCC1.[Na+],False,,,2.1487416512809245,
COc1cc2oc(C)c(C(=O)N3CCOCC3)c2cc1OS(=O)(=O)[O-].[Na+],False,,,2.6989700043360187,
COc1cc2oc(C)c(C(=O)O)c2cc1OCc1oc2cc(OC)c(OS(=O)(=O)[O-])cc2c1C(=O)O.[Na+],False,,,3.4285641983720936,
COc1cc2oc(C)c(C(=O)O)c2cc1OS(=O)(=O)O,False,,2.6989700043360187,,
COc1cc2oc(C)c(C(=O)OC(C)(C)C)c2cc1OCc1oc2cc(OC)c(OS(=O)(=O)[O-])cc2c1C(=O)OC(C)(C)C.[Na+],False,,,5.138338557972385,
COc1cc2oc(C)c(C(=O)OC(C)(C)C)c2cc1OS(=O)(=O)[O-].[Na+],False,,,2.5228787452803374,
COc1cc2oc(C)c(C(=O)OCCOS(=O)(=O)[O-])c2cc1OS(=O)(=O)[O-].[Na+].[Na+],False,,,3.3010299956639813,
COc1cc2oc(C)c(C(=O)OCc3ccccc3)c2cc1OS(=O)(=O)[O-].[Na+],False,,,3.774690718274137,
COc1cc2occ(C(=O)OC(C)(C)C)c2cc1OCc1nc2ccc(OS(=O)(=O)[O-])cc2s1.[Na+],False,,3.453457336521869,3.835647144215563,
COc1ccc(-c2[nH]ncc2-c2ccc3c(c2)OCCO3)c(O)c1,False,,,4.301029995663981,
COc1ccc(-c2c(Cl)nc(NCCc3ccccc3)c(=O)n2CC(=O)NCc2ccc(C(=N)N)cc2)cc1,False,,,5.391473966422806,
COc1ccc(-c2c[n+]3c4n2CCCCC4=C(c2ccccc2)C3)cc1.[Br-],False,,,4.301029995663981,
COc1ccc(-c2cc(-c3ccccc3)c3cc(Cl)ccc3n2)cc1,False,,,4.522878745280337,
COc1ccc(-c2cc(-c3ccccc3)c3cc([N+](=O)[O-])ccc3n2)cc1,False,,,4.522878745280337,
COc1ccc(-c2cc(-c3nnc(COC(=O)CC4CC5CCC4C5)o3)c3ccccc3n2)cc1OC,False,4.301029995663981,,,
COc1ccc(-c2cc(C(=O)c3c(N)n(C)c(=O)n(C)c3=O)c3ccccc3n2)cc1OC,False,4.301029995663981,,,
COc1ccc(-c2ccc(C(=O)NCC(C)(C)C)cc2C(=O)O)c(C(=O)Nc2ccc(C(=N)N)cc2)n1,False,,7.0,4.66354026615147,
COc1ccc(-c2ccc(C(=O)NCC(C)(C)C)cc2C(=O)O)c(C(=O)Nc2ccc3c(N)nccc3c2)n1,False,,5.769551078621726,4.481486060122112,
COc1ccc(-c2ccc(C(=O)NCC(C)(C)C)cc2C(=O)O)c(C(=O)Nc2ccc3nc(N)[nH]c3c2)n1,False,,4.481486060122112,4.481486060122112,
COc1ccc(-c2ccc(C(=O)NCC(C)C)cc2C(=O)O)c(C(=O)Nc2ccc(C(=N)N)cc2)c1,False,,8.178486471595226,7.827689031478045,
COc1ccc(-c2ccc(C(=O)N[C@H](CO)C(C)(C)C)cc2C(=O)O)c(C(=O)Nc2ccc(C(=N)N)cc2)n1,False,,7.455931955649724,4.619788758288394,
COc1ccc(-c2ccc(C(=O)N[C@H](CO)C(C)(C)C)cc2C(=O)O)c(C(=O)Nc2ccc3c(N)nccc3c2)n1,False,,6.568636235841013,4.481486060122112,
COc1ccc(-c2ccc(C(=O)N[C@H](CO)C(C)(C)C)cc2C(=O)O)c(C(=O)Nc2ccc3nc(N)[nH]c3c2)n1,False,,4.481486060122112,4.481486060122112,
COc1ccc(-c2ccc(C(=O)N[C@H](CO)C(C)(C)C)cc2C(=O)O)c(C(=O)Nc2cccc(C(N)=O)c2)n1,False,,4.481486060122112,4.481486060122112,
COc1ccc(-c2ccc(CCC(=O)O)n2-c2ccccc2O)cc1,False,,,4.980155785744515,
COc1ccc(-c2nc(COc3cc(OC)cc4oc(-c5cn6nc(OC)sc6n5)cc34)cs2)cc1,False,,,8.443697499232712,
COc1ccc(-c2nc(N)n(C(=O)Cc3ccccc3)n2)cc1,False,5.6882991049156395,,,
COc1ccc(-c2nc(N)n(C(=O)c3ccc(C)cc3)n2)cc1,False,5.050690028027083,,,
COc1ccc(-c2nc(N)n(C(=O)c3ccccc3)n2)cc1,False,7.356942316248547,,,
COc1ccc(-c2nc(N)n(C(=O)c3ccccc3Cl)n2)cc1,False,5.091169291651272,,,
COc1ccc(-c2nc(SC)n(C(=O)c3ccco3)n2)cc1,False,,,5.941266585637299,
COc1ccc(-c2nn(-c3ccccc3)cc2C(=O)n2nnc3ccccc32)cc1,False,4.301029995663981,,,
COc1ccc(-c2nn(C)c(=O)c3ccccc23)cc1CNC(=O)C1CCCCC1,False,,,4.301029995663981,
COc1ccc(-c2nn3cnnc3s2)cc1OC,False,,,4.301029995663981,
COc1ccc(-c2nnc(SCC(=O)Nc3cc(C)on3)n2N)cc1OC,False,4.301029995663981,,,
COc1ccc(-c2noc3ncn(-c4ccc(C(=O)Nc5ccccn5)cc4)c(=O)c23)cc1,False,,7.7447274948966935,4.698970004336019,
COc1ccc(-n2c(Cc3cccs3)nnc2SCC(=O)Nc2ccc3c(c2)OCCO3)cc1,False,4.301029995663981,,,
COc1ccc(-n2cc(C#N)c3ncn(-c4ccc(N5CCC[C@H]5C(N)=O)cc4)c(=O)c32)cc1,False,,8.43297363384094,,
COc1ccc(-n2cc(C(N)=O)c3ncn(-c4ccc(N5CCOCC5=O)cc4)c(=O)c32)cc1,False,,8.804100347590767,,
COc1ccc(-n2cnnn2)c(CNC(=O)c2cn(Cc3ccc(N4CCCC4)nc3)nc2C(F)(F)F)c1F,False,4.3979400086720375,,,
COc1ccc(-n2nc(-c3n[nH]c(C(C)(C)C)n3)c3c2C(=O)N(c2ccc(N4CCCCC4=O)cc2)CC3)cc1,False,,6.070581074285707,,
COc1ccc(-n2nc(-c3nc[nH]n3)c3c2C(=O)N(c2ccc(N4CCCCC4=O)cc2)CC3)cc1,False,,6.823908740944319,,
COc1ccc(-n2nc(-c3ncn(C)n3)c3c2CCN(c2ccc(N4CCCCC4=O)cc2)C3=O)cc1,False,,5.619788758288394,,
COc1ccc(-n2nc(-n3cccc3CN3CCOCC3)c3c2C(=O)N(c2ccc(N4CCCCC4=O)cc2)CC3)cc1,False,,5.619788758288394,,
COc1ccc(-n2nc(-n3cnnc3CN3CCOCC3)c3c2C(=O)N(c2ccc(N4CCCCC4=O)cc2)CC3)cc1,False,,6.853871964321762,,
COc1ccc(-n2nc(C(=O)O)c(=O)n(Cc3cccc(C(F)(F)F)c3)c2=O)cc1OC,False,,,4.301029995663981,
COc1ccc(-n2nc(C(=O)c3cccs3)cc(-c3nc4ccccc4[nH]3)c2=N)cc1,False,,,4.301029995663981,
COc1ccc(-n2nc(C(N)=O)c3c2C(=O)N(c2ccc(C4=NCCCN4)cc2)CC3)cc1,False,,6.455931955649724,,
COc1ccc(-n2nc(C(N)=O)c3c2C(=O)N(c2ccc(C4=NCCN4)cc2)CC3)cc1,False,,5.701146923590294,,
COc1ccc(-n2nc(C(N)=O)c3c2C(=O)N(c2ccc(N4CCCCC4=O)cc2)CC3)cc1,False,,7.529211597521707,,
COc1ccc(-n2nc(Cn3cc(C#N)nn3)c3c2C(=O)N(c2ccc(N4CCCCC4=O)cc2)CC3)cc1,False,,6.443697499232712,,
COc1ccc(-n2ncc3c(NCc4ccccn4)ncnc32)cc1,False,4.301029995663981,,,
COc1ccc(/C(C)=C(/F)C(=O)Nc2ccc(-c3ccccc3S(N)(=O)=O)cc2)c(C#N)c1,False,,5.2441251443275085,,
COc1ccc(/C(O)=C(C#N)/C(=N\[C@H]2CCCCN(CC(=O)N3CCCC3)C2=O)Nc2ccc3oc(C)cc3c2)cc1,False,,7.886056647693163,,
COc1ccc(/C=C(\C#N)c2n[nH]c(Cn3cncn3)n2)cc1,False,4.301029995663981,,,
COc1ccc(/C=C(\C#N)c2nc3ccc(C)cc3[nH]2)cc1,False,4.301029995663981,,,
COc1ccc(/C=C(\C#N)c2nc3ccccc3[nH]2)cc1OC,False,4.301029995663981,,,
COc1ccc(/C=C/C(=O)Oc2cc(C)nc(O)c2[N+](=O)[O-])cc1OC,False,7.305570309042917,,,
COc1ccc(/C=C2/SC(=S)N(n3c(C)ccc3C)C2=O)cc1,False,4.301029995663981,,,
COc1ccc(/C=C2\N=C(C)OC2=O)cc1[N+](=O)[O-],False,4.899629110204414,,,
COc1ccc(/C=C\C(=O)Nc2ccc(-c3ccccc3S(N)(=O)=O)cc2)cc1C(=N)N,False,,5.189095719331299,,
COc1ccc(/C=N/NC(=O)CCn2cnc3ccccc32)cc1,False,4.301029995663981,,,
COc1ccc(/C=N/NC(=O)c2sc3nc(C)cc(C)c3c2N)cc1,False,4.301029995663981,,4.301029995663981,
COc1ccc(/C=N/n2c(=O)[nH]c3c([nH]c4ccc(C)cc43)c2=O)cc1CN1CCOCC1,False,4.301029995663981,,,
COc1ccc(/C=N\NS(=O)(=O)c2ccc(Cl)cc2)cc1COc1ccccc1[N+](=O)[O-],False,,,4.301029995663981,
COc1ccc(/C=c2/sc3n(c2=O)NC2(c4ccccc4)N(C)C(=O)N(C)C2(c2ccccc2)N=3)cc1,False,4.301029995663981,,,
COc1ccc(C#N)c(CNC(=O)c2cn(Cc3ccc(Cn4ccccc4=O)cc3)nc2N(C)C)c1F,False,4.3979400086720375,,,
COc1ccc(C(=N)N)cc1/C=C\C(=O)Nc1ccc(-c2ccccc2S(N)(=O)=O)cc1,False,,6.667561540084395,,
COc1ccc(C(=O)/N=C(\Nc2cccc(C)c2)N[C@H]2CCCCN(CC(=O)N3CCCC3)C2=O)cc1,False,,6.149353764816934,,
COc1ccc(C(=O)/N=C(\Nc2cccc(C)c2)N[C@H]2CCCCN(CC(=O)N3CCCC3)C2=O)cc1OC,False,,6.3979400086720375,,
COc1ccc(C(=O)CSc2nc3ccc[nH]c-3n2)cc1OC,False,4.301029995663981,,,
COc1ccc(C(=O)N/N=C/c2cc3ccccc3nc2O)cc1,False,4.301029995663981,,,
COc1ccc(C(=O)N2CCN(S(=O)(=O)c3ccc(Cl)cc3)CC2)cc1OC,False,4.301029995663981,,,
COc1ccc(C(=O)N2CN(c3ccc(N4CCCCC4=O)cc3)C(=O)c3cc(OC)ccc32)cc1,False,,3.94692155651658,,
COc1ccc(C(=O)N2Cc3ccccc3C[C@H]2C(=O)N(C)c2ccc(N3CCCCC3=O)cc2)cc1,False,,4.721246399047171,,
COc1ccc(C(=O)NC[C@@H]2OC(=O)N3c4ccc(N5CCOCC5=O)cc4OC[C@@H]23)cc1,False,,5.320572103387881,,
COc1ccc(C(=O)Nc2c(NC(=O)c3ccc(N4CCCN(C)CC4)cc3)cccc2OC)cc1,False,,6.671620396561262,,
COc1ccc(C(=O)Nc2cc(C(N)=O)ccc2NC(=O)c2ccc(-n3ccccc3=O)cc2)cc1OC,False,,7.767003889607846,,
COc1ccc(C(=O)Nc2cc(O)ccc2NC(=O)c2ccc(N3CCCN(C)CC3)cc2)cc1,False,,6.804100347590766,,
COc1ccc(C(=O)Nc2cc(OC)ccc2NC(=O)c2ccc(N3CCCN(C)CC3)cc2)cc1,False,,6.928117992693875,,
COc1ccc(C(=O)Nc2ccc(C(=O)O)cc2NC(=O)c2ccc(N3CCCN(C)CC3)cc2)cc1,False,,7.507239610973162,,
COc1ccc(C(=O)Nc2ccc(O)cc2NC(=O)c2ccc(N3CCCN(C)CC3)cc2)cc1,False,,7.298432014944073,,
COc1ccc(C(=O)Nc2ccc(OC)cc2C(=O)Nc2ccc(N3CCCCC3=O)cc2)cc1,False,,6.543633966870957,,
COc1ccc(C(=O)Nc2ccc(OC)cc2NC(=O)c2ccc(N3CCCN(C)CC3)cc2)cc1,False,,7.13430394008393,,
COc1ccc(C(=O)Nc2ccc(OC)cc2NC(=O)c2ccc(OC)cc2)cc1,False,,5.206488994207142,,
COc1ccc(C(=O)Nc2cccc(C(=O)O)c2NC(=O)c2ccc(N3CCCN(C)CC3)cc2)cc1,False,,7.0034883278458215,,
COc1ccc(C(=O)Nc2cccc(F)c2NC(=O)c2ccc(N3CCCN(C)CC3)cc2)cc1,False,,6.809668301829708,,
COc1ccc(C(=O)Nc2cccc(O)c2NC(=O)c2ccc(N3CCCN(C)CC3)cc2)cc1,False,,7.262807357295262,,
COc1ccc(C(=O)Nc2cccc(O)c2NC(=O)c2ccc(N3CCCN(C)CC3)cc2)s1,False,,7.064996848546345,,
COc1ccc(C(=O)Nc2cccc(OC)c2NC(=O)c2ccc(N3CCCN(C)CC3)cc2)cc1,False,,7.20342566678957,,
COc1ccc(C(=O)Nc2cccc(OCC(=O)O)c2NC(=O)c2ccc(N3CCCN(C)CC3)cc2)cc1,False,,6.910094888560602,,
COc1ccc(C(=O)Nc2cccc(OCCO)c2NC(=O)c2ccc(N3CCCN(C)CC3)cc2)cc1,False,,6.97469413473523,,
COc1ccc(C(=O)Nc2cccc(O[C@@H]3O[C@H](C(=O)O)[C@@H](O)[C@H](O)[C@H]3O)c2NC(=O)c2ccc(N3CCCN(C)CC3)cc2)cc1,False,,7.543633966870957,,
COc1ccc(C(=O)Nc2ccccc2C(=O)Nc2ccc(N3CCCN(C)CC3)cc2)cc1,False,,6.268411234813261,,
COc1ccc(C(=O)Nc2ccccc2NC(=O)c2ccc(N3CCCN(C)CC3)cc2)cc1,False,,6.987162775294828,,
COc1ccc(C(=O)Nc2ccccc2NC(=O)c2ccc(OC)cc2)cc1,False,,5.374276090474244,,
COc1ccc(C(=O)Nc2nc(-c3cccs3)cs2)cc1,False,4.301029995663981,,5.944071503115838,
COc1ccc(C(=O)ON=C2C=C(C)C(=O)C(C)=C2)cc1,False,6.2411713427432955,,,
COc1ccc(C(=O)Oc2cc(C)nn3cnnc23)cc1,False,4.301029995663981,,,
COc1ccc(C(=O)c2c(C)oc3ccc(O)c(CN4CCOCC4)c23)cc1,False,4.301029995663981,,,
COc1ccc(C(=O)n2c(SC)nc3cc4c(cc32)OCCO4)cc1,False,,,6.019873860942656,
COc1ccc(C(=O)n2cnc(N)n2)cc1,False,5.563918492474626,,,
COc1ccc(C(=O)n2cnnc2N)cc1,False,5.119868671395195,,,
COc1ccc(C(=O)n2nc(-c3ccc(C)cc3)nc2N)cc1OC,False,4.301029995663981,,,
COc1ccc(C(=O)n2nc(-c3ccc(Cl)cc3)nc2N)cc1OC,False,5.327579774983245,,,
COc1ccc(C(=O)n2nc(-c3ccccc3)nc2N)cc1OC,False,5.585589929618382,,,
COc1ccc(C(=O)n2nc(-c3ccccc3)nc2SC)cc1,False,,,6.039614853039357,
COc1ccc(C(=O)n2nc(-c3ccccn3)cc2NCc2ccc(Cl)s2)c(OC)c1,False,,,8.0,
COc1ccc(C(=O)n2nc(-c3ccccn3)nc2N)cc1,False,6.536107011014093,5.301029995663981,6.482804102050026,
COc1ccc(C(=O)n2nc(-c3cccnc3)nc2N)cc1,False,6.383379482876022,,,
COc1ccc(C(=O)n2nc(-c3cccnc3)nc2N)cc1OC,False,6.374232731659513,,,
COc1ccc(C(=O)n2nc(-c3ccco3)nc2N)cc1,False,5.54545239055011,,6.081880505626004,
COc1ccc(C(=O)n2nc(-c3ccco3)nc2N)cc1OC,False,6.526905025840674,,5.6523753499668175,
COc1ccc(C(=O)n2nc(-c3ccco3)nc2SC)cc1OC,False,6.114017188645027,,6.690369832574102,
COc1ccc(C(=O)n2nc(C)cc2C)cc1OC,False,4.869506054638031,,,
COc1ccc(C(=O)n2ncc(C#N)c2N)cc1,False,6.71072328096064,,4.821981570833027,
COc1ccc(C(=O)n2nnc3ccccc32)cc1,False,5.027334407733889,,,
COc1ccc(C(=O)n2nnc3ccccc32)cc1Br,False,4.971114526143908,,,
COc1ccc(C(=O)n2nnc3ccccc32)cc1OC,False,5.347713378672706,,,
COc1ccc(C(C)C)cc1S(=O)(=O)Nc1ccncc1,False,,,4.301029995663981,
COc1ccc(C(CCc2ccc(O)cc2OC)c2c(O)cc(OC)cc2/C=C/c2ccc(O)cc2)cc1,False,,,4.7495799976911055,
COc1ccc(C(CCc2ccc(O)cc2OC)c2c(OC)cc(/C=C/c3ccc(O)cc3)cc2OC)cc1,False,,,5.022276394711152,
COc1ccc(C(CCc2ccc(O)cc2OC)c2cc(CCC(=O)c3ccc(O)cc3)c(OC)cc2O)cc1,False,,,5.036212172654444,
COc1ccc(C)cc1NC(=O)CCC(=O)Nc1ccc2nc(N3CCN(C)CC3)cc(C)c2c1,False,4.301029995663981,,,
COc1ccc(C)cc1NC(=O)CSc1nnc(COc2ccc(Cl)cc2)n1Cc1ccco1,False,4.301029995663981,,,
COc1ccc(C)cc1S(=O)(=O)N1CCC(N(Cc2ccc3ccc(C(=N)N)cc3c2)S(C)(=O)=O)CC1,False,,7.236572006437063,,
COc1ccc(C)cc1S(=O)(=O)Oc1cccc(OCCc2ccc(C(=N)N)c(O)c2)c1,False,,,6.2399999527072705,
COc1ccc(C2=NN(C(=O)CCCC(=O)O)C(c3cn(-c4ccccc4)nc3-c3ccccc3)C2)cc1,False,4.301029995663981,,,
COc1ccc(C2=NOC(C(=O)Nc3ccc(C)cc3)C2)cc1OC,False,4.301029995663981,,,
COc1ccc(C2=[N+](C)CCn3cccc32)c(OC)c1.[I-],False,4.301029995663981,,,
COc1ccc(C2C(=O)c3ccccc3C2=O)cc1OC,False,,,4.301029995663981,
COc1ccc(C2C(C(=O)Nc3ccccc3OC)=C(C)Nc3ncnn32)cc1,False,4.301029995663981,,,
COc1ccc(C2C(C(=O)O)c3ccccc3C(=O)N2C)cc1Br,False,4.301029995663981,,,
COc1ccc(C2C(C(C)=O)=C(O)C(=O)N2c2nccs2)cc1OC,False,4.301029995663981,,,
COc1ccc(C2C=C(c3ccc(Br)cc3)Nc3nc(N4C(=O)CCC4=O)nn32)cc1,False,,,4.301029995663981,
COc1ccc(C2CC(=O)C(C(c3ccc(O)cc3)C3C(=O)CC(c4ccc(OC)cc4)CC3=O)C(=O)C2)cc1,False,4.301029995663981,,,
COc1ccc(C2CC(C(F)(F)F)n3nc(C(=O)Nc4ccc5c(c4)OCO5)cc3N2)cc1,False,4.301029995663981,,,
COc1ccc(C2CC(c3ccccc3)=NN2C(=O)CN2CCN(Cc3ccccc3)CC2)cc1,False,,,4.301029995663981,
COc1ccc(C2CC23N=C(c2ccccc2)OC3=O)cc1,False,5.477878020368471,,,
COc1ccc(C2N(c3ccccc3)CCN2c2ccccc2)cc1O,False,4.301029995663981,,,
COc1ccc(C2Oc3ccccc3N(CCCCCN3C(C)CCCC3C)C2=O)cc1,False,,5.309803919971486,,
COc1ccc(C2c3c(-c4cc(Cl)c(C)cc4O)n[nH]c3C(=O)N2Cc2cccnc2)cc1OC,False,,,4.301029995663981,
COc1ccc(C2c3cc(OC)c(OC)cc3CCN2S(C)(=O)=O)cc1OC,False,4.301029995663981,,,
COc1ccc(CC(=O)N2CN(c3ccc(N4CCCCC4=O)cc3)C(=O)c3cc(OC)ccc32)c(OC)c1,False,,5.8972233851165585,,
COc1ccc(CC(=O)N2CN(c3ccc(N4CCCCC4=O)cc3)C(=O)c3cc(OC)ccc32)cc1,False,,6.052076380168273,,
COc1ccc(CC(=O)N2CN(c3ccc(N4CCOCC4=O)cc3)C(=O)c3cc(OC)ccc32)cc1,False,,6.144480844332199,,
COc1ccc(CC(=O)N2Cc3ccccc3C[C@H]2C(=O)N(C)c2ccc(N3CCCCC3=O)cc2)cc1,False,,4.468521082957745,,
COc1ccc(CC(=O)N2Cc3ccccc3C[C@H]2C(=O)N(C)c2ccc(N3CCCCC3=O)cc2)cc1OC,False,,3.6090648928966207,,
COc1ccc(CC(=O)n2nc(-c3ccccc3)nc2NCc2ccco2)cc1,False,,,5.0577751020497805,
COc1ccc(CC(=O)n2nc(-c3cccnc3)nc2N)cc1,False,6.028459757554497,,6.587421864568728,
COc1ccc(CCC(=O)N2Cc3ccccc3C[C@H]2C(=O)N(C)c2ccc(N3CCOCC3=O)cc2)c(OC)c1,False,,3.3010299956639813,,
COc1ccc(CCC(=O)N2Cc3ccccc3C[C@H]2C(=O)N(C)c2ccc(N3CCOCC3=O)cc2)cc1,False,,3.721246399047171,,
COc1ccc(CCCN2CC(=O)N(CC(=O)N[C@@H](CC3CCCN(C(=N)N)C3)C(=O)c3nccs3)[C@H](Cc3ccccc3)C2=O)cc1,False,,,6.795880017344075,
COc1ccc(CCNC(=O)C2CCC(CNS(=O)(=O)c3ccccc3)CC2)cc1OC,False,,,4.301029995663981,
COc1ccc(CCNC(=O)CCn2c(=O)c3ccccc3n(CC(=O)NCC3CCCO3)c2=O)cc1OC,False,4.301029995663981,,,
COc1ccc(CCn2c(C)cc(C(=O)CCl)c2C)cc1OC,False,4.301029995663981,,,
COc1ccc(CN(C(=O)c2snc(C(N)=O)c2N)C(C(=O)NC(C)(C)C)c2ccco2)cc1,False,4.301029995663981,,,
COc1ccc(CN(C)C(S)=Nc2ccc(Cl)cc2)cc1,False,4.301029995663981,,,
COc1ccc(CN(Cc2ccc(OC)cc2)C(=O)c2cccs2)cc1,False,4.301029995663981,,,
COc1ccc(CN2C(=O)c3ccccc3C2C(=O)NC2CCCCCC2)c(OC)c1,False,,,4.964744815224947,
COc1ccc(CN2CCN(C(=O)C3CCC(CNS(=O)(=O)c4ccccc4)CC3)CC2)c(OC)c1OC,False,4.301029995663981,,,
COc1ccc(CNC(=O)CCCNS(=O)(=O)c2ccc(C(=N)N)cc2)cc1OC.Cl,False,,,3.3010299956639813,
COc1ccc(CNS(=O)(=O)c2ccc(C(=N)N)cc2)cc1.Cl,False,,,3.3010299956639813,
COc1ccc(CNS(=O)(=O)c2ccc(C(=N)N)cc2)cc1OC.Cl,False,,,3.3010299956639813,
COc1ccc(CNS(=O)(=O)c2cccc(C(=N)N)c2)cc1OC.Cl,False,,,3.3010299956639813,
COc1ccc(CNc2nc(-c3ccccn3)nn2C(=O)C(C)(C)C)cc1,False,,5.0,8.522878745280337,
COc1ccc(CNc2nc(-c3cccnc3)nn2C(=O)C(C)C)cc1,False,,,6.776296436477464,
COc1ccc(CNc2nc(-c3cccnc3)nn2C(=O)CC(C)C)cc1,False,,,6.473609023963359,
COc1ccc(CNc2nc(-c3cccnc3)nn2C(=O)c2ccco2)cc1,False,,,5.922955664670156,
COc1ccc(CNc2nc(-c3cccnc3)nn2C(C)=O)cc1,False,,,7.598427154323554,
COc1ccc(CNc2nc(NCc3ccc(OC)cc3)n(S(C)(=O)=O)n2)cc1,False,4.301029995663981,,,
COc1ccc(C[C@@H](NC(=O)[C@@H](Cc2ccc3ccccc3c2)NC(=O)OCc2ccccc2)P(=O)(O)c2ccccc2)cc1,False,,,4.154901959985743,
COc1ccc(C[C@@H]2NC(=O)CSC[C@@H](C(N)=O)NC(=O)CNC(=O)CNC(=O)[C@H](CCCNC(=N)N)NC(=O)[C@H](CC(=O)O)NC(=O)[C@H](CCCCN)NC(=O)[C@@H]3CCCN3C(=O)[C@H](CCCNC(=N)N)NC(=O)[C@H](Cc3ccccc3)NC(=O)[C@H](CCCNC(=N)N)NC(=O)[C@H](CC(C)C)NC2=O)cc1,False,6.275724130399211,,,
COc1ccc(C[C@@H]2NC(=O)[C@H](CCCNC(=N)N)NC(=O)[C@H](CC(C)C)NC(=O)[C@H](Cc3ccc(O)cc3)NC(=O)CSC[C@@H](C(N)=O)NC(=O)CNC(=O)CNC(=O)[C@H](CCCNC(=N)N)NC(=O)[C@H](CC(=O)O)NC(=O)[C@H](CCCCN)NC(=O)[C@@H]3CCCN3C(=O)[C@H](CCCNC(=N)N)NC2=O)cc1,False,6.251811972993799,,,
COc1ccc(C[C@H](NC(=O)Nc2ccc3c(CN4CCCC4)cn(Cc4c(Cl)cccc4Cl)c3c2)C(=O)N[C@@H](CCCNC(=N)N)C(=O)NCc2ccccc2)cc1,False,,,6.045757490560675,
COc1ccc(C[C@H](NC(=O)Nc2ccc3c(CN4CCCC4)cn(Cc4ccc(F)cc4)c3c2)C(=O)N[C@@H](CCCN=C(N)N)C(=O)NCc2ccccc2)cc1,False,,,5.634512015109101,
COc1ccc(C[C@H](NC(=O)Nc2ccc3c(CN4CCCC4)cn(Cc4ccc(OC(F)(F)F)cc4)c3c2)C(=O)N[C@@H](CCCN=C(N)N)C(=O)NCc2ccccc2)cc1,False,,,4.739928612014925,
COc1ccc(C[C@H](NC(=O)Nc2ccc3c(CNC4CCCC4)cn(Cc4ccc(F)cc4)c3c2)C(=O)N[C@@H](CCCN=C(N)N)C(=O)NCc2ccccc2)cc1,False,,,4.7495799976911055,
COc1ccc(C[C@H]2C(=O)N(CCCc3ccccc3)CC(=O)N2CC(=O)N[C@@H](CC2CCCN(C(=N)N)C2)C(=O)c2nccs2)cc1,False,,,6.455931955649724,
COc1ccc(Cc2c(O)c3ccccc3oc2=O)cc1,True,,,,5.566230166075134
COc1ccc(Cl)c(CNC(=O)c2cn(Cc3ccc4nc(C)ccc4c3)nn2)c1F,False,4.3979400086720375,,,
COc1ccc(Cl)cc1N=C(S)NNC(=O)C1(C)CC1(Cl)Cl,False,4.301029995663981,,,
COc1ccc(Cl)cc1S(=O)(=O)N1CCC(N(Cc2ccc3ccc(C(=N)N)cc3c2)S(C)(=O)=O)CC1,False,,7.4089353929735005,,
COc1ccc(Cn2c(C3CC3)nc3ccc(NC(=O)C4CC4)cc3c2=O)cc1,False,4.301029995663981,,,
COc1ccc(F)c(CNC(=O)c2cn(Cc3ccc(Cn4ccccc4=O)cc3)nc2N)c1F,False,4.3979400086720375,,4.3979400086720375,
COc1ccc(N(C(=O)c2ccco2)S(=O)(=O)c2ccc(F)cc2)cc1,False,,,4.757953024534085,
COc1ccc(N(C(=O)c2ccco2)S(=O)(=O)c2cccc([N+](=O)[O-])c2)cc1,False,,,5.662337117314978,
COc1ccc(N(C(=O)c2ccco2)S(=O)(=O)c2ccccc2)cc1,False,,,5.333850015248514,
COc1ccc(N(CC(=O)Nc2ccc3c(c2)OCCO3)S(=O)(=O)c2c(C)nn(C)c2C)cc1,False,4.301029995663981,,,
COc1ccc(N(CC(=O)Nc2ccccc2SC)S(C)(=O)=O)cc1OC,False,4.301029995663981,,,
COc1ccc(N(CCC(=O)O)C(=O)c2ccc3c(c2)nc(CNc2ccc(C(=N)N)cc2F)n3C)cc1,False,,,7.78861449785351,
COc1ccc(N/C(=C\[N+](=O)[O-])N[C@H]2CCCCN(CC(=O)N3CCCC3)C2=O)cc1,False,,5.508638306165727,,
COc1ccc(N/C(=C\[N+](=O)[O-])N[C@H]2CCCCN(CC(=O)N3CCCC3)C2=O)cc1C,False,,5.468521082957745,,
COc1ccc(N/C(=N\C(=O)C2CCN(C(=O)c3ccccc3)CC2)N[C@H]2CCCCN(CC(=O)N3CCCC3)C2=O)cc1,False,,6.295849483160201,,
COc1ccc(N/C(=N\C(=O)c2cc(Cl)cc(Cl)c2)N[C@H]2CCCCN(CC(=O)N3CCCC3)C2=O)cc1,False,,6.262807357295262,,
COc1ccc(N/C(=N\C(=O)c2cc(F)cc(F)c2)N[C@H]2CCCCN(CC(=O)N3CCCC3)C2=O)cc1,False,,6.681936665037238,,
COc1ccc(N/C(=N\C(=O)c2cc(OC)cc(OC)c2)N[C@H]2CCCCN(CC(=O)N3CCCC3)C2=O)cc1,False,,6.059483515067432,,
COc1ccc(N/C(=N\C(=O)c2ccc(Cl)cc2)N[C@H]2CCCCN(CC(=O)N3CCCC3)C2=O)cc1,False,,6.531652669587842,,
COc1ccc(N/C(=N\C(=O)c2ccc(F)c(F)c2)N[C@H]2CCCCN(CC(=O)N3CCCC3)C2=O)cc1,False,,6.565431095965801,,
COc1ccc(N/C(=N\C(=O)c2ccc(F)cc2)N[C@H]2CCCCN(CC(=O)N3CCCC3)C2=O)cc1,False,,6.434152181326482,,
COc1ccc(N/C(=N\C(=O)c2ccc(N(C)C)cc2)N[C@H]2CCCCN(CC(=O)N3CCCC3)C2=O)cc1,False,,6.394694953858891,,
COc1ccc(N/C(=N\C(=O)c2ccc(OC)c(OC)c2)N[C@H]2CCCCN(CC(=O)N3CCCC3)C2=O)cc1,False,,6.306273051076353,,
COc1ccc(N/C(=N\C(=O)c2ccc(OC)cc2)N[C@H]2CCCCN(CC(=O)N3CCCC3)C2=O)cc1,False,,6.6439741428068775,,
COc1ccc(N/C(=N\C(=O)c2cccc(Cl)c2)N[C@H]2CCCCN(CC(=O)N3CCCC3)C2=O)cc1,False,,6.573488738635425,,
COc1ccc(N/C(=N\C(=O)c2cccc(F)c2)N[C@H]2CCCCN(CC(=O)N3CCCC3)C2=O)cc1,False,,6.59176003468815,,
COc1ccc(N/C(=N\C(=O)c2cccc(OC)c2)N[C@H]2CCCCN(CC(=O)N3CCCC3)C2=O)cc1,False,,6.714442690992226,,
COc1ccc(N/C(=N\C(=O)c2ccccc2)N[C@H]2CCCCN(CC(=O)N3CCCC3)C2=O)cc1,False,,6.609064892896621,,
COc1ccc(N/C(=N\C(=O)c2ccno2)N[C@H]2CCCCN(CC(=O)N3CCCC3)C2=O)cc1,False,,6.42021640338319,,
COc1ccc(N/C(=N\C(=O)c2sc(C)nc2C)N[C@H]2CCCCN(CC(=O)N3CCCC3)C2=O)cc1,False,,6.413412695328245,,
COc1ccc(N2C(=O)/C(=C/Nc3ccccc3)c3ccccc3C2=O)cc1,False,,,4.301029995663981,
COc1ccc(N2C(=O)C(Cl)=C(N3CCCC(C)C3)C2=O)cc1,False,4.301029995663981,,,
COc1ccc(N2C(=O)CC(Nc3cccc([N+](=O)[O-])c3)C2=O)cc1,False,4.301029995663981,,,
COc1ccc(N2C(=O)CSC2c2cccc(OC)c2OC)cc1,False,,,4.301029995663981,
COc1ccc(N2C(=O)[C@@H]3[C@H](C2=O)[C@H]2c4ccccc4C=CN2[C@@H]3C(=O)Nc2ccccc2)cc1,False,4.301029995663981,,,
COc1ccc(N2C(S)=NC(=Nc3ccccc3)C23CCCCC3)cc1,False,,,4.301029995663981,
COc1ccc(N2CCCn3c2nc2c3c(=O)n(Cc3ccc(C)cc3)c(=O)n2C)c(OC)c1,False,4.301029995663981,,,
COc1ccc(N2CCN(C(=O)c3c(-c4ccccc4)noc3C)CC2)cc1,False,4.301029995663981,,,
COc1ccc(N2CCN(C(CNC(=O)c3cccc(Cl)c3)c3cccnc3)CC2)cc1,False,4.301029995663981,,,
COc1ccc(N2CCN(S(=O)(=O)c3ccc(C(=O)NC4CCCC4)cc3)CC2)cc1,False,4.301029995663981,,,
COc1ccc(NC(=NC(C)=O)Nc2nc(C)cc(C)n2)cc1OC,False,,,5.530126460614295,
COc1ccc(NC(=O)C(=O)Nc2ccc(Cl)cc2)c(C(=O)Nc2ccc(N3CCOCC3=O)cc2)c1,False,,6.3448615651886175,,
COc1ccc(NC(=O)C(=O)Nc2ccc(Cl)cn2)c(C(=O)Nc2ccc(N3CCOCC3=O)cc2)c1,False,,6.525783735923745,,
COc1ccc(NC(=O)C(=O)Nc2ccc(F)cc2)c(C(=O)Nc2ccc(N3CCOCC3=O)cc2)c1,False,,6.168770306132936,,
COc1ccc(NC(=O)C(=O)Nc2ccc(OC)cc2C(=O)Nc2ccc(N3CCOCC3=O)cc2)cc1,False,,6.213248577854439,,
COc1ccc(NC(=O)C(=O)Nc2cccc(Cl)c2)c(C(=O)Nc2ccc(N3CCOCC3=O)cc2)c1,False,,6.20690839982342,,
COc1ccc(NC(=O)C(=O)Nc2ccccc2)c(C(=O)Nc2ccc(N3CCOCC3=O)cc2)c1,False,,5.950781977329818,,
COc1ccc(NC(=O)C(=O)Nc2ccccc2Cl)c(C(=O)Nc2ccc(N3CCOCC3=O)cc2)c1,False,,6.09799710864927,,
COc1ccc(NC(=O)C(=O)Nc2ccccc2OC)c(C(=O)Nc2ccc(N3CCOCC3=O)cc2)c1,False,,6.08196966321512,,
COc1ccc(NC(=O)CCCNS(=O)(=O)c2ccc(C(=N)N)cc2)cc1OC.Cl,False,,,3.3010299956639813,
COc1ccc(NC(=O)CSc2nnc(CNC(=O)COc3ccc(Cl)cc3)o2)c(OC)c1,False,4.301029995663981,,,
COc1ccc(NC(=O)Cc2ccccc2F)cn1,False,,,4.301029995663981,
COc1ccc(NC(=O)c2cc(Cl)cc(O)c2NC(=O)c2ccc(N3CCCN(C)CC3)cc2)cc1.Cl,False,,7.167491087293763,,
COc1ccc(NC(=O)c2cc(OC)ccc2NC(=O)c2ccc(N3CCCCC3=O)cc2)cc1,False,,6.289882634888183,,
COc1ccc(NC(=O)c2cc(OC)ccc2NC(=O)c2ccc(N3CCOCC3=O)cc2)cc1,False,,7.113509274827518,,
COc1ccc(NC(=O)c2cc(OC)ccc2NC(=O)c2nc3c(s2)CN(C)CC3)cc1,False,,6.6307841425898575,,
COc1ccc(NC(=O)c2cc(S(=O)(=O)N3CCCCC3)ccc2N2CCCCC2)cn1,False,4.301029995663981,,,
COc1ccc(NC(=O)c2ccc(-c3ccccc3S(N)(=O)=O)cc2)c(Oc2cccc(C(=N)N)c2)c1,False,,8.795880017344075,,
COc1ccc(NC(=O)c2ccc(-n3ccccc3=O)cc2)c(C(=O)Nc2ccc(Cl)cc2)c1,False,,6.747146969020107,,
COc1ccc(NC(=O)c2ccc(C(=N)N(C)C)cc2)c(C(=O)Nc2ccc(Cl)cn2)c1,False,,8.505827904464544,5.55854562117252,
COc1ccc(NC(=O)c2ccc(C(=N)N(C)C)cc2F)c(C(=O)Nc2ccc(Cl)cn2)c1,False,,9.154901959985743,5.0,
COc1ccc(NC(=O)c2ccc(C(=N)N(C)C)cc2N2CCC(C(=O)O)CC2)c(C(=O)Nc2ccc(Cl)cn2)c1,False,,9.045757490560675,,
COc1ccc(NC(=O)c2ccc(C(=N)N(C)C)cc2N2CCCCC2)c(C(=O)Nc2ccc(Cl)cn2)c1,False,,8.698970004336019,,
COc1ccc(NC(=O)c2ccc(C)c(O)c2NC(=O)c2ccc(N3CCCN(C)CC3)cc2)cc1.Cl,False,,7.214670164989233,,
COc1ccc(NC(=O)c2ccc(Cl)cc2)c(C(=O)Nc2ccc(N3CCCCC3=O)cc2)c1,False,,7.638272163982407,4.318758762624412,
COc1ccc(NC(=O)c2ccc(Cl)s2)c(C(=O)Nc2ccc(N3CCCCC3=O)cc2)c1,False,,7.173925197299173,,
COc1ccc(NC(=O)c2ccc(N3CCCC3=O)cc2)c(C(=O)Nc2ccc(Cl)cc2)c1,False,,6.185086818724926,,
COc1ccc(NC(=O)c2ccc(N3CCCCC3=O)cc2)c(C(=O)Nc2ccc(C(C)(C)C)cc2)c1,False,,6.565431095965801,,
COc1ccc(NC(=O)c2ccc(N3CCCCC3=O)cc2)c(C(=O)Nc2ccc(Cl)cc2)c1,False,,6.609064892896621,,
COc1ccc(NC(=O)c2ccc(N3CCCCC3=O)cc2)c(C(=O)Nc2ccc(F)cc2)c1,False,,5.966978555317089,,
COc1ccc(NC(=O)c2ccc(N3CCCCC3=O)cc2)c(C(=O)Nc2cccc(F)c2)c1,False,,7.346787486224656,,
COc1ccc(NC(=O)c2ccc(N3CCCCC3=O)cc2)c(C(=O)Nc2ccccc2OC)c1,False,,5.496345480757041,,
COc1ccc(NC(=O)c2ccc(N3CCOCC3=O)cc2)c(C(=O)Nc2ccc(C(C)(C)C)cc2)c1,False,,5.680477550934546,,
COc1ccc(NC(=O)c2ccc(N3CCOCC3=O)cc2)c(C(=O)Nc2ccc(Cl)cc2)c1,False,,7.7447274948966935,,
COc1ccc(NC(=O)c2ccc(N3CCOCC3=O)cc2)c(C(=O)Nc2ccccc2OC)c1,False,,5.811634073936852,,
COc1ccc(NC(=O)c2cccc(Cl)c2)c(C(=O)Nc2ccc(N3CCCCC3=O)cc2)c1,False,,6.73754891026957,,
COc1ccc(NC(=O)c2cccc(O)c2NC(=O)c2ccc(N3CCCN(C)CC3)cc2)cc1.Cl,False,,6.823908740944319,,
COc1ccc(NC(=O)c2cccc(O)c2NC(=O)c2ccc(N3CCCN(C)CC3)cc2)nc1.Cl,False,,6.657577319177793,,
COc1ccc(NC(=O)c2cccc(O[C@@H]3O[C@H](C(=O)O)[C@@H](O)[C@H](O)[C@H]3O)c2NC(=O)c2ccc(N3CCCN(C)CC3)cc2)cc1,False,,7.180456064458132,,
COc1ccc(NC(=O)c2ccccc2)c(C(=O)Nc2ccc(N3CCCCC3=O)cc2)c1,False,,6.283162276700476,,
COc1ccc(NC(=O)c2ccccc2NC(=O)c2ccc(N3CCCN(C)CC3)cc2)cc1,False,,6.853871964321762,,
COc1ccc(NC(=O)c2ccccc2NC(=O)c2ccc(N3CCCN(C)CC3)cc2)cc1.Cl,False,,6.853871964321762,,
COc1ccc(NC(=O)c2nc3c(s2)CN(C)CC3)c(C(=O)Nc2ccc(C)cc2)c1,False,,7.522878745280337,,
COc1ccc(NC(=O)c2nc3c(s2)CN(C)CC3)c(C(=O)Nc2ccc(C)cn2)c1,False,,8.0,7.494850021680094,
COc1ccc(NC(=O)c2nc3c(s2)CN(C)CC3)c(C(=O)Nc2ccc(Cl)cc2)c1,False,,8.318758762624412,8.148741651280925,
COc1ccc(NC(=O)c2nc3c(s2)CN(C)CC3)c(C(=O)Nc2ccc(Cl)cn2)c1,False,,8.455931955649724,8.3767507096021,
COc1ccc(NC(=O)c2nc3c(s2)CN(C)CC3)c(C(=O)Nc2ccc(Cl)s2)c1,False,,5.857923538926715,,
COc1ccc(NC(=O)c2nc3c(s2)CN(C)CC3)c(C(=O)Nc2ccc(F)cn2)c1,False,,7.619788758288394,,
COc1ccc(NC(=O)c2nc3c(s2)CN(C)CC3)c(C(=O)Nc2cccc(Cl)c2)c1,False,,6.501689446210399,,
COc1ccc(NC(=O)n2nc(OC(=O)c3cccs3)cc2N)cc1,False,,,4.896249286723471,
COc1ccc(NC(NC(=O)c2cccnc2)C(Cl)(Cl)Cl)cc1,False,4.301029995663981,,,
COc1ccc(NC(S)=Nc2ccc3c[nH]nc3c2)cc1,False,,,5.251652244043445,
COc1ccc(NS(=O)(=O)c2ccc(C(=N)N)cc2)cc1.Cl,False,,,3.3010299956639813,
COc1ccc(NS(=O)(=O)c2ccc(C(=N)N)cc2)cc1OC.Cl,False,,,3.3010299956639813,
COc1ccc(Nc2nnc(SC(C(=O)Nc3cc(C)ccc3C)c3ccccc3)s2)cc1,False,4.301029995663981,,,
COc1ccc(O)c(/C=N/NC(=O)c2cc(O)nc3ccccc23)c1,False,4.301029995663981,,,
COc1ccc(OC)c(/C=C/c2nn(-c3ccc(Br)cc3)c3c(=O)ccccc23)c1,False,,,4.301029995663981,
COc1ccc(OC)c(/C=N/Nc2cc(C)nc(N3CCOCC3)n2)c1,False,4.301029995663981,,,
COc1ccc(OC)c(CNc2ccc([N+](=O)[O-])cc2C)c1,False,4.301029995663981,,,
COc1ccc(OC)c(N(C(=O)C2=CCCC2C(=O)NCc2ccc(C(=N)N)cc2)C2CCCCC2)c1,False,,,7.309803919971486,
COc1ccc(OC)c(NC(=O)CC2C(=O)NCCN2C(=O)Nc2cccc(Cl)c2)c1,False,4.301029995663981,,,
COc1ccc(OC)c(S(=O)(=O)N2CCC(N(C)Cc3ccc4ccc(C(=N)N)cc4c3)CC2)c1,False,,6.229147988357855,,
COc1ccc(OC)c(S(=O)(=O)N2CCC(N(C/C=C/c3cccc(C(=N)N)c3)C(=O)CC(=O)O)CC2)c1,False,,7.886056647693163,4.0,
COc1ccc(OC)c(S(=O)(=O)N2CCC(N(C/C=C/c3cccc(C(=N)N)c3)S(=O)(=O)CC(=O)O)CC2)c1,False,,8.0,4.0,
COc1ccc(OC)c(S(=O)(=O)N2CCC(N(Cc3ccc4ccc(C(=N)N)cc4c3)C(=O)CC(=O)O)CC2)c1,False,,8.09151498112135,4.0,
COc1ccc(OC)c(S(=O)(=O)N2CCC(N(Cc3ccc4ccc(C(=N)N)cc4c3)C(C)=O)CC2)c1,False,,7.920818753952375,4.0,
COc1ccc(OC)c(S(=O)(=O)N2CCC(N(Cc3ccc4ccc(C(=N)N)cc4c3)S(=O)(=O)CC(=O)O)CC2)c1,False,,7.886056647693163,4.0,
COc1ccc(OC)c(S(=O)(=O)N2CCC(N(Cc3ccc4ccc(C(=N)N)cc4c3)S(C)(=O)=O)CC2)c1,False,,7.958607314841775,4.0,
COc1ccc(OC)c(S(=O)(=O)NN2CCOC(CC(=O)NCc3ccc(C(=N)N)cc3)C2=O)c1,False,,,6.886056647693163,
COc1ccc(OC)c(S(=O)(=O)Nc2ccc3c(c2)nc(Cc2ccc(C(=N)N)cc2)n3C)c1,False,,,5.7447274948966935,
COc1ccc(OCC(=O)N2CCN(Cc3ccc(SC)cc3)CC2)cc1.O=C(O)C(=O)O,False,,,4.301029995663981,
COc1ccc(OCC(=O)Nc2cccc3ncccc23)cc1,False,,,4.301029995663981,
COc1ccc(Oc2nc(Oc3cccc(C(=N)N)c3)c(F)c(N(C(C)C)C(C)C)c2F)c(C(=O)O)c1.O=C(O)C(F)(F)F,False,,,6.481486060122113,
COc1ccc(Oc2nc(Oc3cccc(C(=N)N)c3)c(F)c(NC(C)CCc3ccccc3)c2F)c(C(=O)O)c1.O=C(O)C(F)(F)F,False,,4.958607314841775,,
COc1ccc(S(=O)(=O)CCc2nnc(NC(=O)c3cccs3)s2)cc1,False,,,4.301029995663981,
COc1ccc(S(=O)(=O)N2CCCC2C(=O)Nn2cnnc2)cc1,False,4.301029995663981,,,
COc1ccc(S(=O)(=O)N2CCCCC2)cc1NC(=O)CN(C)C1CCCCC1,False,4.301029995663981,,,
COc1ccc(S(=O)(=O)N2CCN(CC(=O)NC(CCCN=C(N)N)C(=O)c3nccs3)C(=O)C2)cc1,False,,9.050609993355087,6.101274818410507,
COc1ccc(S(=O)(=O)N2CCOCC2)cc1NC(=O)COC(=O)c1ccc(C)s1,False,,,6.389307904666298,
COc1ccc(S(=O)(=O)NC(C)C(=O)Nc2cccc(C(C)=O)c2)cc1,False,,,4.301029995663981,
COc1ccc(S(=O)(=O)NC[C@@H](O)[C@H](Cc2ccccc2)NCc2cc(Cl)ccc2-n2cnnn2)cc1,False,,,8.414869142302521,
COc1ccc(S(=O)(=O)N[C@H](CO)C(=O)N[C@@H](C)C(=O)NC(Cc2ccc(NC(=N)N)cc2)P(=O)(Oc2ccccc2)Oc2ccccc2)cc1,False,,,5.777283528852417,
COc1ccc(S(=O)(=O)Nc2ccc(C)c(CC(=O)NCc3ccc(C(=N)N)cc3)c2O)cc1.Cl,False,,,7.301029995663981,
COc1ccc(S(=O)(=O)Nc2ccc(C)c(CC(=O)NCc3ccc(C(=N)N)cc3)c2O)cc1OC.Cl,False,,,7.4089353929735005,
COc1ccc(S(=O)(=O)Nn2ccc(C)c(CC(=O)NCc3ccc(C(=N)N)cc3)c2=O)cc1.Cl,False,,,5.733768303310106,
COc1ccc(S(=O)(=O)Nn2ccc(C)c(CC(=O)NCc3ccc(N)nc3)c2=O)c(OC)c1.Cl,False,,,4.35261702988538,
COc1ccc(S(=O)(=O)n2nc(OC(=O)c3ccco3)cc2N)cc1,False,5.110747053288325,,,
COc1ccc2c(c1)C(=O)N(c1ccc(-n3ccccc3=O)cc1)CN2C(=O)Cc1ccc(Cl)cc1,False,,6.782516055786093,,
COc1ccc2c(c1)C(=O)N(c1ccc(N3CCCCC3=O)cc1)CN2C(=O)Cc1ccc(Cl)cc1,False,,6.896196279044043,,
COc1ccc2c(c1)C(=O)N(c1ccc(N3CCCCC3=O)cc1)CN2C(=O)Cc1ccc(NC(C)=O)cc1,False,,6.6307841425898575,,
COc1ccc2c(c1)C(=O)N(c1ccc(N3CCCCC3=O)cc1)CN2C(=O)Cc1cccc(Cl)c1,False,,6.274088367704952,,
COc1ccc2c(c1)C(=O)N(c1ccc(N3CCCCC3=O)cc1)CN2C(=O)Cc1ccccc1,False,,5.390939450069913,,
COc1ccc2c(c1)C(=O)N(c1ccc(N3CCCCC3=O)cc1)CN2C(=O)Cc1ccccc1Cl,False,,5.871277715661574,,
COc1ccc2c(c1)C(=O)N(c1ccc(N3CCCCC3=O)cc1)CN2C(=O)c1ccc(Cl)cc1,False,,4.2839966563652006,,
COc1ccc2c(c1)C(=O)N(c1ccc(N3CCCCC3=O)cc1)CN2C(=O)c1ccc(Cl)s1,False,,3.7471469690201067,,
COc1ccc2c(c1)C(=O)N(c1ccc(N3CCCCC3=O)cc1)CN2C(=O)c1cccc(Cl)c1,False,,3.614393726401688,,
COc1ccc2c(c1)C(=O)N(c1ccc(N3CCCCC3=O)cc1)CN2C(=O)c1ccccc1,False,,3.2628073572952627,,
COc1ccc2c(c1)C(=O)N(c1ccc(N3CCOCC3=O)cc1)CN2C(=O)CCc1ccc(Cl)cc1,False,,5.65521487736734,,
COc1ccc2c(c1)C(=O)N(c1ccc(N3CCOCC3=O)cc1)CN2C(=O)Cc1ccc(Cl)c(Cl)c1,False,,6.462180904926726,,
COc1ccc2c(c1)C(=O)N(c1ccc(N3CCOCC3=O)cc1)CN2C(=O)Cc1ccc(Cl)cc1,False,,7.376750709602099,4.0915149811213505,
COc1ccc2c(c1)C(=O)N(c1ccc(N3CCOCC3=O)cc1)CN2C(=O)Cc1ccc(Cl)cc1Cl,False,,6.302770657240282,,
COc1ccc2c(c1)C(=O)N(c1ccc(N3CCOCC3=O)cc1)CN2C(=O)Cc1ccc(Cl)cn1,False,,6.804100347590766,,
COc1ccc2c(c1)C(=O)N(c1ccc(N3CCOCC3=O)cc1)CN2C(=O)Cc1ccc(Cl)s1,False,,7.6777807052660805,4.173925197299173,
COc1ccc2c(c1)C(=O)N(c1ccc(N3CCOCC3=O)cc1)CN2C(=O)c1ccc(CCl)cc1,False,,5.84955059053912,,
COc1ccc2c(c1)C(C(=O)n1nc(N)c3c1CN(S(C)(=O)=O)CC3)CCN2,False,4.221848749616356,,,
COc1ccc2c(c1)C(C(=O)n1nc3c(c1N)CCN(S(C)(=O)=O)C3)CCN2,False,5.853871964321762,,,
COc1ccc2c(c1)C(Cc1ccc(C(=N)N)c(OCc3cccnc3)c1)OB2O.Cl,False,,4.100000018985305,4.499999953328896,
COc1ccc2c(c1)CC[C@H](NS(=O)(=O)CC1CCCCC1)C(=O)N2CC(=O)N[C@H]1CCCN(C(=N)N)C1O.O=C(O)C(F)(F)F,False,,8.36280560222481,6.081445469449727,
COc1ccc2c(c1)CC[C@H](NS(=O)(=O)Cc1ccccc1)C(=O)N2CC(=O)N[C@H]1CCCN(C(=N)N)C1O.O=C(O)C(F)(F)F,False,,7.799921038304776,5.6020599913279625,
COc1ccc2c(c1)CC[C@H](NS(=O)(=O)c1ccc3ccccc3c1)C(=O)N2CC(=O)N[C@H]1CCCN(C(=N)N)C1O.O=C(O)C(F)(F)F,False,,8.081332065992493,6.54515513999149,
COc1ccc2c(c1)CCc1c(C(=O)NCc3ccc(F)cc3)noc1-2,False,5.442870714462188,,,
COc1ccc2c(c1)CCc1c(C(=O)NCc3cccnc3)noc1-2,False,5.4250871412784685,,,
COc1ccc2c(c1)CCc1sc(NC(=O)c3ccc(C)cc3)nc1-2,False,4.301029995663981,,,
COc1ccc2c(c1)N(CC(=O)N[C@H]1CCCN(C(=N)N)C1O)C(=O)[C@@H](NS(=O)(=O)Cc1ccccc1)CC2.O=C(O)C(F)(F)F,False,,7.365445592159615,5.6020599913279625,
COc1ccc2c(c1)c(=O)oc1c(C)c(OCC(=O)N3CCc4ccccc4C3)ccc12,True,4.301029995663981,,,
COc1ccc2cc(-n3nc(C)cc3C(=O)Nc3ccc(-c4ccccc4S(N)(=O)=O)cc3)ccc2c1,False,,5.481486060122113,4.958607314841775,
COc1ccc2cc(C(=O)Nc3ccc(-c4cccc(C(F)(F)F)c4)cc3)ccc2c1,False,,,4.207608310501746,
COc1ccc2cc(C(=O)Nc3ccc(-c4cccc([N+](=O)[O-])c4)cc3)ccc2c1,False,,,4.207608310501746,
COc1ccc2cc(C(=O)Nc3ccccc3)c(=O)oc2c1,True,,4.301029995663981,4.301029995663981,
COc1ccc2cc(CN(CCO)C(=O)c3ccccc3F)c(O)nc2c1,False,4.301029995663981,,,
COc1ccc2ccc(S(=O)(=O)NC(Cc3cc4c(N)nccc4o3)C(=O)N3CCC(C)CC3)cc2c1,False,,,5.801342913045577,
COc1ccc2ccc(S(=O)(=O)NC(Cc3cc4c(N)nccc4s3)C(=O)N3CCC(C(C)=O)CC3)cc2c1,False,,,5.853871964321762,
COc1ccc2ccc(S(=O)(=O)NC(Cc3cc4c(N)nccc4s3)C(=O)N3CCC(C)CC3)cc2c1,False,,,6.275724130399211,
COc1ccc2ccc(S(=O)(=O)NC(Cc3cc4c(N)nccc4s3)C(=O)N3CCN(C)CC3)cc2c1,False,,,5.221848749616356,
COc1ccc2ccc(S(=O)(=O)NC(Cc3cc4c(N)nccc4s3)C(=O)N3CCN(S(C)(=O)=O)CC3)cc2c1,False,,,6.251811972993799,
COc1ccc2ccc(S(=O)(=O)NC(Cc3ccc4c(N)nccc4c3)C(=O)N3CCC(C)CC3)cc2c1,False,,,4.318758762624412,
COc1ccc2ccc(S(=O)(=O)NC(Cc3ccc4ccnc(N)c4c3)C(=O)N3CCC(C)CC3)cc2c1,False,,,6.200659450546418,
COc1ccc2ccc(S(=O)(=O)N[C@@H](CCCNc3ccccn3)C(=O)N3CCC(C)CC3)cc2c1,False,,,6.327902142064283,
COc1ccc2ccc(S(=O)(=O)N[C@@H](CCCNc3cccnn3)C(=O)N3CCC(C)CC3)cc2c1,False,,,5.638272163982407,
COc1ccc2ccc(S(=O)(=O)N[C@H]3CCN(Cc4ccc5nc(N)[nH]c5c4)C3=O)cc2c1,False,,5.402634772725567,,
COc1ccc2nc3ccccc3nc2c1N,False,4.301029995663981,,,
COc1ccc2ncc(OC(C)=O)cc2c1,False,,,5.489440245477932,
COc1ccc2oc(C)c(C(=O)Cn3ccnc3)c2c1,False,4.301029995663981,,,
COc1cccc(-c2c(Cl)nc(NCCc3ccccc3)c(=O)n2CC(=O)NCc2ccc(C(=N)N)cc2)c1,False,,,6.0,
COc1cccc(-c2cc(C(=O)Nc3c(C)nn(Cc4ccccc4)c3C)no2)c1,False,,,4.301029995663981,
COc1cccc(-c2ccc(NC(=O)c3ccc4cc(C(N)=O)ccc4c3)cc2)c1,False,,,4.207608310501746,
COc1cccc(-c2ccc(NC(=O)c3ccc4cc(OC)ccc4c3)cc2)c1,False,,,4.207608310501746,
COc1cccc(-c2ccc3c(c2)C[C@@H]2OC(=O)C(C)(CCCCC(=N)N)[C@@H]32)c1,False,,,5.7447274948966935,
COc1cccc(-c2nc3ccccc3c(=O)o2)c1,False,4.301029995663981,,5.15841217822608,
COc1cccc(-c2nn(-c3ccccc3)cc2C(=O)n2nnc3ccccc32)c1,False,5.405992186097175,,,
COc1cccc(-c2nnc(SCC(=O)Nc3ccc4c(c3)OCCO4)n2Cc2ccco2)c1,False,,,4.301029995663981,
COc1cccc(-n2c(SCC(=O)Nc3ccc4c(c3)CCC4)nc3ccccc3c2=O)c1,False,,,4.301029995663981,
COc1cccc(/C=C(\C#N)c2nc3ccccc3[nH]2)c1,False,4.301029995663981,,,
COc1cccc(/C=N/n2c(N)c(S(=O)(=O)c3cccs3)c3nc4ccccc4nc32)c1OC,False,4.301029995663981,,,
COc1cccc(/N=C/c2nc(-c3ccccc3)oc2OC(C)=O)c1,False,5.6405743511844495,,,
COc1cccc(C(=O)/N=C(\Nc2cccc(C)c2)N[C@H]2CCCCN(CC(=O)N3CCCC3)C2=O)c1,False,,6.559090917934782,,
COc1cccc(C(=O)N2CN(c3ccc(N4CCCCC4=O)cc3)C(=O)c3cc(OC)ccc32)c1,False,,3.4509967379742124,,
COc1cccc(C(=O)NNC(=O)Cc2ccc([N+](=O)[O-])cc2)c1,False,,,4.301029995663981,
COc1cccc(C(=O)Nc2ccc(OC)cc2C(=O)Nc2ccc(N3CCCCC3=O)cc2)c1,False,,6.422508200162775,,
COc1cccc(C(=O)Nc2n[nH]c(SCc3ccc(Cl)cc3)n2)c1,False,,,5.530932397447212,
COc1cccc(C(=O)O)c1OCC(O)c1cc(-c2ccc3c(c2)[C@H](N)CO3)cc(C(C)C)c1,False,,4.787812395596042,5.129011186239425,
COc1cccc(C(=O)O)c1OCCc1cc(-c2ccc3c(c2)[C@H](N)CO3)cc(C(C)C)c1,False,,5.20690839982342,5.041436116778033,
COc1cccc(C(=O)Oc2cc(N)n(S(=O)(=O)c3ccc(C)cc3)n2)c1OC,False,4.468402306887211,,,
COc1cccc(C(=O)n2c(SC)nc3cc4c(cc32)OCCO4)c1,False,,,7.628009088535085,
COc1cccc(C(=O)n2cnnc2N)c1OC,False,5.438862824324614,,,
COc1cccc(CN(C)C(=O)CCc2nnc(-c3ccsc3)o2)c1,False,,,4.301029995663981,
COc1cccc(CNC(=O)[C@@H]2CCCN2C(=O)C(N)C(c2ccccc2)c2ccccc2)c1,False,,,7.443697499232712,
COc1cccc(CNC(=O)[C@@H]2CCCN2C(=O)C(N)C(c2ccccc2)c2ccccc2)c1OC,False,,,5.0,
COc1cccc(CNC(=O)c2ccc(Oc3nc(Oc4cccc(C(=N)N)c4)c(F)c(N(C(C)C)C(C)C)c3F)c(C(=O)O)c2)c1.O=C(O)C(F)(F)F,False,,,4.161150909262744,
COc1cccc(CNC(=O)c2ccc(Oc3nc(Oc4cccc(C(=N)N)c4)c(F)c(NC(C)CCc4ccccc4)c3F)c(C(=O)O)c2)c1.O=C(O)C(F)(F)F,False,,5.022276394711152,,
COc1cccc(CNC(=O)c2cn(Cc3ccc(Cn4ccccc4=O)cc3)nc2N)c1F,False,4.3979400086720375,,,
COc1cccc(CNc2ccc(S(N)(=O)=O)cc2)c1OC,False,4.301029995663981,,,
COc1cccc(C[C@@H]2NC(=O)CSC[C@@H](C(N)=O)NC(=O)CNC(=O)CNC(=O)[C@H](CCCNC(=N)N)NC(=O)[C@H](CC(=O)O)NC(=O)[C@H](CCCCN)NC(=O)[C@@H]3CCCN3C(=O)[C@H](CCCNC(=N)N)NC(=O)[C@H](Cc3ccccc3)NC(=O)[C@H](CCCNC(=N)N)NC(=O)[C@H](CC(C)C)NC2=O)c1,False,6.1938200260161125,,,
COc1cccc(C[C@@H]2NC(=O)[C@H](CCCNC(=N)N)NC(=O)[C@H](CC(C)C)NC(=O)[C@H](Cc3ccc(O)cc3)NC(=O)CSC[C@@H](C(N)=O)NC(=O)CNC(=O)CNC(=O)[C@H](CCCNC(=N)N)NC(=O)[C@H](CC(=O)O)NC(=O)[C@H](CCCCN)NC(=O)[C@@H]3CCCN3C(=O)[C@H](CCCNC(=N)N)NC2=O)c1,False,6.920818753952375,,,
COc1cccc(Cc2c(O)c3ccccc3oc2=O)c1,True,,,,5.256882374785258
COc1cccc(Cn2c(NCc3ccco3)nc3c2c(=O)n(C)c(=O)n3C)c1,False,4.301029995663981,,,
COc1cccc(N(CCC(=O)O)C(=O)c2ccc3c(c2)nc(CNc2ccc(C(=N)N)cc2F)n3C)c1,False,,,8.317590972039085,
COc1cccc(N/C(=C\[N+](=O)[O-])N[C@H]2CCCCN(CC(=O)N3CCCC3)C2=O)c1,False,,5.173925197299173,,
COc1cccc(NC(=O)Nc2ccccc2SC)c1,False,4.301029995663981,,,
COc1cccc(NC(=O)Nc2cccnc2)c1,False,4.301029995663981,,,
COc1cccc(NC(=O)c2cc(OC)ccc2NC(=O)c2nc3c(s2)CN(C)CC3)c1,False,,6.008330992620052,,
COc1cccc(NC(=S)N(CCCN2CCCC2)Cc2ccco2)c1,False,,,4.301029995663981,
COc1cccc(NC(C(=O)Nc2cccc(C(C)=O)c2)c2ccccc2)c1,False,4.301029995663981,,,
COc1cccc(NC(C)(C)c2nnnn2-c2c(C)cccc2C)c1,False,4.301029995663981,,,
COc1cccc(NC(S)=NCCC(c2ccccc2)c2ccccc2)c1,False,,,4.301029995663981,
COc1cccc(NC(S)=Nc2ccc(Br)cc2Cl)c1,False,4.301029995663981,,4.301029995663981,
COc1cccc(NS(=O)(=O)c2ccc(C(=N)N)cc2)c1.Cl,False,,,3.3010299956639813,
COc1cccc(OC)c1-c1nn2c(-c3ccco3)nnc2s1,False,4.301029995663981,,,
COc1cccc(OC)c1CNC(=O)[C@@H]1CCCN1C(=O)C(N)C(c1ccccc1)c1ccccc1,False,,,5.0,
COc1cccc(S(=O)(=O)NN2CCC(C)=C(CC(=O)NCc3ccc(C(=N)N)cc3)C2=O)c1,False,,,7.958607314841775,
COc1cccc(S(=O)(=O)Nc2ccc(C)c(CC(=O)NCc3ccc(C(=N)N)cc3)c2O)c1.Cl,False,,,7.795880017344075,
COc1cccc(S(=O)(=O)Nn2ccc(C)c(CC(=O)NCc3ccc(C(=N)N)cc3)c2=O)c1,False,,,5.978810700930062,
COc1cccc(S(=O)(=O)Nn2ccc(C)c(CC(=O)NCc3ccc(C(=N)N)cc3)c2=O)c1.Cl,False,,,5.977159389123472,
COc1cccc2[nH]c(C(=O)N[C@@H](CC(C)C)C(=O)N[C@@H](C[C@@H]3CCNC3=O)C(=O)CO)cc12,False,,,5.0,
COc1cccc2c1CC[C@H](NS(=O)(=O)Cc1ccccc1)C(=O)N2CC(=O)N[C@H]1CCCN(C(=N)N)C1O.O=C(O)C(F)(F)F,False,,7.819495143695928,6.628932137728263,
COc1cccc2c1NCCC2C(=O)n1nc(N)c2c1CN(S(C)(=O)=O)CC2,False,4.187086643357144,,,
COc1cccc2c1NCCC2C(=O)n1nc2c(c1N)CCN(S(C)(=O)=O)C2,False,5.727965977824862,,4.698970004336019,
COc1cccc2c1NCC[C@@H]2C(=O)n1nc2c(c1N)CCN(S(C)(=O)=O)C2,False,6.853871964321762,,4.455931955649724,
COc1cccc2cc(C(=O)NCC3CCCO3)c(=O)oc12,True,,,4.301029995663981,
COc1cccc2cc(C(=O)Nc3ccccc3)c(=O)oc12,True,,4.301029995663981,,
COc1cccc2sc(/N=C/N(C)C)nc12,False,4.301029995663981,,,
COc1cccc2sc(NC(=O)c3ccc(S(=O)(=O)N4CCOCC4)cc3)nc12,False,4.301029995663981,,,
COc1ccccc1-c1c(Cl)nc(NCCc2ccccc2)c(=O)n1CC(=O)NCc1ccc(C(=N)N)cc1,False,,,5.481486060122113,
COc1ccccc1-n1c(S)nnc1CNC(=O)COc1ccccc1,False,4.301029995663981,,,
COc1ccccc1/N=C/c1nc(-c2ccccc2)oc1OC(C)=O,False,4.311939064163528,,,
COc1ccccc1C(=O)N[C@]1(OC)C(=O)N2C(C(=O)OCc3cccc(C)c3)=C(CSc3nncn3CC(=O)O)CO[C@@H]21,False,,,6.366531544420414,
COc1ccccc1C(=O)c1cc(-c2ccccn2)nn1CCc1ccc(F)cc1,False,,4.0,4.0,
COc1ccccc1C(=O)c1cn(-c2ccccc2)nc1NCc1ccc(F)cc1,False,,4.0,4.0,
COc1ccccc1C(=O)c1cn(-c2ccccn2)nc1NCc1ccc(F)cc1,False,,4.0,4.0,
COc1ccccc1C(=O)n1nc(-c2ccc(Cl)cc2)nc1N,False,5.216884914691168,,,
COc1ccccc1C(=O)n1nc(-c2ccccc2)nc1N,False,5.649505821980398,,,
COc1ccccc1C(=O)n1nc(-c2ccccc2)nc1NCc1ccc(Cl)s1,False,,5.638272163982407,8.522878745280337,
COc1ccccc1C(=O)n1nc(-c2ccccc2)nc1NCc1ccc(F)cc1,False,,4.0,7.638272163982407,
COc1ccccc1C(=O)n1nc(-c2ccccc2)nc1NCc1ccco1,False,,,6.651461498742006,
COc1ccccc1C(=O)n1nc(-c2ccccc2)nc1NCc1cccs1,False,,5.0,7.958607314841775,
COc1ccccc1C(=O)n1nc(-c2ccccc2F)nc1NCc1cccs1,False,,,8.096910013008056,
COc1ccccc1C(=O)n1nc(-c2ccccn2)cc1NCc1ccc(Cl)s1,False,4.0,5.0,8.301029995663981,
COc1ccccc1C(=O)n1nc(-c2ccccn2)nc1NCc1ccc(Cl)s1,False,,7.0,9.0,
COc1ccccc1C(=O)n1nc(-c2ccccn2)nc1NCc1ccc(F)cc1,False,,5.167491087293763,8.397940008672037,
COc1ccccc1C(=O)n1nc(-c2ccccn2)nc1NCc1ccccc1,False,,5.1938200260161125,8.301029995663981,
COc1ccccc1C(=O)n1nc(-c2ccccn2)nc1NCc1cccs1,False,,5.026872146400302,8.154901959985743,
COc1ccccc1C(=O)n1nc(-c2cccnc2)nc1N,False,5.87864477789211,4.0,6.199743665077614,
COc1ccccc1C(=O)n1nc(-c2cccnc2)nc1NCc1ccc(F)cc1,False,,4.651695136951839,8.522878745280337,
COc1ccccc1C(=O)n1nc(-c2cccnc2)nc1NCc1ccccc1,False,,5.102372908709558,8.243724503547895,
COc1ccccc1C(=O)n1nc(-c2cccnc2)nc1SCc1ccc(F)cc1,False,,5.623423042943488,8.301029995663981,
COc1ccccc1C(=O)n1nc(-c2ccco2)nc1N,False,5.60534522892546,,5.159076294142904,
COc1ccccc1C(=O)n1nc(-c2ccco2)nc1SC,False,6.798439021883263,,9.0,
COc1ccccc1C(=O)n1nc(C(C)C)nc1NCc1ccccc1,False,,4.0,6.036212172654444,
COc1ccccc1C(=O)n1nc(C)nc1NCc1ccccc1,False,,5.0,5.0,
COc1ccccc1C(=O)n1nc(C2CCCCC2)nc1NCc1ccccc1,False,,4.0,7.0,
COc1ccccc1C(=O)n1nc(C2CCNCC2)c(F)c1NCc1ccc(Cl)s1,False,,,7.221848749616356,
COc1ccccc1C(=O)n1nc(C2CCNCC2)cc1NCc1ccc(Cl)s1,False,,,5.920818753952375,
COc1ccccc1C(=O)n1nc(C2CCOCC2)c(F)c1NCc1ccc(Cl)s1,False,,,7.356547323513812,
COc1ccccc1C(=O)n1nc(C2CCOCC2)cc1NCc1ccc(Cl)s1,False,,,5.958607314841775,
COc1ccccc1C(=O)n1nc(NCc2ccccc2)nc1NCc1ccccc1,False,,4.0,4.0,
COc1ccccc1C(=O)n1nnc2ccccc21,False,5.142064735280571,,,
COc1ccccc1C1C=C(c2ccc(Cl)cc2)Nc2nc(N3C(=O)CCC3=O)nn21,False,,,5.233505358547768,
COc1ccccc1CC(=O)NCc1csc(-c2cccs2)n1,False,4.301029995663981,,,
COc1ccccc1CC(=O)NN1C(=O)c2ccccc2C1=O,False,4.301029995663981,,,
COc1ccccc1CCC(=O)N1CCC[C@H]1C(=O)NCC1CCC(N)CC1,False,,,6.638272163982407,
COc1ccccc1CN(CC(=O)NCc1ccco1)C(=O)CNS(=O)(=O)c1ccc(C)cc1,False,,,5.1175995639124885,
COc1ccccc1CN1CCNC(=O)C1CC(=O)N(C)Cc1cnccn1,False,4.301029995663981,,,
COc1ccccc1CNC(=O)c1cn(C)c2ccc(S(=O)(=O)N3CCCC3)cc2c1=O,False,,,5.225313728924127,
COc1ccccc1C[C@@H]1NC(=O)CSC[C@@H](C(N)=O)NC(=O)CNC(=O)CNC(=O)[C@H](CCCNC(=N)N)NC(=O)[C@H](CC(=O)O)NC(=O)[C@H](CCCCN)NC(=O)[C@@H]2CCCN2C(=O)[C@H](CCCNC(=N)N)NC(=O)[C@H](Cc2ccccc2)NC(=O)[C@H](CCCNC(=N)N)NC(=O)[C@H](CC(C)C)NC1=O,False,3.3979400086720375,,,
COc1ccccc1C[C@@H]1NC(=O)[C@H](CCCNC(=N)N)NC(=O)[C@H](CC(C)C)NC(=O)[C@H](Cc2ccc(O)cc2)NC(=O)CSC[C@@H](C(N)=O)NC(=O)CNC(=O)CNC(=O)[C@H](CCCNC(=N)N)NC(=O)[C@H](CC(=O)O)NC(=O)[C@H](CCCCN)NC(=O)[C@@H]2CCCN2C(=O)[C@H](CCCNC(=N)N)NC1=O,False,7.221848749616356,,,
COc1ccccc1N(CC(O)CN1C(=O)NC(C)(C)C1=O)S(=O)(=O)c1ccc(C)cc1,False,4.301029995663981,,,
COc1ccccc1N1CCN(C(=O)CNC(=O)c2cn(-c3ccccc3OC)c(=O)c3ccccc23)CC1,False,,,5.019329555334434,
COc1ccccc1N1CCN(C/C(O)=C(\C#N)c2nc(-c3ccccc3)cs2)CC1,False,4.301029995663981,,,
COc1ccccc1N=C(S)N(Cc1ccco1)Cc1cc2cc(C)ccc2nc1O,False,,,4.301029995663981,
COc1ccccc1NC(=O)C1C2CCCCC21,False,,,4.301029995663981,
COc1ccccc1NC(=O)CCC(=O)Nc1ccc2c(c1)C(=O)C(=O)NC2=O,False,,,5.301029995663981,
COc1ccccc1NC(=O)CCS(=O)(=O)c1ccccc1,False,,,4.301029995663981,
COc1ccccc1NC(=O)CSc1nnnn1C,False,4.301029995663981,,,
COc1ccccc1NC(=O)N1CCCC1C(=O)NC1CCCCC1,False,,,4.301029995663981,
COc1ccccc1NC(=O)c1sc2ncn(Cc3ccc(C)cc3)c(=O)c2c1C,False,,,4.301029995663981,
COc1ccccc1NC(=O)c1sc2ncn(Cc3cccc(C)c3)c(=O)c2c1C,False,,,4.301029995663981,
COc1ccccc1NC(=O)n1nc(-c2cccnc2)nc1NCc1ccc(F)cc1,False,,4.0,4.0,
COc1ccccc1OC(=O)N1CCN(C(=O)[C@@H](CC2CCCCC2)NC2CCCCC2)[C@H](C(=O)NCc2cccs2)C1,False,7.578396073130169,,,
COc1ccccc1OC(=O)n1nc(-c2cccnc2)nc1NCc1ccc(F)cc1,False,,4.0,4.0,
COc1ccccc1OCC(=O)NNC(=O)c1cccs1,False,5.328204405301206,,,
COc1ccnc(CNC(=O)c2cn(Cc3ccc(Cn4ccccc4=O)cc3)nc2C(F)(F)F)c1F,False,5.3979400086720375,,4.3979400086720375,
COc1ccnc(CNC(=O)c2cn(Cc3ccc(Cn4ccccc4=O)cc3)nc2N(C)C)c1F,False,4.3979400086720375,,,
COc1ccnc(CNC(=O)c2cn(Cc3ccc(Cn4ccccc4=O)cc3)nc2N)c1F,False,4.3979400086720375,,,
COc1cn(C(Cc2ccccc2)c2cn(-c3ccc(C(=O)O)cc3)nn2)c(=O)cc1-c1cc(Cl)ccc1-n1cc(C(F)(F)F)nn1,False,,4.3851027839668655,4.270025714300444,
COc1cn(C(Cc2ccccc2)c2cn(-c3ccc(C(=O)O)cc3)nn2)c(=O)cc1-c1cc(Cl)ccc1-n1cc(Cl)nn1,False,,4.31695296176115,4.376750709602099,
COc1cn(Cc2cc(-c3ccc(N)nc3)ccn2)c(=O)cc1-c1cc(Cl)ccc1-n1cnnn1,False,6.0,6.0,6.0,
COc1cn(Cc2cc(-c3ccc(N)nc3F)ccn2)c(=O)cc1-c1cc(Cl)ccc1-n1cnnn1,False,6.0,6.0,6.0,
COc1cn([C@@H](Cc2ccccc2)c2cn(-c3ccc(C(=O)O)cc3)nn2)c(=O)cc1-c1cc(Cl)ccc1-n1cc(C(F)(F)F)nn1,False,,4.500312917381596,4.292429823902063,
COc1cn([C@@H](Cc2ccccc2)c2cn(-c3ccc(C(=O)O)cc3)nn2)c(=O)cc1-c1cc(Cl)ccc1-n1cc(Cl)nn1,False,,4.329754146925876,4.61261017366127,
COc1cn([C@H](Cc2ccccc2)c2cn(-c3ccc(C(=O)O)cc3)nn2)c(=O)cc1-c1cc(Cl)ccc1-n1cc(C(F)(F)F)nn1,False,,4.481486060122112,4.481486060122112,
COc1cn([C@H](Cc2ccccc2)c2cn(-c3ccc(C(=O)O)cc3)nn2)c(=O)cc1-c1cc(Cl)ccc1-n1cc(Cl)nn1,False,,4.0,4.328827157284917,
COc1ncc(-c2nc(C(=O)NC(=N)N)c(N)nc2N2CCCCCC2)cn1,False,,4.301029995663981,4.698970004336019,
CS(=O)(=NC(=O)CN1CCCC1)c1ccc(C(=O)Nc2ccc(Cl)cc2C(=O)Nc2ccc(Cl)cn2)cc1,False,,8.494850021680094,,
CS(=O)(=O)C/C(=C(\F)C(=O)Nc1ccc(-c2ccccc2S(N)(=O)=O)cc1)c1cccc(C(=N)N)c1,False,,8.0,,
CS(=O)(=O)CC[C@H](NC(=O)[C@@H](Cc1ccccc1)NS(=O)(=O)Cc1ccccc1)C(=O)N[C@@H](CCCN=C(N)N)C(=O)c1nccs1,False,,5.698970004336019,4.889410289700751,
CS(=O)(=O)CC[C@H](NS(=O)(=O)Cc1ccccc1)C(=O)N1CCC[C@H]1C(=O)N[C@@H](CCCNC(=N)N)C(=O)c1nc2ccccc2s1,False,,,7.022276394711152,
CS(=O)(=O)N(CC(=O)N/N=C/c1ccccc1C(=O)O)c1cccc(Cl)c1Cl,False,4.301029995663981,,,
CS(=O)(=O)N(CCCC[C@@H](NC1CCCCC1)C(=O)N1CC[C@@H](NC(=O)N2CCC3(CC2)CC3)[C@@H](C(=O)NCc2cccs2)C1)CC(F)(F)F,False,7.709965388637482,,,
CS(=O)(=O)N(Cc1ccc2ccc(C(=N)N)cc2c1)C1CCN(C(=O)c2cccc(C#N)c2)CC1,False,,4.0,,
CS(=O)(=O)N(Cc1ccc2ccc(C(=N)N)cc2c1)C1CCN(C(=O)c2cccc(Cl)c2)CC1,False,,4.0,,
CS(=O)(=O)N(Cc1ccc2ccc(C(=N)N)cc2c1)C1CCN(Cc2cccc(C#N)c2)CC1,False,,5.638272163982407,,
CS(=O)(=O)N(Cc1ccc2ccc(C(=N)N)cc2c1)C1CCN(Cc2cccc(Cl)c2)CC1,False,,5.769551078621726,,
CS(=O)(=O)N(Cc1ccc2ccc(C(=N)N)cc2c1)C1CCN(S(=O)(=O)c2c(Cl)cccc2Cl)CC1,False,,4.0,,
CS(=O)(=O)N(Cc1ccc2ccc(C(=N)N)cc2c1)C1CCN(S(=O)(=O)c2cc(Cl)ccc2Cl)CC1,False,,7.187086643357144,,
CS(=O)(=O)N(Cc1ccc2ccc(C(=N)N)cc2c1)C1CCN(S(=O)(=O)c2cc(Cl)sc2Cl)CC1,False,,7.0,,
CS(=O)(=O)N(Cc1ccc2ccc(C(=N)N)cc2c1)C1CCN(S(=O)(=O)c2ccc(Cl)c(Cl)c2)CC1,False,,6.721246399047171,,
CS(=O)(=O)N(Cc1ccc2ccc(C(=N)N)cc2c1)C1CCN(S(=O)(=O)c2ccc(Cl)cc2)CC1,False,,5.795880017344075,,
CS(=O)(=O)N(Cc1ccc2ccc(C(=N)N)cc2c1)C1CCN(S(=O)(=O)c2cccc(-c3ccccc3)c2)CC1,False,,6.698970004336019,,
CS(=O)(=O)N(Cc1ccc2ccc(C(=N)N)cc2c1)C1CCN(S(=O)(=O)c2cccc(C#N)c2)CC1,False,,6.769551078621726,,
CS(=O)(=O)N(Cc1ccc2ccc(C(=N)N)cc2c1)C1CCN(S(=O)(=O)c2cccc(Cl)c2)CC1,False,,7.309803919971486,,
CS(=O)(=O)N(Cc1ccc2ccc(C(=N)N)cc2c1)C1CCN(S(=O)(=O)c2cccc(Cl)c2Cl)CC1,False,,6.251811972993799,,
CS(=O)(=O)N(Cc1ccc2ccc(C(=N)N)cc2c1)C1CCN(S(=O)(=O)c2cccc(F)c2)CC1,False,,6.096910013008056,,
CS(=O)(=O)N(Cc1ccc2ccc(C(=N)N)cc2c1)C1CCN(S(=O)(=O)c2ccccc2)CC1,False,,6.070581074285707,,
CS(=O)(=O)N(Cc1ccc2ccc(C(=N)N)cc2c1)C1CCN(S(=O)(=O)c2ccccc2Cl)CC1,False,,6.455931955649724,,
CS(=O)(=O)N(Cc1ccc2ccc(C(=N)N)cc2c1)C1CCN(c2ccncc2)CC1,False,,7.045757490560675,,
CS(=O)(=O)N(Cc1ccc2ccc(C(=N)N)cc2c1)C1CCNCC1,False,,4.0,,
CS(=O)(=O)N(Cc1ccc2ccc(C(=N)N)cc2c1)c1ccc(-c2ccccc2S(N)(=O)=O)cc1,False,,6.815308569182402,,
CS(=O)(=O)N(Cc1ccc2ccc(C(=N)N)cc2c1)c1ccc(C(=O)N2CCCC2)cc1,False,,5.978810700930062,,
CS(=O)(=O)N(Cc1ccc2ccc(C(=N)N)cc2c1)c1ccc(C(=O)N2CCC[C@@H]2C(N)=O)cc1,False,,4.826813731587726,,
CS(=O)(=O)N(Cc1ccc2ccc(C(=N)N)cc2c1)c1ccc(C(=O)N2CCC[C@H]2C(N)=O)cc1,False,,5.391473966422806,,
CS(=O)(=O)N(Cc1cccc(-c2cccc(C(=N)N)c2)c1)c1ccc(-c2ccccc2S(N)(=O)=O)cc1,False,,6.718966632752273,,
CS(=O)(=O)N(Cc1ccccc1)c1ccc(C(=O)NC2CCCCC2O)cc1,False,4.301029995663981,,,
CS(=O)(=O)N1CC2CC(CN(C(=O)CN3CCC[C@H](NS(=O)(=O)c4ccc5cc(Cl)ccc5c4)C3=O)C2)C1,False,,8.0,,
CS(=O)(=O)N1CCC(C[C@@H](NC2CCCCC2)C(=O)N2CCN(C(=O)Oc3ccccc3Cl)C[C@H]2C(=O)NCc2cccs2)CC1,False,7.705533773838407,,,
CS(=O)(=O)N1CCC(N(Cc2ccc3ccc(C(=N)N)cc3c2)S(C)(=O)=O)CC1,False,,4.0,,
CS(=O)(=O)N1CCC([C@@H](NC2CCCCC2)C(=O)N2CCN(C(=O)Oc3ccccc3Cl)C[C@H]2C(=O)NCc2cccs2)CC1,False,8.221848749616356,,,
CS(=O)(=O)N1CCC([C@H]2C[C@@H](C(=O)Nc3ccc(C(=O)O)cc3)N(C(=O)c3ccc(C(=N)N)cc3)C2)CC1,False,,,4.0,
CS(=O)(=O)N1CCN(CC(=O)N[C@@H](CCCN=C(N)N)C(=O)c2nccs2)C(=O)[C@@H]1Cc1ccccc1,False,,6.338187314462739,6.192464971931146,
CS(=O)(=O)N1CCN(CC(=O)N[C@@H](CCCN=C(N)N)C(=O)c2nccs2)C(=O)[C@H]1Cc1ccccc1,False,,6.841637507904751,5.698970004336019,
CS(=O)(=O)N1CCN([C@H]2C[C@@H](C(=O)Nc3ccc(C(=O)O)cc3)N(C(=O)C3CCN(C(=N)N)CC3)C2)CC1,False,,4.0,4.0,
CS(=O)(=O)N1CCN([C@H]2C[C@@H](C(=O)Nc3ccc(C(=O)O)cc3)N(C(=O)c3ccc(C(=N)N)cc3)C2)CC1,False,,4.0,4.0,
CS(=O)(=O)N1CCN(c2ccc3c(c2)OC[C@H]2[C@H](CNC(=O)c4ccc(Cl)s4)OC(=O)N32)C(=O)C1,False,,5.3788237182249645,,
CS(=O)(=O)N1CCc2c(N)cn(C(=O)C3CCCc4[nH]c(Cl)cc43)c2C1,False,4.346787486224656,,,
CS(=O)(=O)N1CCc2c(N)nn(C(=O)C3CCNc4c(Cl)cccc43)c2C1,False,4.221848749616356,,,
CS(=O)(=O)N1CCc2c(N)nn(C(=O)C3CCNc4c(F)cccc43)c2C1,False,4.154901959985743,,,
CS(=O)(=O)N1CCc2c(N)nn(C(=O)C3CCNc4c3cccc4C(F)(F)F)c2C1,False,5.434833115752497,,4.154901959985743,
CS(=O)(=O)N1CCc2c(N)nn(C(=O)C3CCNc4ccc(-c5ccccc5)cc43)c2C1,False,4.096910013008056,,,
CS(=O)(=O)N1CCc2c(N)nn(C(=O)C3CCNc4ccc(-c5ccncc5)cc43)c2C1,False,4.823908740944319,,4.823908740944319,
CS(=O)(=O)N1CCc2c(N)nn(C(=O)C3CCNc4ccc(C(F)(F)F)cc43)c2C1,False,4.3979400086720375,,4.154901959985743,
CS(=O)(=O)N1CCc2c(N)nn(C(=O)C3CCNc4ccc(Cl)cc43)c2C1,False,4.187086643357144,,4.154901959985743,
CS(=O)(=O)N1CCc2c(N)nn(C(=O)C3CCNc4ccc(F)cc43)c2C1,False,4.522878745280337,,,
CS(=O)(=O)N1CCc2c(N)nn(C(=O)C3CCNc4ccccc43)c2C1,False,4.096910013008056,,4.070581074285707,
CS(=O)(=O)N1CCc2c(N)nn(C(=O)C3CCNc4ncccc43)c2C1,False,4.096910013008056,,,
CS(=O)(=O)N1CCc2c(nn(C(=O)C3CC(=O)Nc4ccc(F)cc43)c2N)C1,False,5.3979400086720375,,,
CS(=O)(=O)N1CCc2c(nn(C(=O)C3CCCc4[nH]c(Cl)cc43)c2N)C1,False,5.522878745280337,,,
CS(=O)(=O)N1CCc2c(nn(C(=O)C3CCNc4c(Cl)cccc43)c2N)C1,False,5.878480975656853,,4.795880017344075,
CS(=O)(=O)N1CCc2c(nn(C(=O)C3CCNc4c(F)cccc43)c2N)C1,False,7.0,,4.6020599913279625,
CS(=O)(=O)N1CCc2c(nn(C(=O)C3CCNc4ccc(-c5ccccc5)cc43)c2N)C1,False,4.958607314841775,,4.769551078621726,
CS(=O)(=O)N1CCc2c(nn(C(=O)C3CCNc4ccc(-c5ccncc5)cc43)c2N)C1,False,5.698970004336019,,5.455931955649724,
CS(=O)(=O)N1CCc2c(nn(C(=O)C3CCNc4ccc(C(F)(F)F)cc43)c2N)C1,False,7.0,,4.6020599913279625,
CS(=O)(=O)N1CCc2c(nn(C(=O)C3CCNc4ccc(Cl)cc43)c2N)C1,False,7.3979400086720375,,4.698970004336019,
CS(=O)(=O)N1CCc2c(nn(C(=O)C3CCNc4ccc(F)cc43)c2N)C1,False,7.221848749616356,,4.698970004336019,
CS(=O)(=O)N1CCc2c(nn(C(=O)C3CCNc4ccccc43)c2N)C1,False,6.455931955649724,,4.522878745280337,
CS(=O)(=O)N1CCc2c(nn(C(=O)C3CCNc4ncccc43)c2N)C1,False,5.769551078621726,,5.356547323513812,
CS(=O)(=O)N1CCc2c(nn(C(=O)[C@@H]3CCNc4ccc(F)cc43)c2N)C1,False,4.958607314841775,,,
CS(=O)(=O)N1CCc2c(nn(C(=O)[C@@H]3CCNc4ccccc43)c2N)C1,False,4.552841968657781,,,
CS(=O)(=O)N1CCc2c(nn(C(=O)[C@H]3CCCc4[nH]c(Cl)cc43)c2N)C1,False,7.522878745280337,,5.823908740944319,
CS(=O)(=O)N1CCc2c(nn(C(=O)[C@H]3CCNc4c(Cl)cccc43)c2N)C1,False,7.522878745280337,,4.221848749616356,
CS(=O)(=O)N1CCc2c(nn(C(=O)[C@H]3CCNc4ccc(F)cc43)c2N)C1,False,7.522878745280337,,4.903089986991944,
CS(=O)(=O)N1CCc2c(nn(C(=O)[C@H]3CCNc4ccccc43)c2N)C1,False,7.096910013008056,,4.552841968657781,
CS(=O)(=O)N1CCc2nc(C(=O)Nc3cc(C(=O)O)ccc3CNC(=O)c3ccc(Cl)s3)sc2C1,False,,8.040958607678906,,
CS(=O)(=O)N1CCc2nn(C(=O)C3CCNc4ccccc43)c(N)c2C1,False,5.823908740944319,,4.154901959985743,
CS(=O)(=O)N1C[C@H](OCc2ccccc2)C[C@H]1C(=O)N[C@@H](CCCN=C(N)N)C(=O)CCl,False,,,7.619788758288394,
CS(=O)(=O)NC(Cc1ccc(NC(=N)N)cc1)P(=O)(Oc1ccccc1)Oc1ccccc1,False,,3.6020599913279625,3.9030899869919438,
CS(=O)(=O)NC1(Cc2ccccc2)CCCN(CC(=O)N[C@H]2CCCN(C(=N)N)C2O)C1=O.O=C(O)C(F)(F)F,False,,5.6020599913279625,7.496209316942819,
CS(=O)(=O)NCCCC[C@@H](NC1CCC2(CC1)CCN(Cc1ccccc1)C2)C(=O)N1CCN(C(=O)Oc2ccc(CN)c3ccccc23)C[C@H]1C(=O)NCc1cccs1,False,7.809668301829708,,,
CS(=O)(=O)NCCCC[C@@H](NC1CCC2(CC1)CCN(Cc1ccccc1)C2)C(=O)N1CCN(C(=O)Oc2ccc3ccccc3c2Cl)C[C@H]1C(=O)NCc1cccs1,False,7.97469413473523,,,
CS(=O)(=O)NCCCC[C@@H](NC1CCC2(CC1)CCN(Cc1ccccc1)C2)C(=O)N1CCN(C(=O)Oc2cccc(CN)c2Cl)C[C@H]1C(=O)NCc1cccs1,False,8.67778070526608,,,
CS(=O)(=O)NCCCC[C@@H](NC1CCC2(CC1)CCN(Cc1ccccc1)C2)C(=O)N1CCN(C(=O)Oc2cccc3c2CCNC3)C[C@H]1C(=O)NCc1cccs1,False,8.468521082957745,,,
CS(=O)(=O)NCCCC[C@@H](NC1CCC2(CC1)CCN(Cc1ccccc1)C2)C(=O)N1CCN(C(=O)Oc2ccccc2Cl)C[C@H]1C(=O)NCc1cccs1,False,8.09151498112135,,,
CS(=O)(=O)NCCCC[C@@H](NC1CCC2(CC1)CCN(Cc1ccccc1)C2)C(=O)N1CC[C@@H](NC(=O)N2CCC3(CC2)CC3)[C@@H](C(=O)NCc2cccs2)C1,False,7.534617148551582,,,
CS(=O)(=O)NCCCC[C@@H](NC1CCC2(CC1)CNC(Cc1ccccc1)C2)C(=O)N1CCN(C(=O)Oc2cccc(CN)c2)C[C@H]1C(=O)NCc1cccs1,False,7.795880017344075,,,
CS(=O)(=O)NCCCC[C@@H](NC1CCCC1)C(=O)N1CCN(C(=O)Oc2ccc3ccccc3c2Cl)C[C@H]1C(=O)NCc1cccs1,False,8.075720713938118,,,
CS(=O)(=O)NCCCC[C@@H](NC1CCCCC1)C(=O)N1CCN(C(=O)Oc2ccc3ccccc3c2Cl)C[C@H]1C(=O)NCc1cccs1,False,7.698970004336019,,,
CS(=O)(=O)NCCCC[C@@H](NC1CCCCC1)C(=O)N1CCN(C(=O)Oc2ccccc2Cl)C[C@H]1C(=O)NCc1cccs1,False,7.847711655616943,,,
CS(=O)(=O)NCCCC[C@@H](NC1CCCCC1)C(=O)N1CCN(C2=NCC3(CCCCC3)O2)C[C@H]1C(=O)NCc1cccs1,False,7.675717544702307,,,
CS(=O)(=O)NCCCC[C@@H](NC1CCCCC1)C(=O)N1CC[C@@H](NC(=O)N2CCC3(CC2)CC3)[C@@H](C(=O)NCc2cccs2)C1,False,7.280668713016273,,,
CS(=O)(=O)N[C@H](CCCNC(=N)N)C(=O)NCC(=O)N[C@@H](CCCNC(=N)N)C(=O)c1nccs1,False,,8.698970004336019,,
CS(=O)(=O)N[C@H](Cc1ccccc1)C(=O)N1CCC[C@H]1C(=O)NCC1CCN(C(=N)N)CC1,False,,,7.337242168318426,
CS(=O)(=O)N[C@H](Cc1ccccc1)C(=O)N1CCC[C@H]1C(=O)NCC1CCN(C(=N)NO)CC1,False,,,7.154901959985743,
CS(=O)(=O)N[C@H](Cc1ccccc1)C(=O)N1CCC[C@H]1C(=O)NCCCCN=C(N)N,False,,,5.853871964321762,
CS(=O)(=O)N[C@H](Cc1ccccc1)C(=O)N1CCC[C@H]1C(=O)NCCCn1ccnc1,False,,,3.96657624451305,
CS(=O)(=O)N[C@H](Cc1ccccc1)C(=O)N1CCC[C@H]1C(=O)NCCc1c[nH]cn1,False,,,3.8728952016351923,
CS(=O)(=O)N[C@H](Cc1ccccc1)C(=O)N1CCC[C@H]1C(=O)NCc1ccc(CN)cc1,False,,,5.356547323513812,
CS(=O)(=O)Nc1c(CCC2CCCCC2)ccn(CC(=O)N[C@H]2CCCN(C(=N)N)C2O)c1=O,False,,5.6020599913279625,6.59176003468815,
CS(=O)(=O)Nc1c(CCCc2ccccc2)ccn(CC(=O)N[C@H]2CCCN(C(=N)N)C2O)c1=O,False,,5.6020599913279625,6.692503962086787,
CS(=O)(=O)Nc1c(CCc2ccccc2)ccn(CC(=O)N[C@H]2CCCN(C(=N)N)C2O)c1=O,False,,5.6020599913279625,8.09963287134353,
CS(=O)(=O)Nc1ccc(C(=O)Nc2ccc(-c3ccccc3S(N)(=O)=O)cc2)c(Oc2cccc(C(=N)N)c2)c1,False,,7.508638306165727,,
CS(=O)(=O)Nc1ccc(Oc2cccc(C(=N)N)c2)c(C(=O)Nc2ccc(-c3ccccc3S(N)(=O)=O)cc2)c1,False,,8.267606240177031,,
CS(=O)(=O)Nc1cccc(-c2c(Cl)nc(NCCc3ccccc3)c(=O)n2CC(=O)NCc2ccc(C(=N)N)cc2)c1,False,,,7.0,
CS(=O)(=O)Nc1cccc(C(=O)CC2(O)C(=O)Nc3ccc(Br)cc32)c1,False,,,6.2799068798434705,
CS(=O)(=O)O.N=C(N)Nc1ccc(C(=O)Oc2ccc(CC(=O)O)cc2)cc1,False,,,3.968591535748376,
CS(=O)(=O)c1ccc(C(=O)Nc2ccc(Cl)cc2C(=O)Nc2ccc(Cl)cn2)c(NCCCCCCCN)c1,False,,6.494850021680094,,
CS(=O)(=O)c1ccc(C(=O)Nc2ccc(Cl)cc2C(=O)Nc2ccc(Cl)cn2)c(NCCCCCCN)c1,False,,6.801342913045577,,
CS(=O)(=O)c1ccc(Oc2ccc3ccnc(N)c3c2)c(NC(=O)c2ccc(-c3ccccc3S(N)(=O)=O)cc2)c1,False,,5.217527375833714,,
CS(=O)(=O)c1ccc(Oc2cccc(C(=N)N)c2)c(NC(=O)c2ccc(-c3ccccc3S(N)(=O)=O)cc2)c1,False,,8.744727494896694,,
CS(=O)(=O)c1ccc(S(=O)(=O)N2CCN(CC(=O)NC(CCCN=C(N)N)C(=O)c3nccs3)C(=O)C2)cc1,False,,7.070581074285707,5.3979400086720375,
CS(=O)(=O)c1ccc2nc(NC(=O)c3ccc(NS(=O)(=O)c4cccc([N+](=O)[O-])c4)cc3)sc2c1,False,,,4.301029995663981,
CS(=O)(=O)c1ccccc1-c1ccc(NC(=O)CN(CC2CC2)C(=O)Nc2ccc(Cl)cc2)c(F)c1,False,,8.397940008672037,,
CS(=O)(=O)c1ccccc1-c1ccc(NC(=O)Cc2ccc3[nH]c(-c4ccc(Cl)s4)nc3c2)cc1,False,,6.309803919971486,5.0,
CS(=O)(=O)c1ccccc1-c1ccc(NC(=O)[C@H]2C[C@@H](O)CN2C(=O)Nc2ccc(Cl)cc2)c(F)c1,False,,9.42021640338319,,
CS(=O)(=O)c1ccccc1-c1ccc(NC(=O)c2cc(C(F)(F)F)nn2-c2cccc(CN)c2)c(F)c1.Cl,False,,8.619788758288394,4.0,
CS(=O)(=O)c1ccccc1-c1ccc2c(c1)OC[C@H]1[C@H](CNC(=O)c3ccc(Cl)s3)OC(=O)N21,False,,7.473556882371809,,
CS(=O)(=O)c1ccccc1-c1ccc2c(c1)SC[C@H]1[C@H](CNC(=O)c3ccc(Cl)cc3)OC(=O)N21,False,,5.79317412396815,,
CS(=O)(=O)c1ccccc1-c1ccc2c(c1)SC[C@H]1[C@H](CNC(=O)c3ccc(Cl)s3)OC(=O)N21,False,,7.680477550934546,,
CS(=O)(=O)c1nc(-c2ccc(Br)cc2)n[nH]1,False,4.301029995663981,,,
CSC1=N/C(=C\c2ccc(C)o2)C(=O)S1,False,,,4.301029995663981,
CSC1=NSC2=NC(=O)/C(=C\c3c(C)[nH]c4ccc(C)cc34)C(=N)N12,False,4.301029995663981,,,
CSCCC(NC(=O)c1cccc(C)c1)C(=O)OCC(=O)NC(=O)c1cccn1C,False,,,4.408806014762485,
CSCC[C@@H]1NC(=O)[C@@H](NC(C)=O)CC(=O)NCCCC[C@@H](C(=O)N[C@@H](CCCNC(=N)N)C(=O)c2nc3ccccc3s2)NC1=O,False,,5.855425792390384,4.733862418486963,
CSCC[C@H](NC(=O)[C@H]1CCCN1)C(=O)NCc1ccc(C(=N)N)cc1,False,,,4.080921907623926,
CSCc1nc(O)c2c(-c3ccccc3)csc2n1,False,,,4.301029995663981,
CSc1ccc(C(=O)Nc2cccc(O)c2NC(=O)c2ccc(N3CCCN(C)CC3)cc2)cc1,False,,5.842241113953136,,
CSc1ccc(Cc2c(O)c3ccccc3oc2=O)cc1,True,,,,6.278189384787454
CSc1ccc(NC(=O)c2ccc(C(=N)N(C)C)cc2)c(C(=O)Nc2ccc(Cl)cn2)c1,False,,9.301029995663981,,
CSc1ccccc1C(=O)C1CCCN(S(=O)(=O)N(C)C)C1,False,4.301029995663981,,,
CSc1nc(-c2ccc(Cl)cc2)nn1C(=O)c1ccco1,False,,,5.635933283090351,
CSc1nc(-c2ccccc2)nc(N2CCOCC2)c1C(C)=O,False,,,4.301029995663981,
CSc1nc(-c2ccccc2)nn1C(=O)c1ccc(C)cc1,False,,,7.553307533628472,
CSc1nc(-c2ccccc2)nn1C(=O)c1ccc(Cl)cc1,False,,,6.139458372034641,
CSc1nc(-c2ccccc2)nn1C(=O)c1ccccc1,False,,,6.047532067577393,
CSc1nc(-c2ccccc2)nn1C(=O)c1ccco1,False,,,6.522444667801019,
CSc1nc(-c2ccco2)nn1C(=O)CCc1ccccc1,False,,,8.258848401148216,
CSc1nc(-c2ccco2)nn1C(=O)c1ccc(C)cc1,False,5.608599070678403,,6.796939902404039,
CSc1nc(-c2ccco2)nn1C(=O)c1ccc(Cl)cc1,False,5.402611999594628,,,
CSc1nc(-c2ccco2)nn1C(=O)c1ccccc1,False,5.684218519291396,,7.086186147616283,
CSc1nc(-c2ccco2)nn1C(=O)c1ccco1,False,5.315262328023925,,6.657320766412523,
CSc1nc(-c2ccco2)nn1C(=O)c1cccs1,False,4.934991255422133,,,
CSc1nc(SCC(=O)O)c2c3c(sc2n1)COC(C)(C)C3,False,4.301029995663981,,,
CSc1nc2cc3c(cc2n1C(=O)c1ccc(C)cc1)OCCO3,False,,,6.254566048586468,
C[C@@H](C(=O)N1CCC[C@H]1C(=O)NC(C=O)CCCN=C(N)N)c1ccccc1,False,,4.0915149811213505,5.292429823902063,
C[C@@H](C(=O)N1CCC[C@H]1C(=O)N[C@H](C=O)CCCN=C(N)N)c1ccccc1,False,,,7.026872146400302,
C[C@@H](C(=O)NCc1ccc(C(=N)N)nc1)N(C)C(=O)[C@@H](CC1CCCCC1)NCC(=O)O,False,,,7.694648630553377,
C[C@@H](NC(=O)Cn1c(CN(C(=O)c2ccc(C(=O)O)cc2)c2ccc(OC3CCN(C(=N)N)CC3)cc2)nc2cc(C(=N)N)ccc21)c1ccccc1.Cl.Cl,False,,7.096910013008056,5.0,
C[C@@H](NC(=O)N1C(=O)[C@H](Cc2ccnc(N)c2)[C@H]1C(=O)O)C1CCCCC1,False,,,4.698970004336019,
C[C@@H](NC(=O)Nc1ccc(Cl)cc1)C(=O)Nc1ccc(N2CCOCC2=O)cc1,False,,7.107905397309519,,
C[C@@H](NC(=O)[C@@H](CC1CCCCC1)NCC(=O)O)C(=O)NCc1ccc(C(=N)N)nc1,False,,,4.27083521030723,
C[C@@H](NC(=O)[C@@H](CCCN=C(N)N)NC(=O)OC(C)(C)C)C(=O)N[C@H](C=O)CCCN=C(N)N,False,,6.638272163982407,5.0,
C[C@@H](NC(=O)c1ccc(Cl)s1)C(=O)Nc1ccc(N2CCOCC2=O)cc1,False,,4.229147988357856,5.0,
C[C@@H](NCC(=O)O)C(=O)NC1(C(=O)NCc2ccc(C(=N)N)cc2)Cc2ccccc2C1,False,,,4.481486060122112,
C[C@@H](O)[C@H](NC(=O)[C@@H](N)Cc1ccc(O)cc1)C(=O)N[C@@H](CCCCNC(=N)N)C(=O)Cc1ccccc1,False,,2.8728952016351923,2.8728952016351923,
C[C@@H]1C(=O)N(C(=O)C2CC2)[C@H]2CCN(C(=O)[C@@H]3CCCN3S(=O)(=O)c3cccc4c(N(C)C)cccc34)[C@H]12,False,,,3.6989700043360187,
C[C@@H]1C(=O)N(CCCc2ccccc2)CC(=O)N1CC(=O)N[C@@H](C[C@@H]1CCCN(C(=N)N)C1)C(=O)c1nccs1,False,,,6.055517327849832,
C[C@@H]1CCC[C@H](C)N1CCCCCn1c(=O)c(-c2cc(C(=N)N)ccc2O)nc2ccccc21,False,,,5.455931955649724,
C[C@@H]1CCN(C(=O)CNS(=O)(=O)c2ccc3ccccc3c2)[C@@H](C(=O)NCCCCN=C(N)N)C1,False,,,4.568636235841013,
C[C@@H]1CCN(C(=O)[C@H](CO)NS(=O)(=O)c2ccc3ccccc3c2)[C@@H](C(=O)NCCCCN=C(N)N)C1,False,,,5.769551078621726,
C[C@@H]1CNc2c(cccc2S(=O)(=O)N[C@@H](CCCNC(=N)N)C(=O)N2CC[C@@H](C)C[C@@H]2C(=O)O)C1,False,,4.1487416512809245,6.6777807052660805,
C[C@@H]1N=C(N2CCN(C(=O)C(CCCCNS(C)(=O)=O)NC3CCCCC3)[C@H](C(=O)NCc3cccs3)C2)O[C@H]1c1cccc(Br)c1,False,7.609064892896621,,,
C[C@@H]1N=C(N2CCN(C(=O)[C@@H](CC3CCN(C4CCC(C(N)=O)CC4)CC3)NC3CCC(C(N)=O)CC3)[C@H](C(=O)NCc3cccs3)C2)O[C@H]1c1ccccc1,False,7.465973893943865,,,
C[C@@H]1N=C(N2CCN(C(=O)[C@@H](CC3CCN(C4CCCCC4)CC3)NC3CCCCC3)[C@H](C(=O)NCc3cccs3)C2)O[C@H]1c1ccccc1,False,8.619788758288394,,,
C[C@@H]1N=C(N2CCN(C(=O)[C@@H](CCCCN(C)C)N(C)C3CCC4(CC3)CCN(Cc3ccccc3)C4)[C@H](C(=O)NCc3cccs3)C2)O[C@H]1c1ccccc1,False,8.832773124424534,,,
C[C@@H]1N=C(N2CCN(C(=O)[C@@H](CCCCN(C)C)NC3CCC(CN)CC3)[C@H](C(=O)NCc3cccs3)C2)O[C@H]1c1ccccc1,False,8.18045606445813,,,
C[C@@H]1N=C(N2CCN(C(=O)[C@@H](CCCCN(C)C)NC3CCC4(CC3)CCN(Cc3ccccc3)C4)[C@H](C(=O)NCc3cccs3)C2)O[C@H]1c1ccccc1,False,9.247425010840047,,,
C[C@@H]1N=C(N2CCN(C(=O)[C@@H](CCCCN(C)C)NC3CCCCC3)[C@H](C(=O)NCc3cccs3)C2)O[C@H]1c1cccc(C#N)c1,False,8.853871964321762,,,
C[C@@H]1N=C(N2CCN(C(=O)[C@@H](CCCCN)NC3CCC4(CC3)CCN(Cc3ccccc3)C4)[C@H](C(=O)NCc3cccs3)C2)O[C@H]1c1ccccc1,False,7.886056647693163,,,
C[C@@H]1N=C(N2CCN(C(=O)[C@@H](CCCCN3CCCCC3)NC3CCC(CN)CC3)[C@H](C(=O)NCc3cc4cnccc4s3)C2)O[C@H]1c1ccccc1,False,8.522878745280337,,,
C[C@@H]1N=C(N2CCN(C(=O)[C@@H](CCCCN3CCCCC3)NC3CCC(CN)CC3)[C@H](C(=O)NCc3ccc(C(N)=O)s3)C2)O[C@H]1c1ccccc1,False,7.554395796726403,,,
C[C@@H]1N=C(N2CCN(C(=O)[C@@H](CCCCN3CCCCC3)NC3CCC(CN)CC3)[C@H](C(=O)NCc3ccc4[nH]cc(Cl)c4c3)C2)O[C@H]1c1ccccc1,False,9.221848749616356,,,
C[C@@H]1N=C(N2CCN(C(=O)[C@@H](CCCCN3CCCCC3)NC3CCC(CN)CC3)[C@H](C(=O)NCc3cccc(Cl)c3)C2)O[C@H]1c1ccccc1,False,7.5376020021010435,,,
C[C@@H]1N=C(N2CCN(C(=O)[C@@H](CCCCNS(C)(=O)=O)NC3CCC4(CC3)CCN(Cc3ccccc3)C4)[C@H](C(=O)NCc3cccs3)C2)O[C@H]1c1ccccc1,False,7.991399828238082,,,
C[C@@H]1N=C(N2CCN(C(=O)[C@@H](CCCCNS(C)(=O)=O)NC3CCCCC3)[C@H](C(=O)NCc3cccs3)C2)O[C@@H]1c1ccccc1,False,7.465973893943865,,,
C[C@@H]1N=C(N2CCN(C(=O)[C@@H](CCCCNS(C)(=O)=O)NC3CCCCC3)[C@H](C(=O)NCc3cccs3)C2)O[C@H]1c1ccc(C#N)cc1,False,7.279014255846261,,,
C[C@@H]1N=C(N2CCN(C(=O)[C@@H](CCCCNS(C)(=O)=O)NC3CCCCC3)[C@H](C(=O)NCc3cccs3)C2)O[C@H]1c1cccc(C#N)c1,False,7.749579997691106,,,
C[C@@H]1N=C(N2CCN(C(=O)[C@@H](CCCCNS(C)(=O)=O)NC3CCCCC3)[C@H](C(=O)NCc3cccs3)C2)O[C@H]1c1cccc(CN)c1,False,8.2839966563652,,,
C[C@@H]1N=C(N2CCN(C(=O)[C@@H](CCCCNS(C)(=O)=O)NC3CCCCC3)[C@H](C(=O)NCc3cccs3)C2)O[C@H]1c1cccc(Cl)c1,False,7.638272163982407,,,
C[C@@H]1N=C(N2CCN(C(=O)[C@@H](CCCCNS(C)(=O)=O)NC3CCCCC3)[C@H](C(=O)NCc3cccs3)C2)O[C@H]1c1ccccc1,False,8.154901959985743,,,
C[C@@H]1N=C(N2CCN(C(=O)[C@@H](CCCCNS(C)(=O)=O)NC3CCCCC3)[C@H](C(=O)NCc3cccs3)C2)O[C@H]1c1ccccc1C#N,False,7.7281583934635005,,,
C[C@@H]1N=C(N2CCN(C(=O)[C@H](CCCCN(C)C)NC3CCC4(CC3)CCN(Cc3ccccc3)C4)[C@H](C(=O)NCc3cccs3)C2)O[C@H]1c1ccccc1,False,7.634512015109101,,,
C[C@@H]1N=C(N2CCN(C(=O)[C@H](N)CCCCN3CCCCC3)[C@H](C(=O)NCc3cc4cnccc4s3)C2)O[C@H]1c1ccccc1,False,7.823908740944319,,,
C[C@@H]1N=C(N2CCN(C(=O)[C@H](N)CCCCN3CCCCC3)[C@H](C(=O)NCc3ccc4[nH]cc(Cl)c4c3)C2)O[C@H]1c1ccccc1,False,8.075720713938118,,,
C[C@@H]1N=C(N2CCN(C(=O)[C@H](N)CCCCN3CCCCC3)[C@H](C(=O)NCc3cccc(Cl)c3)C2)O[C@H]1c1cccc(Br)c1,False,7.442492798094342,,,
C[C@@H]1N=C(N2CCN(C(=O)[C@H](N)CCCCN3CCCCC3)[C@H](C(=O)NCc3cccc(Cl)c3)C2)O[C@H]1c1ccccc1,False,7.657577319177793,,,
C[C@@H]1N=C(N2CCN(C(=O)[C@H](N)CCCCN3CCCCC3)[C@H](C(=O)NCc3cccs3)C2)O[C@H]1c1ccccc1,False,7.642065152999546,,,
C[C@@H]1N=C(N2CCN(C(=O)[C@H](NC3CCC(C(N)=O)CC3)[C@H]3CC[C@H](N4CCCCC4)CC3)[C@H](C(=O)NCc3cccs3)C2)O[C@H]1c1ccccc1,False,8.823908740944319,,,
C[C@@H]1NC(=O)[C@H](Cc2ccc(O)cc2)NC(=O)CSC[C@@H](C(N)=O)NC(=O)CNC(=O)CNC(=O)[C@H](CCCNC(=N)N)NC(=O)[C@H](CC(=O)O)NC(=O)[C@H](CCCCN)NC(=O)[C@@H]2CCCN2C(=O)[C@H](CCCNC(=N)N)NC(=O)[C@H](Cc2ccccc2)NC(=O)[C@H](CCCNC(=N)N)NC1=O,False,3.537602002101044,,,
C[C@@H]1OC2=C(C(=O)C(=N)c3c(O)c(O)cc(C=O)c32)C1(C)C,False,,,4.301029995663981,
C[C@@](N)(Cc1ccccc1)C(=O)N1CCC[C@H]1C(=O)NC(CCCN=C(N)N)C(=O)c1nc2ccccc2s1,False,,,8.455931955649724,
C[C@@]1(CO)C=C2CC[C@@H]3[C@](C)(CO)C[C@@H](O)C[C@@]3(C)[C@@H]2CC1,False,,6.017728766960431,,
C[C@@]1(CO)C[C@@H](O)C[C@@]2(C)C3=C(CC[C@H]12)[C@H]1OC[C@H](O)[C@@]1(C)CC3,False,,4.554395796726403,,
C[C@@]1(CO)C[C@@H](O)C[C@@]2(C)[C@@H]3CC[C@@]4(C)[C@H](OC[C@@H]4O)C3=CC[C@H]12,False,,4.7495799976911055,,
C[C@@]1(CO)C[C@@H](O)C[C@@]2(C)[C@@H]3CC[C@](C)(C(=O)O)C=C3CC[C@H]12,False,,6.657577319177793,,
C[C@@]1(CO)C[C@@H](O)C[C@@]2(C)[C@@H]3CC[C@](C)([C@@H](O)CO)C=C3CC[C@H]12,False,,5.596232485965573,,
C[C@@]1(CO)C[C@@H](O)C[C@]2(C)[C@@H]1CC[C@@]13O[C@@H](CO)[C@@](C)(CC[C@@H]21)[C@H]3Br,False,,5.327902142064283,,
C[C@@]1(CO)C[C@@H](O)C[C@]2(C)[C@@H]1CC[C@@]13O[C@H](CO)[C@@](C)(CC[C@@H]21)[C@H]3Br,False,,5.102372908709558,,
C[C@@]12CC[C@@H]3[C@@](CC[C@H]4[C@@]3(C)CCC[C@@]4(C)C(=O)O)(CC1=O)C2,False,,6.192681496667978,,
C[C@H](C(=O)N1CCC[C@H]1C(=O)NC(C=O)CCCN=C(N)N)c1ccccc1,False,,4.508638306165727,7.026872146400302,
C[C@H](C(=O)N1CCC[C@H]1C(=O)N[C@H](C=O)CCCN=C(N)N)c1ccccc1,False,,,5.292429823902063,
C[C@H](C(=O)N[C@H]1CCCC(C(=N)N)C1O)N1CCCC[C@H](NS(=O)(=O)Cc2ccccc2)C1=O,False,,,5.6020599913279625,
C[C@H](CCc1ccccc1)Nc1c(F)c(Oc2cccc(C(=N)N)c2)nc(Oc2ccccc2C(=O)O)c1F,False,,4.292429823902063,,
C[C@H](NC(=O)Cn1c(CN(C(=O)c2ccc(C(=O)O)cc2)c2ccc(OC3CCN(C(=N)N)CC3)cc2)nc2cc(C(=N)N)ccc21)c1ccccc1.Cl.Cl,False,,8.522878745280337,5.0,
C[C@H](NC(=O)[C@@H](CC1CCCCC1)NCC(=O)O)C(=O)NCc1ccc(C(=N)N)nc1,False,,,7.114638779968488,
C[C@H](NC(=O)[C@@H](CCCN=C(N)N)NC(=O)OC(C)(C)C)C(=O)N[C@H](C=O)CCCN=C(N)N,False,,6.777283528852417,5.301029995663981,
C[C@H](NC(=O)[C@@H](CO)NC(=O)C1C2CC3CC(C2)CC1C3)C(=O)NC(Cc1ccc(NC(=N)N)cc1)P(=O)(Oc1ccccc1)Oc1ccccc1,False,,,5.221848749616356,
C[C@H](NC(=O)[C@@H](CO)NC(=O)OCc1ccccc1)C(=O)NC(CCCN=C(N)N)P(=O)(Oc1ccccc1)Oc1ccccc1,False,,4.187086643357144,6.301029995663981,
C[C@H](NC(=O)[C@@H](CO)NC(=O)OCc1ccccc1)C(=O)NC(Cc1ccc(NC(=N)N)cc1)P(=O)(Oc1ccccc1)Oc1ccccc1,False,,4.102372908709558,4.610924374808178,
C[C@H](NC(=O)[C@@H](CO)NC(=O)c1ccccc1)C(=O)NC(Cc1ccc(NC(=N)N)cc1)P(=O)(Oc1ccccc1)Oc1ccccc1,False,,,4.657577319177793,
C[C@H](NC(=O)[C@@H](CO)NC(=O)c1cccs1)C(=O)NC(Cc1ccc(NC(=N)N)cc1)P(=O)(Oc1ccccc1)Oc1ccccc1,False,,,4.455931955649724,
C[C@H](NC(=O)[C@@H](CO)NS(=O)(=O)Cc1ccccc1)C(=O)NC(Cc1ccc(NC(=N)N)cc1)P(=O)(Oc1ccccc1)Oc1ccccc1,False,,4.474955192963154,6.113509274827518,
C[C@H](NC(=O)[C@@H](CO)NS(=O)(=O)c1ccc(Br)cc1)C(=O)NC(Cc1ccc(NC(=N)N)cc1)P(=O)(Oc1ccccc1)Oc1ccccc1,False,,,5.525783735923745,
C[C@H](NC(=O)[C@@H](CO)NS(=O)(=O)c1ccc(C#N)cc1)C(=O)NC(Cc1ccc(NC(=N)N)cc1)P(=O)(Oc1ccccc1)Oc1ccccc1,False,,,5.1249387366083,
C[C@H](NC(=O)[C@@H](CO)NS(=O)(=O)c1cccc2ccccc12)C(=O)NC(Cc1ccc(NC(=N)N)cc1)P(=O)(Oc1ccccc1)Oc1ccccc1,False,,,5.221848749616356,
C[C@H](NC(=O)[C@@H](CO)NS(=O)(=O)c1ccccc1)C(=O)NC(Cc1ccc(NC(=N)N)cc1)P(=O)(Oc1ccccc1)Oc1ccccc1,False,,,5.309803919971486,
C[C@H](NC(=O)[C@@H](CO)NS(=O)(=O)c1cccs1)C(=O)NC(Cc1ccc(NC(=N)N)cc1)P(=O)(Oc1ccccc1)Oc1ccccc1,False,,,5.366531544420414,
C[C@H](NC(=O)[C@@H]1CCCN1C(=O)CCCc1ccccc1)C(=O)c1nccs1,False,,,3.0,
C[C@H](NS(=O)(=O)c1ccc2ccccc2c1)C(=O)N1CCC[C@H]1CNC(=O)[C@H]1CCCN(C(=N)N)C1,False,,,7.1249387366083,
C[C@H]1C(=O)N(CCCc2ccccc2)CC(=O)N1CC(=O)N[C@@H](C[C@@H]1CCCN(C(=N)N)C1)C(=O)c1nccs1,False,,,6.119186407719209,
C[C@H]1CCN(C(=O)CNS(=O)(=O)c2ccc3ccccc3c2)[C@H](C(=O)NCCCCN=C(N)N)C1,False,,,5.5376020021010435,
C[C@H]1CCN(C(=O)[C@H](CO)NS(=O)(=O)c2ccc3ccccc3c2)[C@H](C(=O)NCCCCN=C(N)N)C1,False,,,6.2076083105017466,
C[C@H]1CN([C@H]2C[C@@H](C(=O)Nc3ccccc3)N(C(=O)/C=C/c3cc(Cl)ccc3-n3cnnn3)C2)CCN1S(N)(=O)=O,False,,4.0,4.0,
C[C@H]1N=C(N2CCN(C(=O)[C@@H](CC3CCCCC3)NC3CCCCC3)[C@H](C(=O)NCc3cccs3)C2)O[C@H]1c1ccccc1,False,7.767003889607846,,,
C[C@H]1N=C(N2CCN(C(=O)[C@@H](CCCCN(C)C)NC3CCC4(CC3)CCN(Cc3ccccc3)C4)[C@H](C(=O)NCc3cccs3)C2)O[C@@H]1c1ccccc1,False,8.0268721464003,,,
C[C@H]1N=C(N2CCN(C(=O)[C@@H](CCCCNS(C)(=O)=O)NC3CCCCC3)[C@H](C(=O)NCc3cccs3)C2)O[C@H]1c1ccccc1,False,7.858688943560969,,,
C[C@]1(O)CC[C@@H]2CCC(C(=O)NCc3ccc(C(=N)N)cc3)N2C1=O.Cl,False,,,6.568636235841013,
C[C@]1(O)CC[C@@H]2CC[C@@H](C(=O)NCc3ccc(C(=N)N)cc3)N2C1=O.Cl,False,,,6.599997654072044,
C[C@]1(O)C[C@H](C2=C/C=C\C=C/C=C\2)[C@]2(COc3ccccc3C2=O)n2c(=O)n(-c3ccccc3)c(=O)n21,False,,,,7.235077015350112
C[C@]12CC[C@@H]3[C@](CC[C@@H]4[C@](C)(CO)C[C@@H](O)C[C@]43C)(C1)OC2,False,,5.130768280269024,,
C[C@]12CC[C@@H]3[C@](CC[C@@H]4[C@](C)(CO)C[C@@H](O)C[C@]43C)(C1)OC2=O,False,,5.769551078621726,,
C[C@]12CC[C@@H]3[C@](CC[C@@H]4[C@](C)(CO)C[C@@H](O)C[C@]43C)(C1)O[C@H]2CO,False,,5.214670164989233,,
C[N+](C)(C)CCCC[C@@H](NC1CCCCC1)C(=O)N1CC[C@@H](NC(=O)N2CCC3(CC2)CC3)[C@@H](C(=O)NCc2ccccc2)C1,False,8.301029995663981,,,
C[N+](C)(C)Cc1ccc(C(=O)Nc2ccc(Cl)cc2C(=O)Nc2ccc(Cl)cn2)cc1,False,,9.096910013008056,4.958607314841775,
C[N+]1(C)CCc2nc(C(=O)N3CCN(S(=O)(=O)c4ccc5cc(Cl)ccc5c4)CC3)sc2C1.[I-],False,,8.10790539730952,5.494850021680094,
C[N+]1(Cc2ccc(C(=O)Nc3ccc(Cl)cc3C(=O)Nc3ccc(Cl)cn3)cc2)CCCC1,False,,8.638272163982407,4.958607314841775,
C[S@+]([O-])CCOC(=O)[C@H](CNC(=O)c1ccc(Cl)s1)NS(=O)(=O)c1cccc(N2CCC[C@@H](O)C2)c1,False,,8.059593203859604,8.82565290486723,
C[S@+]([O-])CCOC(=O)[C@H](CNC(=O)c1ccc(Cl)s1)NS(=O)(=O)c1cccc(N2CCC[C@H](O)C2)c1,False,,8.261439372640169,8.935800365641096,
C[n+]1ccn(C(=O)N(c2ccccc2)c2ccccc2)c1.[Cl-],False,5.36930166510435,,,
Cc1[nH]c2ccccc2c1NC(=O)CN1CCN(C(=O)c2ccco2)CC1,False,4.301029995663981,,,
Cc1c(-c2ccccc2)[nH]c2ccc(C(=N)N)cc12,False,,,4.180456064458132,
Cc1c(-c2ccccn2)cccc1S(=O)(=O)N[C@@H](CC(=O)Nc1ccc(Cl)s1)C(=O)N1CCC(=C(F)F)CC1,False,,5.522878745280337,5.3979400086720375,
Cc1c(-c2ccccn2)cccc1S(=O)(=O)N[C@@H](CCCc1ccc(N)cn1)C(=O)N1CCC(=C(F)F)CC1,False,,5.455931955649724,6.4089353929735005,
Cc1c(-c2ccccn2)cccc1S(=O)(=O)N[C@@H](CNC(=O)c1csc(Cl)c1)C(=O)N1CCC(=C(F)F)CC1,False,,6.838631997765025,6.050609993355087,
Cc1c(-c2cccs2)[n+]([O-])c2c([n+]1[O-])CCC2,False,,,4.301029995663981,
Cc1c(C(=N)N)csc1CNC(=O)[C@@H]1C=CCN1C(=O)[C@@H](CC1CCCCC1)NCC(=O)O,False,,,8.005243055412372,
Cc1c(C(=O)C2=C(O)C(=O)N(CCN3CCOCC3)C2c2cccs2)cnn1-c1ccccc1,False,4.301029995663981,,,
Cc1c(C(=O)N(Cc2ccccc2)Cc2cccs2)cnn1-c1ccc(Cl)cc1,False,4.301029995663981,,,
Cc1c(C(=O)N2CCC(C(N)=O)CC2)sc(N)c1C#N,False,,,4.301029995663981,
Cc1c(C(=O)N2CCOCC2)sc2ncnc(N3CCc4ccccc4C3)c12,False,4.301029995663981,,,
Cc1c(C(=O)N2Cc3ccccc3C[C@H]2C(=O)Nc2ccc(N3CCOCC3=O)cc2)sc2ccc(Cl)cc12,False,,5.267606240177032,,
Cc1c(C(=O)OCCOC(C)C)[nH]c2c1C(=O)CC(C)(C)C2,False,4.301029995663981,,,
Cc1c(C)c(CNC(=O)[C@@H]2CCCN2C(=O)C(N)C(c2ccccc2)c2ccccc2)c(C)c(C)c1CN,False,,,4.94692155651658,
Cc1c(C)c(S(=O)(=O)NCC(=O)NC(Cc2ccc3c(N)nccc3c2)C(=O)N2CCCCC2)c(C)c2c1OC(C)(C)CC2,False,,,4.552841968657781,
Cc1c(C)c(S(=O)(=O)NNC(=O)NC(Cc2ccc3c(N)nccc3c2)C(=O)N2CCCCC2)c(C)c2c1OC(C)(C)CC2,False,,,5.958607314841775,
Cc1c(C)n(CCC#N)c2ccccc12,False,4.301029995663981,,,
Cc1c(CNC(=O)[C@@H]2C=CCN2C(=O)[C@@H](CC2CCCCC2)NCC(=O)O)sc(C(=N)N)c1C,False,,,5.966576244513051,
Cc1c(Cl)cccc1NC(=O)Cc1ccc([N+](=O)[O-])cc1,False,,,4.301029995663981,
Cc1c(Cl)cccc1Nc1nc(N)nc(CN2CCc3ccccc3C2)n1,False,4.301029995663981,,,
Cc1c(Cl)cnc(NC(=O)COC(=O)CCC(=O)c2cccs2)c1Cl,False,,,5.55790295495278,
Cc1c(Cl)nc(NCCc2ccccc2)c(=O)n1CC(=O)NCc1ccc(C(=N)N)cc1,False,,,7.221848749616356,
Cc1c(F)c(Oc2cccc(C(=N)N)c2)nc(Oc2ccccc2C(=O)O)c1F,False,,5.0,,
Cc1c(N(C)C(=O)C2CCCN2S(=O)(=O)c2ccccc2)c(=O)n(-c2ccccc2)n1C,False,,,4.301029995663981,
Cc1c(N2CCCC2=O)cccc1S(=O)(=O)N[C@@H](CNC(=O)c1ccc(Cl)s1)C(=O)N1CCN(C)CC1,False,,8.83889035263304,8.659379381312206,
Cc1c(N2CCCC2=O)cccc1S(=O)(=O)N[C@@H](CNC(=O)c1ccc(Cl)s1)C(=O)N1CCN(C)CC1.Cl,False,,9.0,7.721246399047171,
Cc1c(N2CCCC2=O)cccc1S(=O)(=O)N[C@@H](CNC(=O)c1ccc(Cl)s1)C(=O)O,False,,6.360623199523586,5.543093073808142,
Cc1c(N2CCCC2=O)cccc1S(=O)(=O)N[C@@H](CNC(=O)c1ccc(Cl)s1)C(=O)OC1CCN(C)CC1.Cl,False,,8.179759281514789,6.68837535480105,
Cc1c(N2CCCC2=O)cccc1S(=O)(=O)N[C@@H](CNC(=O)c1ccc(Cl)s1)C(=O)OCCN(C)C.Cl,False,,8.586638739915504,7.444705144850376,
Cc1c(N2CCCC2=O)cccc1S(=O)(=O)N[C@@H](CNC(=O)c1ccc(Cl)s1)C(=O)OCCN1CCNC1=O,False,,8.788213240133633,7.939220077906249,
Cc1c(N2CCCC2=O)cccc1S(=O)(=O)N[C@@H](CNC(=O)c1ccc(Cl)s1)C(=O)OCCS(C)(=O)=O,False,,8.364881341863363,7.888047393424641,
Cc1c(N2CCCC2=O)cccc1S(=O)(=O)N[C@@H](CNC(=O)c1ccc(Cl)s1)C(=O)OC[C@H](O)C(F)(F)F,False,,8.746341979961793,8.030740137411755,
Cc1c(N2CCCC2CO)cccc1S(=O)(=O)N[C@@H](CNC(=O)c1ccc(Cl)s1)C(=O)OCC[S+](C)[O-],False,,8.157353109306609,8.74539873883445,
Cc1c(N2CCOCC2=O)cccc1S(=O)(=O)N[C@@H](CNC(=O)c1ccc(Cl)s1)C(=O)N1CCN(C)CC1,False,,8.744727494896694,7.3872161432802645,
Cc1c(N2CCOCC2=O)cccc1S(=O)(=O)N[C@@H](CNC(=O)c1ccc(Cl)s1)C(=O)N1CCOC[C@@H]1C,False,,8.721246399047171,7.096910013008056,
Cc1c(N2CC[C@@H](O)C2)cccc1S(=O)(=O)N[C@@H](CNC(=O)c1ccc(Cl)s1)C(=O)OCC[S@+](C)[O-].Cl,False,,7.793182501400722,8.912679403669776,
Cc1c(N2CC[C@H](O)C2)cccc1S(=O)(=O)N[C@@H](CNC(=O)c1ccc(Cl)s1)C(=O)OCC[S@+](C)[O-].O=C(O)C(F)(F)F,False,,8.232986946971932,8.814835996110244,
Cc1c(N2CC[C@H](O)C2=O)cccc1S(=O)(=O)N[C@@H](CNC(=O)c1ccc(Cl)s1)C(=O)OCCc1nccn1C.Cl,False,,9.086638739915504,7.449126463026817,
Cc1c(NC(=O)CSc2nc3ccccc3s2)c(=O)n(-c2ccccc2)n1C,False,4.301029995663981,,,
Cc1c(NC(=O)c2ccc(Br)o2)cccc1C(=O)O,False,4.301029995663981,,,
Cc1c(NS(=O)(=O)c2ccc(Cl)c(C(=O)OCC(=O)NCc3ccco3)c2)c(=O)n(-c2ccccc2)n1C,False,,,4.301029995663981,
Cc1c(S(=O)(=O)N2CCN(CC(=O)NC(CCCN=C(N)N)C(=O)c3nccs3)C(=O)C2)sc2ccc(Cl)cc12,False,,9.292429823902063,6.124360062995832,
Cc1c[nH]c2c(N/C(=C\C#N)N[C@H]3CCCCN(CC(=O)N4CCCC4)C3=O)cccc12,False,,6.4736607226101555,,
Cc1c[nH]c2c(N/C(N[C@H]3CCCCN(CC(=O)N4CCCC4)C3=O)=C(/C#N)C(=O)N(C)C)cccc12,False,,6.928117992693875,,
Cc1c[nH]c2c(NC(N[C@H]3CCCCN(CC(=O)N4CCCC4)C3=O)=C(C#N)C#N)cccc12,False,,6.943095148663527,,
Cc1cc(-c2ccc(S(=O)(=O)Nn3ccc(C)c(CC(=O)NCc4ccc(N)nc4)c3=O)cc2)c(C)s1.Cl,False,,,4.35261702988538,
Cc1cc(-c2nsc(=O)o2)c(S(C)(=O)=O)s1,False,5.122081235284984,,,
Cc1cc(-n2ccnc2)n2c(nc3ccccc32)c1C#N,False,4.301029995663981,,,
Cc1cc(=O)n2c(n1)SCOC2,False,4.301029995663981,,,
Cc1cc(=O)oc2cc(OC(=O)CCN3C(=O)c4ccccc4C3=O)ccc12,True,4.301029995663981,,,
Cc1cc(=O)oc2cc(OC(=O)c3ccco3)ccc12,True,4.301029995663981,,6.022866521658244,
Cc1cc(Br)c2[nH]c3c(c2c1)CCCC3=O,False,4.301029995663981,,,
Cc1cc(C(=O)CSc2nnnn2C)c(C)n1-c1cccc(F)c1,False,,,4.301029995663981,
Cc1cc(C(=O)N/N=C/c2cccc(OC(=O)c3ccco3)c2)[nH]n1,False,5.485806999610491,,,
Cc1cc(C(=O)NCc2ccc(CN)cc2)c(C)n1Cc1csc(-c2ccccc2)n1,False,5.0,,4.3979400086720375,
Cc1cc(C(=O)Nc2cc(C(=N)N(C)C)cs2)n(-c2cc3ccccc3cc2F)n1,False,,6.423658649794207,,
Cc1cc(C(=O)Nc2ccc(-c3cccc(C(=N)N(C)C)c3)cc2)n(-c2ccc3cc(Cl)ccc3c2)n1,False,,6.42021640338319,,
Cc1cc(C(=O)Nc2ccc(-c3cccc(C(=N)N)c3)cc2)n(-c2ccc3cc(Cl)ccc3c2)n1,False,,7.1249387366083,,
Cc1cc(C(=O)Nc2ccc(-c3cccc(CN)c3)cc2)n(-c2ccc3cc(Cl)ccc3c2)n1,False,,7.154901959985743,,
Cc1cc(C(=O)Nc2ccc(-c3ccccc3C(=N)N(C)C)cc2)n(-c2ccc3cc(Cl)ccc3c2)n1,False,,7.585026652029182,,
Cc1cc(C(=O)Nc2ccc(-c3ccccc3C(F)(F)F)cc2)n(-c2cccc(C(=N)N)c2)n1,False,,10.397940008672037,,
Cc1cc(C(=O)Nc2ccc(-c3ccccc3CN(C)C)cc2)n(-c2ccc3cc(Cl)ccc3c2)n1,False,,8.301029995663981,,
Cc1cc(C(=O)Nc2ccc(-c3ccccc3CN(C)C)cc2F)n(-c2cc3ccccc3cc2S(C)(=O)=O)n1,False,,8.154901959985743,5.0,
Cc1cc(C(=O)Nc2ccc(-c3ccccc3CN(C)C)cc2F)n(-c2ccc3cc(Cl)ccc3c2)n1,False,,8.698970004336019,5.259637310505756,
Cc1cc(C(=O)Nc2ccc(-c3ccccc3CN)cc2)n(-c2ccc3cc(Cl)ccc3c2)n1,False,,7.4089353929735005,,
Cc1cc(C(=O)Nc2ccc(-c3ccccc3CN)cc2F)n(-c2cc3ccccc3cc2F)n1,False,,8.698970004336019,5.0,
Cc1cc(C(=O)Nc2ccc(-c3ccccc3S(C)(=O)=O)cc2)n(-c2ccc3cc(Cl)ccc3c2)n1,False,,8.397940008672037,,
Cc1cc(C(=O)Nc2ccc(-c3ccccc3S(C)(=O)=O)cc2)n(-c2cccc(C(=N)N)c2)n1,False,,11.096910013008056,,
Cc1cc(C(=O)Nc2ccc(-c3ccccc3S(C)(=O)=O)cc2F)n(-c2cc3ccccc3cc2F)n1,False,,7.853871964321762,,
Cc1cc(C(=O)Nc2ccc(-c3ccccc3S(C)(=O)=O)cc2F)n(-c2cc3ccccc3cc2S(C)(=O)=O)n1,False,,8.045757490560675,5.0,
Cc1cc(C(=O)Nc2ccc(-c3ccccc3S(C)(=O)=O)cc2F)n(-c2ccc3cc(Cl)ccc3c2)n1,False,,8.221848749616356,,
Cc1cc(C(=O)Nc2ccc(-c3ccccc3S(N)(=O)=O)cc2)n(-c2cc3ccccc3cc2Br)n1,False,,6.844663962534939,4.958607314841775,
Cc1cc(C(=O)Nc2ccc(-c3ccccc3S(N)(=O)=O)cc2)n(-c2cc3ccccc3cc2C#N)n1,False,,8.221848749616356,4.958607314841775,
Cc1cc(C(=O)Nc2ccc(-c3ccccc3S(N)(=O)=O)cc2)n(-c2cc3ccccc3cc2C(=N)N(C)C)n1,False,,5.782516055786093,4.958607314841775,
Cc1cc(C(=O)Nc2ccc(-c3ccccc3S(N)(=O)=O)cc2)n(-c2cc3ccccc3cc2C(=N)N)n1,False,,7.6777807052660805,4.958607314841775,
Cc1cc(C(=O)Nc2ccc(-c3ccccc3S(N)(=O)=O)cc2)n(-c2cc3ccccc3cc2C(=O)O)n1,False,,6.424812155072339,4.958607314841775,
Cc1cc(C(=O)Nc2ccc(-c3ccccc3S(N)(=O)=O)cc2)n(-c2cc3ccccc3cc2C(N)=O)n1,False,,7.619788758288394,4.958607314841775,
Cc1cc(C(=O)Nc2ccc(-c3ccccc3S(N)(=O)=O)cc2)n(-c2cc3ccccc3cc2C2=NCCN2)n1,False,,5.106793246940152,4.958607314841775,
Cc1cc(C(=O)Nc2ccc(-c3ccccc3S(N)(=O)=O)cc2)n(-c2cc3ccccc3cc2CN)n1,False,,7.42021640338319,4.958607314841775,
Cc1cc(C(=O)Nc2ccc(-c3ccccc3S(N)(=O)=O)cc2)n(-c2cc3ccccc3cc2CO)n1,False,,6.316052869248487,4.958607314841775,
Cc1cc(C(=O)Nc2ccc(-c3ccccc3S(N)(=O)=O)cc2)n(-c2cc3ccccc3cc2F)n1,False,,8.045757490560675,4.958607314841775,
Cc1cc(C(=O)Nc2ccc(-c3ccccc3S(N)(=O)=O)cc2)n(-c2cc3ccccc3cc2O)n1,False,,4.958607314841775,4.958607314841775,
Cc1cc(C(=O)Nc2ccc(-c3ccccc3S(N)(=O)=O)cc2)n(-c2cc3ccccc3cc2S(C)(=O)=O)n1,False,,7.346787486224656,4.958607314841775,
Cc1cc(C(=O)Nc2ccc(-c3ccccc3S(N)(=O)=O)cc2)n(-c2cc3ccccc3cc2S(N)(=O)=O)n1,False,,7.619788758288394,4.958607314841775,
Cc1cc(C(=O)Nc2ccc(-c3ccccc3S(N)(=O)=O)cc2)n(-c2ccc3cc(Br)ccc3c2)n1,False,,7.7447274948966935,4.958607314841775,
Cc1cc(C(=O)Nc2ccc(-c3ccccc3S(N)(=O)=O)cc2)n(-c2ccc3cc(Cl)ccc3c2)n1,False,,7.958607314841775,4.958607314841775,
Cc1cc(C(=O)Nc2ccc(-c3ccccc3S(N)(=O)=O)cc2)n(-c2ccc3cc(O)ccc3c2)n1,False,,5.454692883534176,4.958607314841775,
Cc1cc(C(=O)Nc2ccc(-c3ccccc3S(N)(=O)=O)cc2)n(-c2ccc3ccccc3c2)n1,False,,6.982966660701219,4.958607314841775,
Cc1cc(C(=O)Nc2ccc(-c3ccccc3S(N)(=O)=O)cc2)n(-c2nc3ccc(Cl)cc3s2)n1,False,,4.958607314841775,,
Cc1cc(C(=O)Nc2ccc(-c3ccccc3S(N)(=O)=O)cc2F)n(-c2cc3ccccc3cc2F)n1,False,,7.5376020021010435,,
Cc1cc(C(=O)Nc2ccc(-c3ccccc3S(N)(=O)=O)cc2F)n(-c2cc3ccccc3cc2S(C)(=O)=O)n1,False,,8.301029995663981,,
Cc1cc(C(=O)Nc2ccc(-c3ccccc3S(N)(=O)=O)cc2F)n(-c2ccc3cc(Cl)ccc3c2)n1,False,,8.522878745280337,,
Cc1cc(C(=O)Nc2ccc(-c3ccccc3S(N)(=O)=O)cn2)n(-c2cc3ccccc3cc2F)n1,False,,7.0915149811213505,,
Cc1cc(C(=O)Nc2ccc(-c3ccccc3S(N)(=O)=O)cn2)n(-c2cc3ccccc3cc2S(C)(=O)=O)n1,False,,7.337242168318426,,
Cc1cc(C(=O)Nc2ccc(-c3ccccc3S(N)(=O)=O)cn2)n(-c2ccc3cc(Cl)ccc3c2)n1,False,,8.301029995663981,,
Cc1cc(C(=O)Nc2ccc(-c3ccccn3)cc2F)n(-c2ccc3cc(Cl)ccc3c2)n1,False,,7.026872146400302,,
Cc1cc(C(=O)Nc2ccc(-c3cccnc3)cc2F)n(-c2ccc3cc(Cl)ccc3c2)n1,False,,7.036212172654444,,
Cc1cc(C(=O)Nc2ccc(-c3ccncc3)cc2F)n(-c2ccc3cc(Cl)ccc3c2)n1,False,,7.3979400086720375,,
Cc1cc(C(=O)Nc2ccc(-n3cccn3)cc2)n(-c2ccc3cc(Cl)ccc3c2)n1,False,,6.667561540084395,,
Cc1cc(C(=O)Nc2ccc(-n3ccnc3)cc2)n(-c2ccc3cc(Cl)ccc3c2)n1,False,,6.966576244513051,,
Cc1cc(C(=O)Nc2ccc(-n3ccnc3C)cc2)n(-c2ccc3cc(Cl)ccc3c2)n1,False,,8.096910013008056,,
Cc1cc(C(=O)Nc2ccc(-n3ccnc3C)cc2F)n(-c2ccc3cc(Cl)ccc3c2)n1,False,,7.823908740944319,,
Cc1cc(C(=O)Nc2ccc(-n3ccnc3CN(C)C)cc2)n(-c2ccc3cc(Cl)ccc3c2)n1,False,,8.096910013008056,,
Cc1cc(C(=O)Nc2ccc(-n3ccnc3CN(C)C)cc2F)n(-c2cc3ccccc3cc2S(C)(=O)=O)n1,False,,8.096910013008056,,
Cc1cc(C(=O)Nc2ccc(-n3ccnc3CN(C)C)cc2F)n(-c2ccc3cc(Cl)ccc3c2)n1,False,,8.397940008672037,,
Cc1cc(C(=O)Nc2ccc(-n3ccnc3CN)cc2F)n(-c2cc3ccccc3cc2F)n1,False,,7.886056647693163,,
Cc1cc(C(=O)Nc2ccc(-n3ccnn3)cc2)n(-c2ccc3cc(Cl)ccc3c2)n1,False,,6.950781977329818,,
Cc1cc(C(=O)Nc2ccc(-n3nccn3)cc2)n(-c2ccc3cc(Cl)ccc3c2)n1,False,,5.6777807052660805,,
Cc1cc(C(=O)Nc2ccc(C(=N)N(C)C)cc2)n(-c2cc3ccccc3cc2F)n1,False,,7.7447274948966935,,
Cc1cc(C(=O)Nc2ccc(C(=N)N(C)C)cc2F)n(-c2cc3ccccc3cc2F)n1,False,,7.657577319177793,5.0,
Cc1cc(C(=O)Nc2ccc(C(=N)N(C)C)cc2F)n(-c2cc3ccccc3cc2S(C)(=O)=O)n1,False,,7.920818753952375,,
Cc1cc(C(=O)Nc2ccc(C(=N)N(C)C)cc2F)n(-c2ccc3cc(Cl)ccc3c2)n1,False,,8.301029995663981,5.0,
Cc1cc(C(=O)Nc2ccc(C(=N)N(C)C)s2)n(-c2cc3ccccc3cc2F)n1,False,,6.291579099865287,,
Cc1cc(C(=O)Nc2ccc(C(=N)N(C)CCN(C)C)cc2F)n(-c2cc3ccccc3cc2F)n1,False,,7.318758762624412,,
Cc1cc(C(=O)Nc2ccc(C(=N)N(C)Cc3ccccc3)cc2F)n(-c2cc3ccccc3cc2F)n1,False,,7.096910013008056,,
Cc1cc(C(=O)Nc2ccc(C(=N)N)cc2F)n(-c2cc3ccccc3cc2F)n1,False,,6.1095789811990855,,
Cc1cc(C(=O)Nc2ccc(C(=N)N3CCC3)cc2F)n(-c2cc3ccccc3cc2F)n1,False,,7.301029995663981,,
Cc1cc(C(=O)Nc2ccc(C(=N)N3CCCC3)cc2F)n(-c2cc3ccccc3cc2F)n1,False,,8.221848749616356,,
Cc1cc(C(=O)Nc2ccc(C(=N)N3CCCC3)cc2F)n(-c2cc3ccccc3cc2S(C)(=O)=O)n1,False,,7.823908740944319,,
Cc1cc(C(=O)Nc2ccc(C(=N)N3CCCC3)cc2F)n(-c2ccc3cc(Cl)ccc3c2)n1,False,,8.154901959985743,,
Cc1cc(C(=O)Nc2ccc(C(=N)N3CCCCC3)cc2F)n(-c2cc3ccccc3cc2F)n1,False,,8.096910013008056,,
Cc1cc(C(=O)Nc2ccc(C(=N)N3CCCCC3)cc2F)n(-c2cc3ccccc3cc2S(C)(=O)=O)n1,False,,7.552841968657781,,
Cc1cc(C(=O)Nc2ccc(C(=N)N3CCCCC3)cc2F)n(-c2ccc3cc(Cl)ccc3c2)n1,False,,8.154901959985743,,
Cc1cc(C(=O)Nc2ccc(C(=N)N3CCCCCC3)cc2F)n(-c2cc3ccccc3cc2F)n1,False,,7.301029995663981,,
Cc1cc(C(=O)Nc2ccc(C(=N)N3CCOCC3)cc2F)n(-c2cc3ccccc3cc2F)n1,False,,6.872895201635193,,
Cc1cc(C(=O)Nc2ccc(C(=O)N(C)C)cc2)n(-c2ccc3cc(Cl)ccc3c2)n1,False,,7.886056647693163,,
Cc1cc(C(=O)Nc2ccc(C(=O)N3CCCC3)cc2)n(-c2ccc3cc(Cl)ccc3c2)n1,False,,8.221848749616356,,
Cc1cc(C(=O)Nc2ccc(C(=O)N3CCCCC3)cc2)n(-c2ccc3cc(Cl)ccc3c2)n1,False,,7.180456064458132,,
Cc1cc(C(=O)Nc2ccc(C3=NCCN3C)cc2F)n(-c2cc3ccccc3cc2F)n1,False,,7.7447274948966935,5.0,
Cc1cc(C(=O)Nc2ccc(C3=NCCN3C)cc2F)n(-c2cc3ccccc3cc2S(C)(=O)=O)n1,False,,7.853871964321762,,
Cc1cc(C(=O)Nc2ccc(C3=NCCN3C)cc2F)n(-c2ccc3cc(Cl)ccc3c2)n1,False,,8.096910013008056,,
Cc1cc(C(=O)Nc2ccc(N3CCCC3=O)cc2F)n(-c2cc3ccccc3cc2S(C)(=O)=O)n1,False,,7.236572006437063,,
Cc1cc(C(=O)Nc2ccc(N3CCCCC3)cc2)n(-c2ccc3cc(Cl)ccc3c2)n1,False,,6.882728704344236,,
Cc1cc(C(=O)Nc2ccc(N3CCCCC3=O)cc2)n(-c2ccc3cc(Cl)ccc3c2)n1,False,,8.522878745280337,,
Cc1cc(C(=O)Nc2ccc(N3CCCCC3=O)cc2F)n(-c2cc3ccccc3cc2S(C)(=O)=O)n1,False,,7.568636235841013,,
Cc1cc(C(=O)Nc2ccc(N3CCCCCC3=O)cc2F)n(-c2cc3ccccc3cc2S(C)(=O)=O)n1,False,,7.327902142064283,,
Cc1cc(C(=O)Nc2ccc(N3CCCN(C)CC3)cc2)n(-c2ccc3cc(Cl)ccc3c2)n1,False,,7.657577319177793,,
Cc1cc(C(=O)Nc2ccc(N3CCCNCC3)cc2)n(-c2ccc3cc(Cl)ccc3c2)n1,False,,7.443697499232712,,
Cc1cc(C(=O)Nc2ccc(N3CCN(C)CC3)cc2)n(-c2ccc3cc(Cl)ccc3c2)n1,False,,6.779891911959945,,
Cc1cc(C(=O)Nc2ccc(N3CCNCC3=O)cc2F)n(-c2cc3ccccc3cc2S(C)(=O)=O)n1,False,,7.3872161432802645,,
Cc1cc(C(=O)Nc2ccc(N3CCNCCC3=O)cc2)n(-c2ccc3cc(Cl)ccc3c2)n1,False,,6.886056647693163,,
Cc1cc(C(=O)Nc2ccc(N3CCNCCC3=O)cc2F)n(-c2cc3ccccc3cc2S(C)(=O)=O)n1,False,,6.167491087293763,,
Cc1cc(C(=O)Nc2ccc(N3CCOCC3)cc2)c2ccccc2n1,False,4.301029995663981,,,
Cc1cc(C(=O)Nc2ccc(N3CCOCC3)cc2)n(-c2ccc3cc(Cl)ccc3c2)n1,False,,7.055517327849832,,
Cc1cc(C(=O)Nc2ccc(N3CCOCC3=O)cc2)n(-c2ccc3cc(Cl)ccc3c2)n1,False,,9.0,,
Cc1cc(C(=O)Nc2ccc(N3CCOCC3=O)cc2F)n(-c2cc3ccccc3cc2F)n1,False,,8.698970004336019,,
Cc1cc(C(=O)Nc2ccc(N3CCOCC3=O)cc2F)n(-c2cc3ccccc3cc2S(C)(=O)=O)n1,False,,8.698970004336019,5.0,
Cc1cc(C(=O)Nc2ccc(N3CCOCC3=O)cc2F)n(-c2ccc3cc(Cl)ccc3c2)n1,False,,9.0,,
Cc1cc(C(=O)Nc2ccc(N3CCOCCC3=O)cc2F)n(-c2cc3ccccc3cc2S(C)(=O)=O)n1,False,,7.638272163982407,,
Cc1cc(C(=O)Nc2cccc(C(=N)N(C)C)c2)n(-c2cc3ccccc3cc2F)n1,False,,6.319664486585436,,
Cc1cc(C(=O)Nc2nc(C)c(C(=O)N(C)C)s2)ccc1[N+](=O)[O-],False,4.301029995663981,,4.301029995663981,
Cc1cc(C(=O)Nc2ncc(-c3ccccc3S(N)(=O)=O)cn2)n(-c2cc3ccccc3cc2F)n1,False,,7.4089353929735005,,
Cc1cc(C(=O)Nc2ncc(-c3ccccc3S(N)(=O)=O)cn2)n(-c2cc3ccccc3cc2S(C)(=O)=O)n1,False,,7.443697499232712,,
Cc1cc(C(=O)Nc2ncc(-c3ccccc3S(N)(=O)=O)cn2)n(-c2ccc3cc(Cl)ccc3c2)n1,False,,8.154901959985743,,
Cc1cc(C(=O)OCC(=O)c2cccc([N+](=O)[O-])c2)c2cccc(C)c2n1,False,,,4.301029995663981,
Cc1cc(C(=O)n2nc(-c3ccccn3)nc2N)ccc1N1CCN(C(C)C)CC1,False,7.318758762624412,,,
Cc1cc(C(C#N)c2cccc(Cl)c2)n2ncnc2n1,False,4.301029995663981,,,
Cc1cc(C)c(C#N)c(SCc2ccc([N+](=O)[O-])cc2)n1,False,4.301029995663981,,,
Cc1cc(C)c(C)c(S(=O)(=O)ON2C(=O)c3ccccc3C2=O)c1C,False,4.889135323592292,,,
Cc1cc(C)c(O)c(-c2cc(C(=O)NCc3ccc4c(c3)OCO4)[nH]n2)c1,False,4.301029995663981,,,
Cc1cc(C)c(S(=O)(=O)ON2C(=O)c3ccccc3C2=O)cc1C,False,,,5.5894302655877475,
Cc1cc(C)c2c3c(sc2n1)C(c1cccc(F)c1)C(C#N)=C(N)O3,False,,,4.301029995663981,
Cc1cc(C)c2nc(N3CCN(C)CC3)c(C#N)cc2c1,False,4.301029995663981,,,
Cc1cc(C)cc(C(=O)n2cnnc2N)c1,False,5.853546365544619,,,
Cc1cc(C)cc(CNC(=O)c2cc3c(C)cccc3n2Cc2cccc(C(=N)N)c2)c1,False,,7.157254995483594,,
Cc1cc(C)cc(N(CCC(=O)O)C(=O)c2ccc3c(c2)nc(CNc2ccc(C(=N)N)cc2F)n3C)c1,False,,,8.431798275933005,
Cc1cc(C)cc(NC(=O)c2cc3cc(C)ccc3oc2=O)c1,True,5.008773924307505,,4.301029995663981,
Cc1cc(C)cc(NC(=O)c2cc3cc(Cl)cc(Br)c3oc2=O)c1,True,4.494850021680094,4.301029995663981,4.301029995663981,
Cc1cc(C)cc(NC(=O)c2cc3cc(Cl)cc(Cl)c3oc2=O)c1,True,5.366531544420414,4.301029995663981,4.301029995663981,
Cc1cc(C)cc(OCC(=O)NNC(=O)CN2C(=O)c3ccccc3C2=O)c1,False,,,4.301029995663981,
Cc1cc(C)cc(OCC(=O)Nc2ccc(N3CCCC3)cc2)c1,False,4.301029995663981,,,
Cc1cc(C)n(-c2nnc(C)n2NS(=O)(=O)c2ccc(F)cc2)n1,False,4.301029995663981,,,
Cc1cc(C)n(/N=C/c2ccccc2)c(=O)c1C#N,False,4.301029995663981,,,
Cc1cc(C)n(C(=O)CNc2cccc(Cl)c2C)n1,False,4.301029995663981,,,
Cc1cc(C)n(C(=O)c2ccco2)n1,False,4.360613130982316,,,
Cc1cc(C)n2nc(SCC(=O)Nc3ccc(F)cc3)nc2n1,False,4.301029995663981,,,
Cc1cc(C)nc(-n2nc(C)cc2Nc2ccccc2)n1,False,,,4.301029995663981,
Cc1cc(C)nc(Nc2ccccc2Br)n1,False,,,4.301029995663981,
Cc1cc(CN(c2ccc(-c3ccccc3S(N)(=O)=O)cc2)S(C)(=O)=O)n(-c2cccc(C(=N)N)c2)n1,False,,6.301029995663981,,
Cc1cc(CN(c2ccc(-c3ccccc3S(N)(=O)=O)cc2)S(C)(=O)=O)nn1-c1cccc(C(=N)N)c1,False,,5.405276053590253,,
Cc1cc(CN)ccc1CNC(=O)c1cc(C)n(Cc2csc(-c3ccccc3)n2)c1C,False,5.0,,4.3979400086720375,
Cc1cc(CNC(=O)CC2C(=O)NCCN2CC(c2ccccc2)c2ccccc2)on1,False,4.301029995663981,,,
Cc1cc(CNC(=O)[C@@H]2C=CCN2C(=O)C(CC2CCCCC2)NCC(=O)O)sc1C(=N)N,False,,4.346787486224656,8.75448733218585,
Cc1cc(CNC(=O)[C@@H]2CCCN2C(=O)C(N)C(c2ccccc2)c2ccccc2)c(C)cc1CN,False,,,7.4089353929735005,
Cc1cc(F)cc2c1NCCC2C(=O)n1nc(N)c2c1CN(S(C)(=O)=O)CC2,False,4.494850021680094,,,
Cc1cc(F)cc2c1NCCC2C(=O)n1nc2c(c1N)CCN(S(C)(=O)=O)C2,False,7.698970004336019,,4.823908740944319,
Cc1cc(F)cc2c1NCC[C@@H]2C(=O)n1nc2c(c1N)CCN(S(C)(=O)=O)C2,False,8.0,,5.045757490560675,
Cc1cc(F)cc2c1NCC[C@@H]2C(=O)n1nc2c(c1N)CCOC2,False,7.301029995663981,,4.0,
Cc1cc(F)cc2c1NCC[C@@H]2C(=O)n1nc2c(c1N)CNCC2,False,7.154901959985743,,,
Cc1cc(F)cc2c1NCC[C@@H]2C(=O)n1nc2c(c1N)COCC2,False,7.3979400086720375,,,
Cc1cc(F)cc2c1NCC[C@H]2C(=O)n1nc2c(c1N)CCN(S(C)(=O)=O)C2,False,5.6020599913279625,,,
Cc1cc(F)cc2c1NCC[C@H]2C(=O)n1nc2c(c1N)CCOC2,False,4.154901959985743,,,
Cc1cc(F)cc2c1NCC[C@H]2C(=O)n1nc2c(c1N)COCC2,False,4.903089986991944,,,
Cc1cc(F)ccc1N1CCC(N2CCN(CCC(C)C)C(CCO)C2)CC1,False,,,4.301029995663981,
Cc1cc(N(CCC(=O)O)C(=O)c2ccc3c(c2)nc(CNc2ccc(C(=N)N)cc2F)n3C)ccc1F,False,,,8.494850021680094,
Cc1cc(N2CCC(COc3ccc4c(c3)CN(C(=N)N)CC4)(C(=O)O)CC2)ccn1.Cl.Cl,False,,6.638272163982407,5.0,
Cc1cc(N2CCC(N(C)C(=O)CCS(=O)(=O)c3cc4cc(Cl)ccc4s3)CC2)ccn1,False,,5.301029995663981,,
Cc1cc(N2CCC(N(C)C(=O)CCS(=O)(=O)c3cc4ccc(Cl)cc4s3)CC2)ccn1,False,,5.301029995663981,,
Cc1cc(N2CCC(N(C)C(=O)CCS(=O)(=O)c3ccc4c(Cl)cccc4c3)CC2)ccn1,False,,5.301029995663981,,
Cc1cc(N2CCC(N(C)C(=O)CCS(=O)(=O)c3ccc4cc(Cl)ccc4c3)CC2)cc(C)n1,False,,7.200659450546418,,
Cc1cc(N2CCC(N(C)C(=O)CCS(=O)(=O)c3ccc4cc(Cl)ccc4c3)CC2)ccn1,False,,7.214670164989233,,
Cc1cc(N2CCC(N(C)C(=O)CCS(=O)(=O)c3ccc4ccc(Cl)cc4c3)CC2)ccn1,False,,5.301029995663981,,
Cc1cc(N2CCC(NC(=O)c3ccc(-n4cnnc4)cc3Cl)C2)c2onc(N)c2c1,False,,4.0,,
Cc1cc(N2CCCC2=O)cc(C)c1S(=O)(=O)NCCOc1ccccc1,False,4.301029995663981,,,
Cc1cc(N2CCN(c3ccccc3)CC2)nc(-c2ccccc2)n1,False,,,4.301029995663981,
Cc1cc(N2CCOCC2)ccc1N1C[C@H](CNC(=O)c2ccc(Cl)s2)OC1=O,False,,6.9033393034955335,,
Cc1cc(N2CC[C@@H](NC(=O)c3ccc(-n4cnnc4)cc3Cl)C2)c2onc(N)c2c1Cl,False,,4.657577319177793,,
Cc1cc(N2CCn3c(nnc3C(F)(F)F)[C@@H]2C)ncc1CNc1cccc2c(N)nccc12,False,8.0,,,
Cc1cc(N2C[C@H](CNC(=O)c3ccc(Cl)s3)OC2=O)cc(C)c1-n1cccc(CCN[C@H]2CC[C@H](O)CC2)c1=O,False,,7.618925316064673,7.308208404802957,
Cc1cc(N2C[C@H](CNC(=O)c3ccc(Cl)s3)OC2=O)ccc1-n1cccc(CCCO)c1=O,False,,7.3979400086720375,7.130768280269024,
Cc1cc(N2C[C@H](CNC(=O)c3ccc(Cl)s3)OC2=O)ccc1-n1cccc(CCO)c1=O,False,,7.154901959985743,6.730487055782084,
Cc1cc(N2C[C@H](CNC(=O)c3ccc(Cl)s3)OC2=O)ccc1-n1cccc(CO)c1=O,False,,7.6777807052660805,6.703334809738469,
Cc1cc(NC(=O)C(C)(C)NC(=O)c2ccc(Cl)s2)ccc1C(=O)N1CCCC1,False,,8.096910013008056,,
Cc1cc(NC(=O)C(C)(C)NC(=O)c2ccc(Cl)s2)ccc1N1CCOCC1=O,False,,7.3979400086720375,,
Cc1cc(NC(=O)C(C)C)ncc1NC(=O)Cc1ccccc1,False,4.301029995663981,,,
Cc1cc(NC(=O)CCN2C(=O)/C(=C/c3ccccc3F)SC2=S)no1,False,4.301029995663981,,,
Cc1cc(NC(=O)CCc2ccc3[nH]c(-c4ccc(Br)s4)nc3c2)ccc1N1CCOCC1=O,False,,8.075720713938118,5.0,
Cc1cc(NC(=O)CCc2ccc3[nH]c(-c4ccc(Cl)s4)nc3c2)ccc1N1CCOCC1=O,False,,8.086186147616283,5.0,
Cc1cc(NC(=O)COC(=O)C2CCN(S(=O)(=O)c3c(Cl)cccc3Cl)CC2)no1,False,4.301029995663981,,,
Cc1cc(NC(=O)COC(=O)c2c(C)nn(Cc3ccccc3)c2C)no1,False,4.301029995663981,,,
Cc1cc(NC(=O)COC(=O)c2cccc(S(=O)(=O)N(C)C3CCCCC3)c2)no1,False,4.301029995663981,,,
Cc1cc(NC(=O)COc2ccc3[nH]c(-c4ccc(Cl)s4)nc3c2)ccc1N1CCOCC1=O,False,,7.698970004336019,5.0,
Cc1cc(NC(=O)Cc2ccc3[nH]c(-c4ccc(Br)s4)nc3c2)ccc1N1CCOCC1=O,False,,7.3872161432802645,5.0,
Cc1cc(NC(=O)Cc2ccc3[nH]c(-c4ccc(Cl)s4)nc3c2)ccc1-n1ccccc1=O,False,,6.7447274948966935,5.0,
Cc1cc(NC(=O)Cc2ccc3[nH]c(-c4ccc(Cl)s4)nc3c2)ccc1N1CCOCC1=O,False,,6.920818753952375,5.0,
Cc1cc(NC(=O)[C@@H](C)NC(=O)c2ccc(Cl)s2)ccc1N1CCOCC1=O,False,,4.823908740944319,5.0,
Cc1cc(NC(=O)[C@@H](CC(C)C)NC(=O)c2ccc(Cl)s2)ccc1N1CCOCC1=O,False,,5.142667503568732,5.0,
Cc1cc(NC(=O)[C@@H](CO)NC(=O)c2ccc(Cl)s2)ccc1N1CCOCC1=O,False,,4.5376020021010435,5.0,
Cc1cc(NS(=O)(=O)c2ccc(NC(=O)CSc3nnc(-c4ccco4)n3N)cc2)nc(C)n1,False,,,4.301029995663981,
Cc1cc(Nc2ccc(C(=N)N)cc2)nc2cc(Br)ccc12,False,,,7.060480747381382,
Cc1cc(Nc2ccc(C)c(C)c2)n2nc(C)nc2n1,False,4.301029995663981,,,
Cc1cc(O)c2c3c(c(O)c4c(c13)O[C@@H](C)C4(C)C)NC2=O,False,,,4.301029995663981,
Cc1cc(O)cc2c1C1=C(C(=O)C2=O)C(C)(C)[C@H](C)O1,False,,,4.301029995663981,
Cc1cc(O)nc(SCC(=O)NCC2CCCO2)n1,False,,,4.301029995663981,
Cc1cc(OC(=O)c2ccc(Cl)cc2Cl)nc(C)n1,False,4.301029995663981,,,
Cc1cc(OC(=O)c2ccccc2)n(CCC#N)n1,False,5.117844456010057,,,
Cc1cc(OC(=O)c2ccco2)c2c(C)cc(=O)oc2c1,True,4.301029995663981,,,
Cc1cc(OCCc2ccc(C(=N)N)c(O)c2)cc(OS(=O)(=O)c2cccc(C)c2)c1,False,,,6.869988050328096,
Cc1cc(OCCc2ccc(CN)c(O)c2)cc(OS(=O)(=O)c2cc(Cl)ccc2Cl)c1,False,,,6.030002001401658,
Cc1cc(OCCc2ccc(CN)cc2)cc(OS(=O)(=O)c2cccc(Cl)c2Cl)c1,False,,,5.90999956608739,
Cc1cc(Oc2ccc(C(=N)N)cc2)nc2cc(Br)ccc12,False,,,7.180456064458132,
Cc1cc(Oc2ccc(C(=N)N)cc2)nc2cc(CC(=O)O)ccc12,False,,,5.42021640338319,
Cc1cc(S(=O)(=O)NN2CCOC(CC(=O)NCc3ccc(C(=N)N)cc3)C2=O)c(C)cc1Cl,False,,,6.785156151952302,
Cc1cc(S(=O)(=O)N[C@H]2CCN([C@H](Cc3cc4ccnc(N)c4cc3Cl)C(=O)O)C2=O)cnc1N(C)C,False,,6.187086643357144,,
Cc1cc(S(=O)(=O)N[C@H]2CCN([C@H](Cc3cc4ccnc(N)c4cc3F)C(=O)O)C2=O)cnc1N(C)C,False,,5.557520230935552,,
Cc1cc(S(=O)(=O)N[C@H]2CCN([C@H](Cc3cc4ccnc(N)c4cc3OC(F)(F)F)C(=O)O)C2=O)cnc1N(C)C,False,,6.0915149811213505,,
Cc1cc(Sc2ccc(C(=N)N)cc2)nc2cc(Br)ccc12,False,,,6.707743928643524,
Cc1cc([C@H]2CN(c3cc(F)c4c(N)nncc4c3)CCN2c2cccc(F)c2)no1,False,,,4.522878745280337,
Cc1cc([N+](=O)[O-])nn1C(=O)c1ccccc1F,False,,,5.552841968657781,
Cc1cc2c(=O)oc(-c3ccccc3Br)nc2s1,False,5.748588109591441,,,
Cc1cc2c(C(=O)n3nc(N)c4c3CN(C(=O)OC(C)(C)C)CC4)cccc2[nH]1,False,4.301029995663981,,,
Cc1cc2c(C(=O)n3nc(N)c4c3CN(Cc3ccccc3)CC4)cccc2[nH]1,False,4.301029995663981,,,
Cc1cc2c(C(=O)n3nc(N)c4c3CN(S(C)(=O)=O)CC4)cccc2[nH]1,False,5.920818753952375,,,
Cc1cc2c(C(=O)n3nc4c(c3N)CCN(C(=O)OC(C)(C)C)C4)cccc2[nH]1,False,7.154901959985743,,4.6020599913279625,
Cc1cc2c(C(=O)n3nc4c(c3N)CCN(Cc3ccccc3)C4)cccc2[nH]1,False,7.522878745280337,,,
Cc1cc2c(C(=O)n3nc4c(c3N)CCN(S(C)(=O)=O)C4)cccc2[nH]1,False,7.698970004336019,,5.0,
Cc1cc2c(C(=O)n3nc4c(c3N)CCNC4)cccc2[nH]1,False,6.823908740944319,,3.8239087409443187,
Cc1cc2c(C(=O)n3nc4c(c3N)CN(C(=O)OC(C)(C)C)CC4)cccc2[nH]1,False,7.096910013008056,,,
Cc1cc2c(C(=O)n3nc4c(c3N)CN(C)CC4)cccc2[nH]1,False,7.522878745280337,,4.221848749616356,
Cc1cc2c(C(=O)n3nc4c(c3N)CNCC4)cccc2[nH]1,False,7.221848749616356,,,
Cc1cc2c(F)c(N/C(=N\C#N)N[C@H]3CCCCN(CC(=O)N4CCCC4)C3=O)ccc2o1,False,,5.564155634015559,,
Cc1cc2c(N)nccc2cc1C[C@H](C(=O)O)N1CC[C@H](NS(=O)(=O)c2cnc(N(C)C)s2)C1=O,False,,7.468521082957745,,
Cc1cc2c(N)nccc2cc1C[C@H](C(=O)O)N1CC[C@H](NS(=O)(=O)c2cnc(N3CCCC3)s2)C1=O,False,,6.823908740944319,,
Cc1cc2c(N)noc2c(N2CC[C@@H](NC(=O)c3ccc(-n4cnnc4)cc3Cl)C2)n1,False,,4.0,,
Cc1cc2c(c(=O)n1C)C(Cc1ccccc1)C(C#N)=C(N)O2,False,4.301029995663981,,,
Cc1cc2cc(/N=C(/NC#N)N[C@H]3CCCCN(CC(=O)N4CCCC4)C3=O)ccc2o1,False,,8.05395269865476,,
Cc1cc2cc(/N=C(/NC(=O)c3cccnc3)N[C@H]3CCCCN(CC(=O)N4CCCC4)C3=O)ccc2o1,False,,8.397940008672037,,
Cc1cc2cc(N/C(=C\[N+](=O)[O-])N[C@H]3CCCCN(CC(=O)N4CCCC4)C3=O)ccc2o1,False,,7.292429823902063,,
Cc1cc2cc(N/C(=N/C#N)N[C@H]3CCCCN(CC(=O)N4CCCC4)C3=O)c(F)cc2o1,False,,7.119186407719209,,
Cc1cc2cc(N/C(=N/[N+](=O)[O-])N[C@H]3CCCCN(CC(=O)N4CCCC4)C3=O)ccc2o1,False,,7.6020599913279625,,
Cc1cc2cc(N/C(=N\C#N)NC3CCCCCN(CC(=O)N4CCCC4)C3=O)ccc2o1,False,,6.709965388637482,,
Cc1cc2cc(N/C(=N\C#N)N[C@@H]3CCCCN(CC(=O)N4CCCC4)C3=O)ccc2o1,False,,6.026872146400302,,
Cc1cc2cc(N/C(=N\C#N)N[C@@H]3CCN(CC(=O)N4CCCC4)C3=O)ccc2o1,False,,4.522878745280337,,
Cc1cc2cc(N/C(=N\C#N)N[C@H]3CCCCN(CC(=O)N4C5CCC4CNC5)C3=O)ccc2o1,False,,8.301029995663981,,
Cc1cc2cc(N/C(=N\C#N)N[C@H]3CCCCN(CC(=O)N4CC5CC5C4)C3=O)ccc2o1,False,,7.823908740944319,,
Cc1cc2cc(N/C(=N\C#N)N[C@H]3CCCCN(CC(=O)N4CCC(Cc5ccccc5)C4)C3=O)ccc2o1,False,,7.275724130399211,,
Cc1cc2cc(N/C(=N\C#N)N[C@H]3CCCCN(CC(=O)N4CCCC4)C3=O)cc(C(F)(F)F)c2o1,False,,6.777283528852417,,
Cc1cc2cc(N/C(=N\C#N)N[C@H]3CCCCN(CC(=O)N4CCCC4)C3=O)cc(C)c2o1,False,,7.6777807052660805,,
Cc1cc2cc(N/C(=N\C#N)N[C@H]3CCCCN(CC(=O)N4CCCC4)C3=O)cc(Cl)c2o1,False,,7.568636235841013,,
Cc1cc2cc(N/C(=N\C#N)N[C@H]3CCCCN(CC(=O)N4CCCC4)C3=O)cc(F)c2o1,False,,7.958607314841775,,
Cc1cc2cc(N/C(=N\C#N)N[C@H]3CCCCN(CC(=O)N4CCCC4)C3=O)ccc2[nH]1,False,,4.468521082957745,,
Cc1cc2cc(N/C(=N\C#N)N[C@H]3CCCCN(CC(=O)N4CCCC4)C3=O)ccc2s1,False,,5.54030602352203,,
Cc1cc2cc(N/C(=N\C#N)N[C@H]3CCCCN(CC(=O)N4CCCC4Cc4ccccc4)C3=O)ccc2o1,False,,7.721246399047171,,
Cc1cc2cc(N/C(=N\C#N)N[C@H]3CCCCN(CC(=O)N4CCC[C@@H]4CN)C3=O)ccc2o1,False,,7.657577319177793,,
Cc1cc2cc(N/C(=N\C#N)N[C@H]3CCCCN(CC(=O)N4CCC[C@H]4CN)C3=O)ccc2o1,False,,6.413412695328245,,
Cc1cc2cc(N/C(=N\C#N)N[C@H]3CCCN(CC(=O)N4CCCC4)C3=O)ccc2o1,False,,6.032452023781138,,
Cc1cc2cc(N/C(=N\C#N)N[C@H]3CCN(CC(=O)N4CCCC4)C3=O)ccc2o1,False,,4.494850021680094,,
Cc1cc2cc(N/C(=N\C(=O)C3CCN(C(=O)c4ccccc4)CC3)N[C@H]3CCCCN(CC(=O)N4CCCC4)C3=O)ccc2o1,False,,8.0,,
Cc1cc2cc(N/C(=N\C(=O)N(C)C)N[C@H]3CCCCN(CC(=O)N4CCCC4)C3=O)ccc2o1,False,,7.823908740944319,,
Cc1cc2cc(N/C(=N\C(=O)c3ccc(C(=O)N(C)C)cc3)N[C@H]3CCCCN(CC(=O)N4CCCC4)C3=O)ccc2o1,False,,8.522878745280337,,
Cc1cc2cc(N/C(=N\C(=O)c3ccc(C(=O)N(C)C)nc3)N[C@H]3CCCCN(CC(=O)N4CCCC4)C3=O)ccc2o1,False,,8.082138980369031,,
Cc1cc2cc(N/C(=N\C(=O)c3ccc(C(=O)O)cc3)N[C@H]3CCCCN(CC(=O)N4CCCC4)C3=O)ccc2o1,False,,8.698970004336019,,
Cc1cc2cc(N/C(=N\C(=O)c3ccc(C(=O)O)nc3)N[C@H]3CCCCN(CC(=O)N4CCCC4)C3=O)ccc2o1,False,,8.481486060122112,,
Cc1cc2cc(N/C(=N\C(=O)c3ccc(C(N)=O)cc3)N[C@H]3CCCCN(CC(=O)N4CCCC4)C3=O)ccc2o1,False,,8.522878745280337,,
Cc1cc2cc(N/C(=N\C(=O)c3ccc(C(N)=O)nc3)N[C@H]3CCCCN(CC(=O)N4CCCC4)C3=O)ccc2o1,False,,7.920818753952375,,
Cc1cc2cc(N/C(=N\C(=O)c3ccc(Cl)nc3)N[C@H]3CCCCN(CC(=O)N4CCCC4)C3=O)ccc2o1,False,,8.301029995663981,,
Cc1cc2cc(N/C(=N\C(=O)c3ccc[n+]([O-])c3)N[C@H]3CCCCN(CC(=O)N4CCCC4)C3=O)ccc2o1,False,,8.0,,
Cc1cc2cc(N/C(=N\C(=O)c3cccc(C(=O)N(C)C)c3)N[C@H]3CCCCN(CC(=O)N4CCCC4)C3=O)ccc2o1,False,,8.0,,
Cc1cc2cc(N/C(=N\C(=O)c3cccc(C(N)=O)c3)N[C@H]3CCCCN(CC(=O)N4CCCC4)C3=O)ccc2o1,False,,7.7447274948966935,,
Cc1cc2cc(N/C(=N\C(=O)c3cccc(Cl)c3)N[C@H]3CCCCN(CC(=O)N4CCCC4)C3=O)ccc2o1,False,,8.154901959985743,,
Cc1cc2cc(N/C(=N\C(=O)c3ccccc3)N[C@H]3CCCCN(CC(=O)N4CCCC4)C3=O)ccc2o1,False,,8.221848749616356,,
Cc1cc2cc(N/C(=N\C(=O)c3ccncc3)N[C@H]3CCCCN(CC(=O)N4CCCC4)C3=O)ccc2o1,False,,8.522878745280337,,
Cc1cc2cc(N/C(=N\C(=O)c3ccno3)N[C@H]3CCCCN(CC(=O)N4CCCC4)C3=O)ccc2o1,False,,7.853871964321762,,
Cc1cc2cc(N/C(=N\C(=O)c3ccoc3)N[C@H]3CCCCN(CC(=O)N4CCCC4)C3=O)ccc2o1,False,,8.397940008672037,,
Cc1cc2cc(N/C(=N\C(=O)c3ccsc3)N[C@H]3CCCCN(CC(=O)N4CCCC4)C3=O)ccc2o1,False,,8.221848749616356,,
Cc1cc2cc(N/C(=N\C(=O)c3cncc(C(N)=O)c3)N[C@H]3CCCCN(CC(=O)N4CCCC4)C3=O)ccc2o1,False,,7.769551078621726,,
Cc1cc2cc(N/C(=N\C(=O)c3cnccn3)N[C@H]3CCCCN(CC(=O)N4CCCC4)C3=O)ccc2o1,False,,7.301029995663981,,
Cc1cc2cc(N/C(=N\C(=O)c3cnn(C)c3)N[C@H]3CCCCN(CC(=O)N4CCCC4)C3=O)ccc2o1,False,,8.045757490560675,,
Cc1cc2cc(N/C(=N\C(=O)c3nnn(C)n3)N[C@H]3CCCCN(CC(=O)N4CCCC4)C3=O)ccc2o1,False,,7.251811972993799,,
Cc1cc2cc(N/C(=N\C(=O)c3sc(C)nc3C)N[C@H]3CCCCN(CC(=O)N4CCCC4)C3=O)ccc2o1,False,,7.769551078621726,,
Cc1cc2cc(N/C(=N\C(N)=O)N[C@H]3CCCCN(CC(=O)N4CCCC4)C3=O)ccc2o1,False,,7.552841968657781,,
Cc1cc2cc(N/C(=N\S(=O)(=O)c3ccccc3)N[C@H]3CCCCN(CC(=O)N4CCCC4)C3=O)ccc2o1,False,,7.619788758288394,,
Cc1cc2cc(N/C(=N\S(C)(=O)=O)N[C@H]3CCCCN(CC(=O)N4CCCC4)C3=O)ccc2o1,False,,8.0,,
Cc1cc2cc(N/C(=N\S(N)(=O)=O)N[C@H]3CCCCN(CC(=O)N4CCCC4)C3=O)ccc2o1,False,,7.920818753952375,,
Cc1cc2cc(N/C(N[C@H]3CCCCN(CC(=O)N4CCCC4)C3=O)=C(/C#N)C(=O)N3CCC(C)CC3)ccc2o1,False,,7.2441251443275085,,
Cc1cc2cc(N/C(N[C@H]3CCCCN(CC(=O)N4CCCC4)C3=O)=C(/C#N)C(=O)NC(N)=O)ccc2o1,False,,7.886056647693163,,
Cc1cc2cc(N/C(N[C@H]3CCCCN(CC(=O)N4CCCC4)C3=O)=C(/C#N)C(N)=O)ccc2o1,False,,7.769551078621726,,
Cc1cc2cc(N/C(N[C@H]3CCCCN(CC(=O)N4CCCC4)C3=O)=C(/C#N)S(=O)(=O)C(C)C)ccc2o1,False,,6.189095719331299,,
Cc1cc2cc(N/C(N[C@H]3CCCCN(CC(=O)N4CCCC4)C3=O)=C(/C#N)S(C)(=O)=O)ccc2o1,False,,7.337242168318426,,
Cc1cc2cc(NC(/C=C(\O)c3nccs3)=N/[C@H]3CCCCN(CC(=O)N4CCCC4)C3=O)ccc2o1,False,,8.0,,
Cc1cc2cc(NC(=N/[C@H]3CCCCN(CC(=O)N4CCCC4)C3=O)/C(C#N)=C(\O)OC(C)(C)C)ccc2o1,False,,7.2441251443275085,,
Cc1cc2cc(NC(=N/[C@H]3CCCCN(CC(=O)N4CCCC4)C3=O)/C(C#N)=C(\O)OCCCCO)ccc2o1,False,,8.0,,
Cc1cc2cc(NC(=N/[C@H]3CCCCN(CC(=O)N4CCCC4)C3=O)/C(C#N)=C(\O)c3ccc(Cl)cc3)ccc2o1,False,,7.886056647693163,,
Cc1cc2cc(NC(N[C@H]3CCCCN(CC(=O)N4CCCC4)C3=O)=C(C#N)C#N)ccc2o1,False,,7.522878745280337,,
Cc1cc2cc(S(=O)(=O)N[C@H]3CCCN(CC(=O)N4CCCC4)C3=O)ccc2o1,False,,5.954677021213342,,
Cc1cc2ccc(N/C(=N\C#N)N[C@H]3CCCCN(CC(=O)N4CCCC4)C3=O)cc2[nH]1,False,,5.886056647693163,,
Cc1cc2ccc(N/C(=N\C#N)N[C@H]3CCCCN(CC(=O)N4CCCC4)C3=O)cc2o1,False,,4.468521082957745,,
Cc1cc2ncn(C(=O)c3ccc4c(c3)OCO4)c2cc1C,False,,,5.239799998679346,
Cc1cc2ncn(S(=O)(=O)N3CCOCC3)c2cc1C,False,,,4.301029995663981,
Cc1ccc(-c2c(Cl)nc(NCCc3ccccc3)c(=O)n2CC(=O)NCc2ccc(C(=N)N)cc2)cc1,False,,,6.522878745280337,
Cc1ccc(-c2cc(-c3ccccc3)c3c(N)c(S(C)(=O)=O)sc3n2)cc1,False,4.301029995663981,,,
Cc1ccc(-c2cc(-c3ccccc3)c3cc([N+](=O)[O-])ccc3n2)cc1,False,,,4.522878745280337,
Cc1ccc(-c2cc(C(=O)Nc3ccc(S(=O)(=O)Nc4cc(C)on4)cc3)c3ccccc3n2)c(C)c1,False,4.301029995663981,,,
Cc1ccc(-c2ccc3c(C)cc(Oc4ccc(C(=N)N)cc4)nc3c2)cc1,False,,,7.7447274948966935,
Cc1ccc(-c2nc(CS(=O)(=O)CC(=O)N3CCc4ccccc4C3)c(C)o2)cc1,False,4.301029995663981,,,
Cc1ccc(-c2nc(N)n(C(=O)Cc3ccccc3)n2)cc1,False,5.203672021858635,,5.739346761006068,
Cc1ccc(-c2ncnc(-c3nc4cc(C(=N)N)ccc4[nH]3)c2O)cc1,False,,5.275724130399211,,
Cc1ccc(-c2ncnc(NC3CCc4nc(N)sc4C3)c2O)cc1,False,,4.522878745280337,,
Cc1ccc(-c2ncnc(N[C@H]3CC[C@H](CN)CC3)c2O)cc1,False,,4.522878745280337,,
Cc1ccc(-c2ncnc(Nc3ccc(C(=N)N)cc3)c2O)cc1,False,,6.560667306169737,,
Cc1ccc(-c2ncnc(Nc3ccc(C(=N)N)cc3Cl)c2O)cc1,False,,4.522878745280337,,
Cc1ccc(-c2ncnc(Nc3ccc(C(N)=O)cc3)c2O)cc1,False,,4.522878745280337,,
Cc1ccc(-c2ncnc(Nc3ccc(CN)cc3)c2O)cc1,False,,4.522878745280337,,
Cc1ccc(-c2ncnc(Nc3ccc4c(N)noc4c3)c2O)cc1,False,,4.522878745280337,,
Cc1ccc(-c2ncnc(Nc3ccc4c(c3)CNC4=N)c2O)cc1,False,,4.7447274948966935,,
Cc1ccc(-c2ncnc(Nc3ccc4c(c3)CNC4=O)c2O)cc1,False,,4.522878745280337,,
Cc1ccc(-c2ncnc(Nc3ccc4c(c3Cl)CNC4=N)c2O)cc1,False,,4.522878745280337,,
Cc1ccc(-c2ncnc(Nc3ccc4ccncc4c3)c2O)cc1,False,,4.522878745280337,,
Cc1ccc(-c2ncnc(Nc3ccc4ncoc4c3)c2O)cc1,False,,4.522878745280337,,
Cc1ccc(-c2ncnc(Nc3cccc(C#N)c3)c2O)cc1,False,,4.522878745280337,,
Cc1ccc(-c2ncnc(Nc3cccc(C(=N)N)c3)c2O)cc1,False,,4.522878745280337,,
Cc1ccc(-c2ncnc(Oc3ccc(C(=N)N)cc3)c2O)cc1,False,,4.522878745280337,,
Cc1ccc(-c2nn(-c3ccccc3)cc2/C=N/NS(=O)(=O)c2ccccc2)cc1,False,4.301029995663981,,,
Cc1ccc(-c2nnc(O)c3ccccc23)cc1S(=O)(=O)NCCO,False,4.301029995663981,,,
Cc1ccc(-c2nnc3n2N=C(c2ccc(Br)cc2)CS3)cc1,False,4.301029995663981,,,
Cc1ccc(-c2noc(CN3CCC(C(N)=O)CC3)n2)cc1,False,,,4.301029995663981,
Cc1ccc(-n2c(C)cc(C(=O)CSc3nncs3)c2C)cc1,False,,,4.301029995663981,
Cc1ccc(-n2ncc3c(O)ncnc32)c(C)c1,False,4.301029995663981,,,
Cc1ccc(/C=C(\C#N)c2nc3ccccc3[nH]2)cc1,False,4.301029995663981,,,
Cc1ccc(/C=C/S(=O)(=O)N[C@H]2CCCN(CC(=O)N3CCCC3)C2=O)s1,False,,5.993533957750769,,
Cc1ccc(/C=N\Nc2nc3cc(Cl)ccc3[nH]2)o1,False,4.301029995663981,,,
Cc1ccc(/C=c2\sc3nc(-c4ccccc4Br)nn3c2=O)o1,False,,,4.301029995663981,
Cc1ccc(C(=O)/N=C(\Nc2ccc3oc(C)cc3c2)N[C@H]2CCCCN(CC(=O)N3CCCC3)C2=O)cn1,False,,8.397940008672037,,
Cc1ccc(C(=O)C(=O)c2ccc(C)c(N)c2)cc1N,False,4.804633723055148,,,
Cc1ccc(C(=O)CSc2nc(C)cc(C)c2C(N)=O)cc1,False,,,4.301029995663981,
Cc1ccc(C(=O)N/C(=C/c2ccc(-c3cccc([N+](=O)[O-])c3)o2)C(=O)NC(C)(C)C)cc1,False,4.301029995663981,,,
Cc1ccc(C(=O)N2C(CC(=O)Nc3ccc(Cl)cc3)C(=O)NC3CCCCC32)cc1,False,,,5.487570439732642,
Cc1ccc(C(=O)N2Cc3ccccc3C[C@H]2C(=O)N(C)c2ccc(N3CCCCC3=O)cc2)cc1,False,,3.6798537138889458,,
Cc1ccc(C(=O)NC(C)C(c2cccs2)N2CCCC2)s1,False,,,4.301029995663981,
Cc1ccc(C(=O)NCC(=O)O)cc1-c1ccc2c(C)cc(Oc3ccc(C(=N)N)cc3)nc2c1,False,,,8.096910013008056,
Cc1ccc(C(=O)NCC(=O)OC(C)C(=O)Nc2ccc(N3CCOCC3)cc2)s1,False,4.301029995663981,,,
Cc1ccc(C(=O)NCC2CN(c3ccc(N4CCCC4=O)cc3)C(=O)O2)s1,False,,6.795880017344075,,
Cc1ccc(C(=O)NCCN2CCNC2=O)cc1,False,4.301029995663981,,,
Cc1ccc(C(=O)NCCNc2ccc(Cl)cc2[N+](=O)[O-])o1,False,4.301029995663981,,,
Cc1ccc(C(=O)NC[C@H]2CN(c3ccc(N4CCCC4=O)cc3)C(=O)O2)s1,False,,6.236572006437063,,
Cc1ccc(C(=O)NC[C@H]2CN(c3ccc(N4CCOCC4=O)cc3)C(=O)O2)s1,False,,8.929989140472903,,
Cc1ccc(C(=O)N[C@@H]2CCN(C(=O)[C@@H](CCCCN(C)C)N(C)C3CCCCC3)C[C@@H]2C(=O)NCc2cccs2)c(F)c1,False,7.424812155072339,,,
Cc1ccc(C(=O)N[C@H](CO)C(=O)N[C@@H](C)C(=O)NC(Cc2ccc(NC(=N)N)cc2)P(=O)(Oc2ccccc2)Oc2ccccc2)cc1,False,,,4.173925197299173,
Cc1ccc(C(=O)OC2=CC(=O)CC(C)(C)C2)cc1,False,4.998460551969952,,,
Cc1ccc(C(=O)ONc2ccc(N=O)cc2)cc1,False,4.525484059558785,,,
Cc1ccc(C(=O)Oc2oc(-c3ccco3)nc2/C=N/c2ccc(Cl)cc2)cc1,False,4.301029995663981,,,
Cc1ccc(C(=O)c2ccn(C(=O)c3ccc(F)cc3)n2)c(C)c1,False,,,6.920818753952375,
Cc1ccc(C(=O)n2cc(Br)cn2)cc1,False,,,5.327902142064283,
Cc1ccc(C(=O)n2ccc([N+](=O)[O-])n2)cc1,False,,,5.366531544420414,
Cc1ccc(C(=O)n2cnnc2N)cc1,False,5.037171984764186,,5.392225539340239,
Cc1ccc(C(=O)n2cnnc2N)cc1C,False,5.5253627618152255,,5.727534108600215,
Cc1ccc(C(=O)n2nc(-c3ccccn3)nc2N)cc1C,False,7.040958607678906,5.301029995663981,7.2441251443275085,
Cc1ccc(C(=O)n2nc(-c3cccnc3)nc2N)cc1,False,6.099174236410158,,6.265128193865083,
Cc1ccc(C(=O)n2nc(-c3ccco3)nc2N)cc1,False,5.6806190786632165,,6.13001771714092,
Cc1ccc(C(=O)n2ncn(C)c2=S)cc1,False,6.302465537403039,,5.989895180417375,
Cc1ccc(C(=O)n2nnc3ccccc32)cc1,False,5.640386462809806,,,
Cc1ccc(C(CC(=O)NCCCN(C)C)c2ccc(OC(C)C)cc2)cc1,False,4.301029995663981,,,
Cc1ccc(C(NC(=O)c2cnn(Cc3ccccc3)c2)B2OC(C)(C)C(C)(C)O2)c(F)c1,False,3.3979400086720375,,,
Cc1ccc(C)c(-c2nc3cc(N)ccc3o2)c1,False,4.301029995663981,,,
Cc1ccc(C)c(C(=O)n2cnnc2N)c1,False,4.959926412806187,,,
Cc1ccc(C)c(CCNn2ccc(C)c(CC(=O)NCc3ccc(C(=N)N)cc3)c2=O)c1.Cl,False,,,7.036212172654444,
Cc1ccc(C)c(CNC(=O)[C@@H]2CCCN2C(=O)C(N)C(c2ccccc2)c2ccccc2)c1,False,,,7.42021640338319,
Cc1ccc(C)c(N(CCC(=O)O)C(=O)c2ccc3c(c2)nc(CNc2ccc(C(=N)N)cc2F)n3C)c1,False,,,8.474955192963154,
Cc1ccc(C)c(NC(=O)C2Cc3ccccc3CN2C(=O)OCc2ccccc2)c1,False,,,4.301029995663981,
Cc1ccc(C)c(NC(=O)CN(C)C(=O)CCN2C(=O)c3ccccc3C2=O)c1,False,4.301029995663981,,,
Cc1ccc(C)c(S(=O)(=O)NCCCN2CCOCC2)c1,False,,,4.301029995663981,
Cc1ccc(C)c(S(=O)(=O)NN2CCOC(CC(=O)NCc3ccc(C(=N)N)cc3)C2=O)c1,False,,,6.607303046740334,
Cc1ccc(C)c(S(=O)(=O)Nc2ccc(C)c(CC(=O)NCc3ccc(C(=N)N)cc3)c2O)c1.Cl,False,,,7.6020599913279625,
Cc1ccc(C)c(S(=O)(=O)Nn2ccc(C)c(CC(=O)NCc3ccc(C(=N)N)cc3)c2=O)c1,False,,,6.2380721615794705,
Cc1ccc(C)c(S(=O)(=O)Nn2ccc(C)c(CC(=O)NCc3ccc(C(=N)N)cc3)c2=O)c1.Cl,False,,,6.2380721615794705,
Cc1ccc(C)c(S(=O)(=O)ON2C(=O)c3ccccc3C2=O)c1,False,5.585993196819935,,5.804069920380873,
Cc1ccc(C)c(SCC(=O)OCC(=O)Nc2ccc(S(=O)(=O)N3CCOCC3)cc2)c1,False,,,5.242743696801581,
Cc1ccc(C)c2nc(O)c(CN(Cc3nnnn3C3CCCCC3)CC3CCCO3)cc12,False,4.301029995663981,,,
Cc1ccc(C)n1-c1ccc(-c2nnco2)cc1,False,,,4.301029995663981,
Cc1ccc(C2=NN(S(=O)(=O)c3ccccc3)C(c3ccccc3O)C2)cc1,False,4.301029995663981,,,
Cc1ccc(C2C(C(=O)c3ccc4c(c3)OCCO4)=C(O)C(=O)N2CCCN(C)C)o1,False,4.301029995663981,,,
Cc1ccc(C2C=C(c3ccccc3)Nc3nc(N4C(=O)CCC4=O)nn32)cc1,False,,,4.962738087022649,
Cc1ccc(C2Oc3ccccc3N(CCCCCN3C(C)CCCC3C)C2=O)cc1,False,,4.552841968657781,,
Cc1ccc(CC(=O)N2Cc3ccccc3C[C@H]2C(=O)N(C)c2ccc(N3CCCCC3=O)cc2)cc1,False,,4.853871964321762,,
Cc1ccc(CCCN2CC(=O)N(CC(=O)N[C@@H](CC3CCCN(C(=N)N)C3)C(=O)c3nccs3)[C@H](Cc3ccccc3)C2=O)cc1,False,,,6.6777807052660805,
Cc1ccc(CCNN2CCOC(CC(=O)NCc3ccc(C(=N)N)cc3)C2=O)cc1,False,,,6.017276612331455,
Cc1ccc(CN)cc1NC(=O)CN1CCCCC(NC(=O)c2ccc(-c3ccccc3)cc2)C1=O,False,,6.346787486224656,6.346787486224656,
Cc1ccc(CN2C(=O)c3oc4ccccc4c(=O)c3C2c2cccc(OS(=O)(=O)O)c2)cc1,False,,,3.1290111862394245,
Cc1ccc(CNC(=O)C[S+]([O-])CC(=O)O)cc1,False,4.301029995663981,,,
Cc1ccc(CNC(=O)c2ccc(Oc3nc(Oc4cccc(C(=N)N)c4)c(F)c(N(C(C)C)C(C)C)c3F)c(C(=O)O)c2)c(C)c1.O=C(O)C(F)(F)F,False,,,5.6020599913279625,
Cc1ccc(CSc2ncnc3c2cnn3-c2ccc(C)cc2)cc1,False,4.301029995663981,,,
Cc1ccc(C[C@@H]2NC(=O)[C@H](CCC(N)=O)NC(=O)[C@@H]3CSSC[C@H](NC(=O)[C@H](CCC(=O)O)NC(=O)[C@@H]4CCCN4C(=O)[C@@H]4CCCN4C(=O)[C@H](CCC(=O)O)NC(=O)[C@H](CO)NC2=O)C(=O)N[C@@H](Cc2ccccc2)C(=O)N2CCC[C@H]2C(=O)N[C@@H](CC(=O)O)C(=O)NCC(=O)N[C@@H](CCCNC(=N)N)C(=O)N3)cc1,False,5.0,,5.0,
Cc1ccc(C[C@@H]2NC(=O)[C@H](CCCNC(=N)N)NC(=O)[C@H](CC(C)C)NC(=O)[C@H](Cc3ccc(O)cc3)NC(=O)CSC[C@@H](C(N)=O)NC(=O)CNC(=O)CNC(=O)[C@H](CCCNC(=N)N)NC(=O)[C@H](CC(=O)O)NC(=O)[C@H](CCCCN)NC(=O)[C@@H]3CCCN3C(=O)[C@H](CCCNC(=N)N)NC2=O)cc1,False,7.251811972993799,,,
Cc1ccc(C[C@H](NC(=O)[C@@H](C)NC(=O)[C@@H]2CCCN2C(=O)[C@@H]2C[C@@H]3CCCC[C@@H]3N2C(=O)Cc2ccc(C(=N)N)cc2)C(N)=O)cc1,False,,,6.346787486224656,
Cc1ccc(C[C@H](NC(=O)[C@@H](C)NC(=O)[C@@H]2CCCN2C(=O)[C@@H]2C[C@@H]3CCCC[C@@H]3N2C(=O)Cc2cccc(C(=N)N)c2)C(N)=O)cc1,False,,,4.581698708680254,
Cc1ccc(C[C@H](NC(=O)[C@@H](C)NC(=O)[C@@H]2CCCN2C(=O)[C@@H]2C[C@@H]3CCCC[C@@H]3N2C(=O)[C@@H](C)CCCNC(=N)N)C(N)=O)cc1,False,,,5.008773924307505,
Cc1ccc(C[C@H](NC(=O)[C@@H](C)NC(=O)[C@@H]2CCCN2C(=O)[C@@H]2C[C@@H]3CCCC[C@@H]3N2C(=O)[C@@H](N)CCCNC(=N)N)C(N)=O)cc1,False,,,4.136677139879544,
Cc1ccc(C[C@H](NC(=O)[C@@H](C)NC(=O)[C@@H]2CCCN2C(=O)[C@@H]2C[C@@H]3CCCC[C@@H]3N2C(=O)[C@H](C)CCCNC(=N)N)C(N)=O)cc1,False,,,4.008773924307505,
Cc1ccc(C[C@H](NC(=O)[C@@H](C)NC(=O)[C@@H]2CCCN2C(=O)[C@@H]2C[C@@H]3CCCC[C@@H]3N2C(=O)[C@H](N)CCCNC(=N)N)C(N)=O)cc1,False,,,5.356547323513812,
Cc1ccc(C[C@H](NC(=O)[C@@H](C)NC(=O)[C@@H]2CCCN2C(=O)[C@@H]2C[C@@H]3CCCC[C@@H]3N2C(=O)[C@H]2CC[C@@H](NC(=N)N)CC2)C(N)=O)cc1,False,,,4.709965388637482,
Cc1ccc(C[C@H](NC(=O)[C@@H](C)NC(=O)[C@@H]2CCCN2C(=O)[C@@H]2C[C@@H]3CCCC[C@@H]3N2C(=O)[C@H]2CC[C@H](NC(=N)N)CC2)C(N)=O)cc1,False,,,5.6020599913279625,
Cc1ccc(C[C@H](NC(=O)[C@@H](C)NC(=O)[C@@H]2CCCN2C(=O)[C@@H]2C[C@@H]3CCCC[C@@H]3N2C(=O)c2ccc(C(=N)N)cc2)C(N)=O)cc1,False,,,6.292429823902063,
Cc1ccc(C[C@H](NC(=O)[C@@H](C)NC(=O)[C@@H]2CCCN2C(=O)[C@@H]2C[C@@H]3CCCC[C@@H]3N2C(=O)c2ccc(NC(=N)N)cc2)C(N)=O)cc1,False,,,6.2441251443275085,
Cc1ccc(C[C@H](NC(=O)[C@@H](C)NC(=O)[C@@H]2CCCN2C(=O)[C@@H]2C[C@@H]3CCCC[C@@H]3N2C(=O)c2cccc(C(=N)N)c2)C(N)=O)cc1,False,,,5.987162775294828,
Cc1ccc(C[C@H](NC(=O)[C@@H](Cc2ccccc2)NS(=O)(=O)Cc2ccccc2)C(=O)N[C@@H](CCCN=C(N)N)C(=O)c2nccs2)cc1,False,,6.2441251443275085,5.126098402135539,
Cc1ccc(Cl)cc1NS(=O)(=O)c1c(C)nc(O)nc1O,False,,,4.301029995663981,
Cc1ccc(Cn2cc(/C=N/NC(=O)Cc3nnc(NC(=O)c4ccc(C)cc4)s3)c3ccccc32)cc1,False,4.301029995663981,,,
Cc1ccc(F)cc1C/C=N/n1ccc(C)c(CC(=O)NCc2ccc(N)nc2)c1=O.Cl,False,,,5.509900994936695,
Cc1ccc(N(CC(O)CN2C(=O)NC(C)(C)C2=O)S(=O)(=O)c2ccc(C)cc2)cc1,False,4.301029995663981,,,
Cc1ccc(N(CCC(=O)O)C(=O)c2ccc3c(c2)nc(CNc2ccc(C(=N)N)cc2F)n3C)nc1,False,,,7.620513186282726,
Cc1ccc(N/C(=C\[N+](=O)[O-])N[C@H]2CCCCN(CC(=O)N3CCCC3)C2=O)cc1,False,,4.468521082957745,,
Cc1ccc(N/C=C2/C(=O)N(c3ccc4c(c3)OCO4)C(=O)c3ccccc32)cc1,False,4.301029995663981,,,
Cc1ccc(N2C(=O)N(c3ccc(C)cc3)C2=O)cc1,False,,,5.638272163982407,
Cc1ccc(N2C(=O)SC(N(CC(=O)O)c3cccc(C)c3)C2=O)cc1,False,4.301029995663981,,,
Cc1ccc(N2C(S)=NC3c4ccccc4OC2(C)C3C(=O)N(C)C)cc1,False,,,4.301029995663981,
Cc1ccc(N2CC(C(=O)N/N=C/c3cccc([N+](=O)[O-])c3)CC2=O)cc1,False,,,4.301029995663981,
Cc1ccc(N2CCC(C)(NC(=O)c3ccc(-n4cnnc4)cc3Cl)C2)c([N+](=O)[O-])c1,False,,4.0,,
Cc1ccc(NC(=O)/C(CN(C)C)=N\O)cc1,False,4.301029995663981,,,
Cc1ccc(NC(=O)C2(S(=O)(=O)c3ccc(C)cc3)CC2)cc1,False,4.301029995663981,,,
Cc1ccc(NC(=O)CCn2cccc2)cc1C,False,4.301029995663981,,,
Cc1ccc(NC(=O)CN(C)C(=O)CCC(=O)c2cccs2)cc1,False,,,4.301029995663981,
Cc1ccc(NC(=O)CSCC(N)=O)cc1C,False,4.301029995663981,,,
Cc1ccc(NC(=O)CSc2nnc([C@H](C)NC(=O)OC(C)(C)C)o2)c(C)c1,False,4.301029995663981,,,
Cc1ccc(NC(=O)C[S+]([O-])CC(=O)NCC2CCCO2)cc1,False,4.301029995663981,,,
Cc1ccc(NC(=O)NCc2ccc3c(c2)OCO3)cc1,False,4.301029995663981,,,
Cc1ccc(NC(=O)c2cc(Cl)ccc2NC(=O)c2ccc(C(=N)N(C)C)cc2)nc1,False,,8.958607314841775,,
Cc1ccc(NC(=O)c2cc3cc(C)ccc3oc2=O)cc1,True,4.698970004336019,,4.301029995663981,
Cc1ccc(NC(=O)c2ccc(-c3ccccc3S(N)(=O)=O)cc2)c(Oc2cccc(C(=N)N)c2)c1,False,,8.00436480540245,,
Cc1ccc(NC(=O)c2ccc(C(=N)N(C)C)cc2)c(C(=O)Nc2ccc(Cl)cn2)c1,False,,9.154901959985743,,
Cc1ccc(NC(=O)c2ccc(OC(=O)COc3cccc(Cl)c3)cc2)cc1,False,,,6.2250671866126,
Cc1ccc(NC(=O)c2ccc3ccccc3n2)cc1S(=O)(=O)N1CCOCC1,False,,,4.3885970624903425,
Cc1ccc(NC(=O)c2cccc(O)c2NC(=O)c2ccc(N3CCCN(C)CC3)cc2)cc1.Cl,False,,7.167491087293763,,
Cc1ccc(NC(=O)c2cccc(O)c2NC(=O)c2ccc(N3CCCN(C)CC3)cc2)nc1.Cl,False,,6.5376020021010435,,
Cc1ccc(NC(=O)c2ccccc2)c(O)c1CC(=O)NCc1ccc(C(=N)N)cc1.Cl,False,,,5.721246399047171,
Cc1ccc(NCC(=O)c2ccccc2)c(O)c1CC(=O)NCc1ccc(C(=N)N)cc1.Cl,False,,,5.327902142064283,
Cc1ccc(NCC(O)C(O)C(O)CO)c(N=Nc2ccccc2)c1C,False,,,4.301029995663981,
Cc1ccc(NCNC(=O)c2ccccc2)c(O)c1CC(=O)NCc1ccc(C(=N)N)cc1.Cl,False,,,5.619788758288394,
Cc1ccc(NCS(=O)(=O)c2ccccc2)c(O)c1CC(=O)NCc1ccc(C(=N)N)cc1.Cl,False,,,6.721246399047171,
Cc1ccc(NCS(=O)(=O)c2ccccc2)c(O)c1CC(=O)NCc1ccc(N)nc1C.Cl,False,,,6.2441251443275085,
Cc1ccc(NS(=O)(=O)Cc2ccccc2)c(=O)n1CC(=O)NCCC(=O)N=C(N)N,False,,,5.721246399047171,
Cc1ccc(NS(=O)(=O)Cc2ccccc2)c(=O)n1CC(=O)N[C@H]1CCCN(C(=N)N)C1O,False,,6.349692476868063,9.330683119433887,
Cc1ccc(NS(=O)(=O)c2cc(Cl)ccc2Cl)c(O)c1CC(=O)NCc1ccnc(N)c1.Cl,False,,,6.0,
Cc1ccc(NS(=O)(=O)c2ccc(Cl)cc2)c(O)c1CC(=O)NCc1ccc(C(=N)N)cc1.Cl,False,,,6.886056647693163,
Cc1ccc(NS(=O)(=O)c2ccc(Cl)cc2F)c(O)c1CC(=O)NCc1ccc(C(=N)N)cc1.Cl,False,,,7.086186147616283,
Cc1ccc(NS(=O)(=O)c2cccc(C(F)(F)F)c2)c(O)c1CC(=O)NCc1ccc(C(=N)N)cc1.Cl,False,,,6.920818753952375,
Cc1ccc(NS(=O)(=O)c2cccc(Cl)c2C)c(O)c1CC(=O)NCc1ccc(N)nc1C.Cl,False,,,6.721246399047171,
Cc1ccc(NS(=O)(=O)c2cccc3ccccc23)c(O)c1CC(=O)NCc1ccc(C(=N)N)cc1,False,,,7.769551078621726,
Cc1ccc(NS(=O)(=O)c2cccc3ccccc23)c(O)c1CC(=O)NCc1ccc(C(=N)N)cc1.Cl,False,,,7.769551078621726,
Cc1ccc(NS(=O)(=O)c2ccccc2)c(O)c1CC(=O)NCc1ccc(C(=N)N)cc1.Cl,False,,,7.013228265733755,
Cc1ccc(NS(=O)(=O)c2ccccc2Cl)c(O)c1CC(=O)NCc1ccnc(N)c1.Cl,False,,,5.522878745280337,
Cc1ccc(OC(=O)N2CCN(C(=O)[C@@H](CC3CCCCC3)NC3CCCCC3)[C@H](C(=O)NCc3cccs3)C2)c(Cl)c1C,False,8.1249387366083,,,
Cc1ccc(OC(=O)N2CCN(C(=O)[C@@H](CCCCN(C)C)N(C)C3CCC4(CC3)CCN(Cc3ccccc3)C4)[C@H](C(=O)NCc3cccs3)C2)c(Cl)c1C,False,9.301029995663981,,,
Cc1ccc(OC(=O)N2CCN(C(=O)[C@@H](CCCCN(C)C)N(C)C3CCCCC3)[C@H](C(=O)NCc3cccs3)C2)c(Cl)c1C,False,10.0,,,
Cc1ccc(OC(=O)N2CCN(C(=O)[C@@H](CCCCN(C)C)NC3CCC4(CC3)CCN(Cc3ccccc3)C4)[C@H](C(=O)NCc3cccs3)C2)c(Cl)c1C,False,9.522878745280337,,,
Cc1ccc(OC(=O)N2CCN(C(=O)[C@@H](CCCCN3CCCC3)NC3CCC4(CC3)CCN(Cc3ccccc3)C4)[C@H](C(=O)NCc3cccs3)C2)c(Cl)c1C,False,9.0,,,
Cc1ccc(OC(=O)N2CCN(C(=O)[C@@H](CCCCN3CCCC3C)NC3CCC4(CC3)CCN(Cc3ccccc3)C4)[C@H](C(=O)NCc3cccs3)C2)c(Cl)c1C,False,9.522878745280337,,,
Cc1ccc(OC(=O)N2CCN(C(=O)[C@@H](CCCCN3CCCCC3)NC3CCC4(CC3)CCN(Cc3ccccc3)C4)[C@H](C(=O)NCc3cccs3)C2)c(Cl)c1C,False,9.698970004336019,,,
Cc1ccc(OC(=O)N2CCN(C(=O)[C@@H](CCCCNC(C)C)NC(C)C)[C@H](C(=O)NCc3cccs3)C2)c(Cl)c1C,False,8.853871964321762,,,
Cc1ccc(OC(=O)N2CCN(C(=O)[C@@H](CCCCNC(C)C)NC3CCC4(CC3)CCN(Cc3ccccc3)C4)[C@H](C(=O)NCc3cccs3)C2)c(Cl)c1C,False,9.301029995663981,,,
Cc1ccc(OC(=O)N2CCN(C(=O)[C@@H](CCCCNC(C)C)NC3CCCCC3)[C@H](C(=O)NCc3cccs3)C2)c(Cl)c1C,False,9.154901959985743,,,
Cc1ccc(OC(=O)N2CCN(C(=O)[C@@H]3NCCC[C@@H]3CCCN(C)C)[C@H](C(=O)NCc3cccs3)C2)c(Cl)c1C,False,7.54515513999149,,,
Cc1ccc(OC(=O)N2CCN(C(=O)[C@@H]3NCCC[C@@H]3CCC[N+](C)(C)C)[C@H](C(=O)NCc3cccs3)C2)c(Cl)c1C,False,7.860406160783926,,,
Cc1ccc(OC(=O)N2CCN(C(=O)[C@H](N)CCCCN(C)C)[C@H](C(=O)NCc3cccs3)C2)c(Cl)c1C,False,8.142667503568731,,,
Cc1ccc(OC(=O)N2CCN(C(=O)[C@H](N)CCCCN3CCCCC3)[C@H](C(=O)NCc3cccs3)C2)c(Cl)c1C,False,8.301029995663981,,,
Cc1ccc(OCC(=O)N2CCC(N3CCCCCC3)CC2)cc1,False,,,4.301029995663981,
Cc1ccc(OCC(=O)Nc2nnn(C)n2)c(C)c1,False,4.301029995663981,,,
Cc1ccc(OCc2nnc(S)n2N)cc1C,False,,,4.301029995663981,
Cc1ccc(OCc2nnc(SCC(=O)O)n2N)cc1,False,4.301029995663981,,,
Cc1ccc(Oc2nc(Oc3cccc(C(=N)N)c3)c(F)c(NC(C)CCc3ccccc3)c2F)c(C(=O)O)c1.O=C(O)C(F)(F)F,False,,4.5376020021010435,,
Cc1ccc(S(=O)(=O)/N=C/c2ccco2)cc1,False,,,4.301029995663981,
Cc1ccc(S(=O)(=O)CC(=O)Nc2c(C)n(C)n(-c3ccccc3)c2=O)cc1,False,,,5.44617278014314,
Cc1ccc(S(=O)(=O)CCN2C=CC(C(F)(F)F)=NCC2)cc1,False,4.301029995663981,,,
Cc1ccc(S(=O)(=O)N(CC(=O)NCCC2=CCCCC2)Cc2ccccc2)cc1,False,4.301029995663981,,,
Cc1ccc(S(=O)(=O)N(Cc2ccccc2)c2ccccc2C(=O)NCc2ccco2)cc1,False,4.301029995663981,,,
Cc1ccc(S(=O)(=O)N2CCC(N(Cc3ccc4ccc(C(=N)N)cc4c3)S(C)(=O)=O)CC2)cc1,False,,4.0,,
Cc1ccc(S(=O)(=O)N2CCN(Cc3cc(C(C)C)ccc3O)CC2)cc1,False,4.301029995663981,,,
Cc1ccc(S(=O)(=O)NC(=O)N2CCC(C)CC2)cc1,False,,,4.301029995663981,
Cc1ccc(S(=O)(=O)NCC(=O)NC(Cc2ccc3c(N)nccc3c2)C(=O)N2CCCCC2)cc1,False,,,3.447331783887807,
Cc1ccc(S(=O)(=O)NCC(=O)OCC(=O)Nc2ncc(Cl)cc2Cl)cc1,False,4.301029995663981,,,
Cc1ccc(S(=O)(=O)Nc2ccc(C)c(CC(=O)NCc3ccc(C(=N)N)cc3)c2O)cc1.Cl,False,,,6.6020599913279625,
Cc1ccc(S(=O)(=O)Nc2ccc(C)c(CC(=O)NCc3ccc(N)nc3C)c2O)cc1F.Cl,False,,,6.229147988357855,
Cc1ccc(S(=O)(=O)Nc2ccc(C)c(CC(=O)NCc3nccc(C)c3F)c2O)cc1Cl,False,,,4.698970004336019,
Cc1ccc(S(=O)(=O)Nc2cccnc2Oc2ccc(Cl)cc2)cc1,False,4.301029995663981,,4.301029995663981,
Cc1ccc(S(=O)(=O)Nc2nc(-c3ccncc3)n[nH]2)cc1,False,6.0,5.301029995663981,5.301029995663981,
Cc1ccc(S(=O)(=O)ON2C(=O)c3ccccc3C2=O)c(C)c1,False,5.071785483055995,,6.0673892715133,
Cc1ccc(S(=O)(=O)n2nc(OC(=O)c3ccco3)cc2N)cc1,False,4.7868187708686705,,,
Cc1ccc([C@@]2(O)C[C@H](C(=O)Nc3ccc(-n4ccccc4=O)cn3)N(C(=O)Nc3ccc(Cl)cc3)C2)cc1,False,,9.744727494896694,,
Cc1ccc2[nH]c(/C(C#N)=C\c3ccc(N4CCCCC4)c([N+](=O)[O-])c3)nc2c1,False,5.991561654367492,,,
Cc1ccc2c(C)c(C(=O)Nc3nnc(C)s3)oc2c1,False,4.301029995663981,,,
Cc1ccc2c(c1)C(C(=O)n1nc(N)c3c1CN(S(C)(=O)=O)CC3)CCN2,False,4.045757490560675,,,
Cc1ccc2c(c1)C(C(=O)n1nc3c(c1N)CCN(S(C)(=O)=O)C3)CCN2,False,6.522878745280337,,4.259637310505756,
Cc1ccc2c(c1)C(Cc1ccc(C(=N)N)c(OCc3cccnc3)c1)OB2O.Cl,False,,4.499999953328896,5.200000237109354,
Cc1ccc2c(c1)C1CN(C)CCC1N2C(=O)c1cn(-c2ccccc2)nc1-c1ccccc1,False,,,5.516508272594276,
Cc1ccc2c(c1)CC1(CN2C)C(=O)OC(C)(C)OC1=O,False,,,5.771992532055896,
Cc1ccc2c(c1)CC1(CN2C)C(=O)OC2(CCCCC2)OC1=O,False,,,5.382763693384623,
Cc1ccc2c(c1)c1c3n2CCCNC3CCC1,False,,,4.301029995663981,
Cc1ccc2cc(CN(C(=O)c3cccs3)c3ccccc3)c(O)nc2c1,False,4.301029995663981,,,
Cc1ccc2cc(Cn3cc(C(=O)NCc4c(C)cc(CN)cc4C)c(C(F)(F)F)n3)ccc2n1,False,4.3979400086720375,,,
Cc1ccc2cc(Cn3cc(C(=O)NCc4c(C)cc(CN)cc4C)c(C)n3)ccc2n1,False,4.3979400086720375,,,
Cc1ccc2cc(Cn3ncc(C(=O)NCc4c(C)cc(CN)cc4C)c3C(F)(F)F)ccc2n1,False,4.3979400086720375,,,
Cc1ccc2cc(Cn3ncc(C(=O)NCc4c(C)cc(CN)cc4C)c3C)ccc2n1,False,4.3979400086720375,,,
Cc1ccc2cc(S(=O)(=O)CCC(=O)N(C)C3CCN(c4ccnc(C)c4)CC3)ccc2c1,False,,6.142667503568731,,
Cc1ccc2nc(/C(C#N)=C/c3ccccc3)[nH]c2c1,False,4.301029995663981,,,
Cc1ccc2nc(NC(=O)C3CCCN(S(=O)(=O)c4cccc5nsnc45)C3)sc2c1,False,4.301029995663981,,,
Cc1ccc2nc(NC(=O)CSCC(=O)OCC(=O)c3ccc(Br)cc3)sc2c1,False,,,7.405939098729582,
Cc1ccc2nc(NC(=O)CSCC(=O)OCC(=O)c3ccccc3)sc2c1,False,,,7.047401265470227,
Cc1ccc2nc(NCc3ccccc3)c(/C=N/Cc3cccnc3)c(=O)n2c1,False,4.301029995663981,,,
Cc1ccc2oc(=O)c(C(=O)NC34CC5CC(CC(C5)C3)C4)cc2c1,True,4.5376020021010435,,,
Cc1ccc2oc(=O)c(C(=O)NC3CCCCCCCCCCC3)cc2c1,True,4.481486060122112,,,
Cc1ccc2oc(=O)c(C(=O)NCCc3ccccc3)cc2c1,True,4.301029995663981,,,
Cc1ccc2oc(=O)c(C(=O)NCc3cccc4ccccc34)cc2c1,True,4.823908740944319,,4.301029995663981,
Cc1ccc2oc(=O)c(C(=O)NCc3ccccc3)cc2c1,True,4.301029995663981,,,
Cc1ccc2oc(=O)c(C(=O)Nc3ccc(Cl)cc3)cc2c1,True,4.468521082957745,,4.301029995663981,
Cc1ccc2oc(=O)c(C(=O)Nc3ccc(N)cc3)cc2c1,True,4.853871964321762,,,
Cc1ccc2oc(=O)c(C(=O)Nc3ccc(NC(=N)N)cc3)cc2c1,True,3.8239087409443187,,,
Cc1ccc2oc(=O)c(C(=O)Nc3cccc(Cl)c3)cc2c1,True,4.508638306165727,,,
Cc1ccc2oc(=O)c(C(=O)Nc3ccccc3)cc2c1,True,4.638272163982407,,4.301029995663981,
Cc1ccc2oc(=O)c(C(=O)Nc3ccccc3C)cc2c1,True,4.494850021680094,,4.301029995663981,
Cc1ccc2oc(=O)c(C(=O)Nc3ccccc3Cl)cc2c1,True,4.522878745280337,,4.301029995663981,
Cc1ccc2oc(=O)c(C(=O)Nc3cnc4ccccc4c3)cc2c1,True,5.080921907623926,,,
Cc1ccc2oc(NC(=O)N3CCOCC3)cc(=O)c2c1,False,4.301029995663981,,,
Cc1ccc2sc(S(=O)(=O)N[C@H]3CCCN(CC(=O)N4CCCC4)C3=O)cc2c1,False,,5.710411047457403,,
Cc1cccc(-c2c(Cl)nc(NCCc3ccccc3)c(=O)n2CC(=O)NCc2ccc(C(=N)N)cc2)c1,False,,,6.050609993355087,
Cc1cccc(-c2ccc(Oc3nc(Oc4cccc(C(=N)N)c4)c(F)c(N(C(C)C)C(C)C)c3F)c(C(=O)O)c2)c1.O=C(O)C(F)(F)F,False,,,5.508638306165727,
Cc1cccc(-n2c(=O)c3c4c(sc3n3c(S)nnc23)CCC4)c1,False,4.301029995663981,,,
Cc1cccc(C(=O)N[C@H](CO)C(=O)N[C@@H](C)C(=O)NC(Cc2ccc(NC(=N)N)cc2)P(=O)(Oc2ccccc2)Oc2ccccc2)c1,False,,,4.468521082957745,
Cc1cccc(C(=O)Nc2sc(C)c(-c3ccccc3)c2C#N)c1,False,,,4.301029995663981,
Cc1cccc(C(=O)O)c1OCCc1cc(-c2ccc3c(c2)[C@H](N)CO3)cc(C(C)C)c1,False,,4.903089986991944,5.00788851221305,
Cc1cccc(C(=O)O/N=C2\C(=O)N(C)c3ccccc32)c1,False,5.381074782223123,,,
Cc1cccc(C(=O)O/N=C2\CCS(=O)(=O)c3sccc32)c1,False,4.441061146496354,,,
Cc1cccc(C(=O)n2cnnc2N)c1,False,6.3006479845801415,,,
Cc1cccc(C(=O)n2nc(-c3ccccn3)nc2N)c1,False,7.031517051446065,5.301029995663981,7.0655015487564325,
Cc1cccc(C(=O)n2nc(C#N)c3ccccc32)c1,False,,,5.721246399047171,
Cc1cccc(C(C)(C)CN(CC(=O)N[C@@H](CCCN=C(N)N)C(=O)c2nc3ccccc3s2)C(=O)CCc2ccccc2)c1,False,,,5.3979400086720375,
Cc1cccc(C)c1C(=O)N[C@H](CO)C(=O)N[C@@H](C)C(=O)NC(Cc1ccc(NC(=N)N)cc1)P(=O)(Oc1ccccc1)Oc1ccccc1,False,,,5.200659450546418,
Cc1cccc(C)c1CNC(=O)c1ccc(Oc2nc(Oc3cccc(C(=N)N)c3)c(F)c(N(C(C)C)C(C)C)c2F)c(C(=O)O)c1.O=C(O)C(F)(F)F,False,,,5.7447274948966935,
Cc1cccc(C)c1C[C@H](NC(=O)[C@@H](Cc1ccccc1)NS(=O)(=O)Cc1ccccc1)C(=O)N[C@@H](CCCN=C(N)N)C(=O)c1nccs1,False,,5.557520230935552,4.55129368009492,
Cc1cccc(C)c1N(CCC(=O)O)C(=O)c1ccc2c(c1)nc(CNc1ccc(C(=N)N)cc1F)n2C,False,,,7.893809102736585,
Cc1cccc(C)c1NC(=S)N/N=C/c1c(Cl)cccc1Cl,False,,,4.301029995663981,
Cc1cccc(C)c1OCC(=O)N/N=C/c1cc2c(cc1[N+](=O)[O-])OCO2,False,4.301029995663981,,,
Cc1cccc(CNC(=O)[C@@H]2CCCN2C(=O)C(N)C(c2ccccc2)c2ccccc2)c1,False,,,7.0,
Cc1cccc(CNC(=O)[C@@H]2CCCN2C(=O)C(N)C(c2ccccc2)c2ccccc2)c1C,False,,,6.508638306165727,
Cc1cccc(C[C@@H]2NC(=O)[C@H](CCCNC(=N)N)NC(=O)[C@H](CC(C)C)NC(=O)[C@H](Cc3ccc(O)cc3)NC(=O)CSC[C@@H](C(N)=O)NC(=O)CNC(=O)CNC(=O)[C@H](CCCNC(=N)N)NC(=O)[C@H](CC(=O)O)NC(=O)[C@H](CCCCN)NC(=O)[C@@H]3CCCN3C(=O)[C@H](CCCNC(=N)N)NC2=O)c1,False,7.136677139879544,,,
Cc1cccc(C[C@H](NC(=O)[C@@H](Cc2ccccc2)NS(=O)(=O)Cc2ccccc2)C(=O)N[C@@H](CCCN=C(N)N)C(=O)c2nccs2)c1,False,,6.795880017344075,4.920818753952375,
Cc1cccc(N(CCC(=O)O)C(=O)c2ccc3c(c2)nc(CNc2ccc(C(=N)N)cc2F)n3C)c1,False,,,8.645891560852599,
Cc1cccc(N(CCC(=O)O)C(=O)c2ccc3c(c2)nc(CNc2ccc(C(=N)N)cc2F)n3C)c1C,False,,,8.812479279163536,
Cc1cccc(N(CCC(=O)O)C(=O)c2ccc3c(c2)nc(CNc2ccc(C(=N)N)cc2F)n3C)n1,False,,,8.847711655616944,
Cc1cccc(N/C(=C\[N+](=O)[O-])NC2CCCCN(CC(=O)N3CCCC3)C2=O)c1,False,,5.1938200260161125,,
Cc1cccc(N/C(=C\[N+](=O)[O-])N[C@H]2CCCCN(CC(=O)N3CCCC3)C2=O)c1,False,,5.1938200260161125,,
Cc1cccc(N/C(=N\C(=O)C2CCN(C(=O)c3ccccc3)CC2)N[C@H]2CCCCN(CC(=O)N3CCCC3)C2=O)c1,False,,5.9694002780340485,,
Cc1cccc(N/C(=N\C(=O)c2cc(Cl)cc(Cl)c2)N[C@H]2CCCCN(CC(=O)N3CCCC3)C2=O)c1,False,,6.078313524516398,,
Cc1cccc(N/C(=N\C(=O)c2cc(F)cc(F)c2)N[C@H]2CCCCN(CC(=O)N3CCCC3)C2=O)c1,False,,6.402304814074488,,
Cc1cccc(N/C(=N\C(=O)c2ccc(Cl)cc2)N[C@H]2CCCCN(CC(=O)N3CCCC3)C2=O)c1,False,,6.703334809738469,,
Cc1cccc(N/C(=N\C(=O)c2ccc(F)c(F)c2)N[C@H]2CCCCN(CC(=O)N3CCCC3)C2=O)c1,False,,6.567030709125595,,
Cc1cccc(N/C(=N\C(=O)c2ccc(F)cc2)N[C@H]2CCCCN(CC(=O)N3CCCC3)C2=O)c1,False,,6.653647025549361,,
Cc1cccc(N/C(=N\C(=O)c2ccc(N(C)C)cc2)N[C@H]2CCCCN(CC(=O)N3CCCC3)C2=O)c1,False,,6.286509456906058,,
Cc1cccc(N/C(=N\C(=O)c2cccc(Cl)c2)N[C@H]2CCCCN(CC(=O)N3CCCC3)C2=O)c1,False,,6.430626090384954,,
Cc1cccc(N/C(=N\C(=O)c2cccc(F)c2)N[C@H]2CCCCN(CC(=O)N3CCCC3)C2=O)c1,False,,6.428291168191312,,
Cc1cccc(N/C(=N\C(=O)c2ccccc2)N[C@H]2CCCCN(CC(=O)N3CCCC3)C2=O)c1,False,,6.610833915635467,,
Cc1cccc(N/C(=N\C(=O)c2ccno2)N[C@H]2CCCCN(CC(=O)N3CCCC3)C2=O)c1,False,,6.2020403562628035,,
Cc1cccc(N/C(=N\C(=O)c2sc(C)nc2C)N[C@H]2CCCCN(CC(=O)N3CCCC3)C2=O)c1,False,,6.335358024443875,,
Cc1cccc(N2CCN(C(=O)c3cc4c(=O)n(C)c5ccccc5c4n3C)CC2C)c1,False,4.301029995663981,,,
Cc1cccc(N2N=C(C(=O)N3CC(=O)Nc4ccccc43)CCC2=O)c1,False,4.301029995663981,,,
Cc1cccc(NC(=O)CSCc2c(C)noc2C)c1C,False,4.301029995663981,,,
Cc1cccc(NC(=O)c2cc(N3C(=O)CCC3=O)ccc2Cl)n1,False,4.301029995663981,,,
Cc1cccc(NC(=O)c2cc3cc(C)ccc3oc2=O)c1,True,5.0,,4.301029995663981,
Cc1cccc(NC(=O)c2cc3cc(Cl)cc(Br)c3oc2=O)c1,True,5.0,,4.301029995663981,
Cc1cccc(NC(=O)c2cc3cc(Cl)cc(Cl)c3oc2=O)c1,True,4.6020599913279625,,,
Cc1cccc(NC(=S)NC(=O)/C=C/c2ccccc2)n1,False,,,4.301029995663981,
Cc1cccc(NC(=S)NC2CCCCN(CC(=O)N3CCCC3)C2=O)c1,False,,6.958607314841775,,
Cc1cccc(NC(=S)N[C@H]2CCCCN(CC(=O)N3CCCC3)C2=O)c1,False,,6.958607314841775,,
Cc1cccc(NC(S)=NC23CN4CN(CN(C4)C2)C3)c1,False,,,4.301029995663981,
Cc1cccc(Nc2cc(O)nc(O)n2)c1C,False,4.301029995663981,,,
Cc1cccc(Nc2nc(N)nc(CCl)n2)c1,False,,,4.301029995663981,
Cc1cccc(OC(=O)N2CCN(C(=O)[C@@H](CC3CCCCC3)NC3CCCCC3)[C@H](C(=O)NCc3cccs3)C2)c1Cl,False,7.8297382846050425,,,
Cc1cccc(OC(=O)c2cc3cc(CCl)ccc3oc2=O)n1,True,,,5.856985199745905,
Cc1cccc(S(=O)(=O)N2CCC(N(Cc3ccc4ccc(C(=N)N)cc4c3)S(C)(=O)=O)CC2)c1,False,,6.6020599913279625,,
Cc1cccc(S(=O)(=O)Nc2ccc(C)n(CC(=O)NCCONC(=N)N)c2=O)c1,False,,6.638272163982407,8.397940008672037,
Cc1cccc(S(=O)(=O)Oc2cccc(OCCc3ccc(CN)cc3)c2)c1,False,,,4.229999967073058,
Cc1cccc([C@@H]2OC(N3CCN(C(=O)[C@@H](CCCCNS(C)(=O)=O)NC4CCCCC4)[C@H](C(=O)NCc4cccs4)C3)=N[C@H]2C)c1,False,7.987162775294828,,,
Cc1cccc([C@@]2(O)C[C@H](C(=O)Nc3ccc(-n4ccccc4=O)cn3)N(C(=O)Nc3ccc(Cl)cc3)C2)c1,False,,8.920818753952375,,
Cc1cccc([N+](=O)[O-])c1-c1ccc(C=C2C(=O)N(c3ccccc3)C(=S)N(c3ccccc3)C2=O)o1,False,,,3.3010299956639813,
Cc1cccc2c1B(O)OC(c1ccc(C(=N)N)c(OCc3cccnc3)c1)C2.Cl,False,,4.300000029139088,5.499999678657065,
Cc1cccc2c1NCCC2C(=O)n1nc(N)c2c1CCOC2,False,4.3979400086720375,,,
Cc1cccc2c1NCCC2C(=O)n1nc(N)c2c1CN(S(=O)(=O)C1CCC1)CC2,False,4.958607314841775,,,
Cc1cccc2c1NCCC2C(=O)n1nc(N)c2c1CN(S(=O)(=O)C1COC1)CC2,False,4.455931955649724,,,
Cc1cccc2c1NCCC2C(=O)n1nc(N)c2c1CNCC2,False,4.221848749616356,,,
Cc1cccc2c1NCCC2C(=O)n1nc(N)c2c1COCC2,False,4.0,,,
Cc1cccc2c1NCCC2C(=O)n1nc2c(c1N)CCN(S(C)(=O)=O)C2,False,7.3979400086720375,,4.638272163982407,
Cc1cccc2c1NCCC2C(=O)n1nc2c(c1N)CCN(S(C)(=O)=O)C2C,False,4.809894379144197,,,
Cc1cccc2c1NCCC2C(=O)n1nc2c(c1N)COCC2,False,6.769551078621726,,4.096910013008056,
Cc1cccc2c1NCC[C@@H]2C(=O)n1nc2c(c1N)CCN(CCO)C2,False,7.3979400086720375,,,
Cc1cccc2c1NCC[C@@H]2C(=O)n1nc2c(c1N)CCN(S(=O)(=O)C1CCC1)C2,False,7.3979400086720375,,,
Cc1cccc2c1NCC[C@@H]2C(=O)n1nc2c(c1N)CCN(S(=O)(=O)C1COC1)C2,False,6.698970004336019,,,
Cc1cccc2c1NCC[C@@H]2C(=O)n1nc2c(c1N)CCN(S(=O)(=O)N(C)C)C2,False,7.3979400086720375,,,
Cc1cccc2c1NCC[C@@H]2C(=O)n1nc2c(c1N)CCN(S(C)(=O)=O)C2,False,7.698970004336019,,4.7447274948966935,
Cc1cccc2c1NCC[C@@H]2C(=O)n1nc2c(c1N)CCNC2,False,7.0,,4.045757490560675,
Cc1cccc2c1NCC[C@@H]2C(=O)n1nc2c(c1N)CCOC2,False,7.045757490560675,,3.8239087409443187,
Cc1cccc2c1NCC[C@@H]2C(=O)n1nc2c(c1N)COCC2,False,7.301029995663981,,,
Cc1cccc2c1NCC[C@H]2C(=O)n1nc2c(c1N)CCN(CCO)C2,False,4.6020599913279625,,,
Cc1cccc2c1NCC[C@H]2C(=O)n1nc2c(c1N)CCN(S(=O)(=O)C1CCC1)C2,False,4.455931955649724,,,
Cc1cccc2c1NCC[C@H]2C(=O)n1nc2c(c1N)CCN(S(=O)(=O)C1COC1)C2,False,4.3979400086720375,,,
Cc1cccc2c1NCC[C@H]2C(=O)n1nc2c(c1N)CCN(S(C)(=O)=O)C2,False,4.769551078621726,,,
Cc1cccc2c1NCC[C@H]2C(=O)n1nc2c(c1N)CCNC2,False,4.522878745280337,,,
Cc1cccc2c1NCC[C@H]2C(=O)n1nc2c(c1N)CCOC2,False,4.096910013008056,,,
Cc1cccc2cc(C(=O)NC3CCN(C(C)C)CC3)n(Cc3cc(-c4ccc(Cl)s4)on3)c12,False,,8.804706728019523,,
Cc1ccccc1-c1c(Cl)nc(NCCc2ccccc2)c(=O)n1CC(=O)NCc1ccc(C(=N)N)cc1,False,,,6.522878745280337,
Cc1ccccc1-c1ccc(Oc2nc(Oc3cccc(C(=N)N)c3)c(F)c(N(C(C)C)C(C)C)c2F)c(C(=O)O)c1.O=C(O)C(F)(F)F,False,,,5.853871964321762,
Cc1ccccc1-c1ccc2c(C)cc(Nc3ccc(C(=N)N)cc3)nc2c1,False,,,7.431798275933005,
Cc1ccccc1-c1ccc2c(C)cc(Oc3ccc(C(=N)N)cc3)nc2c1,False,,,8.221848749616356,
Cc1ccccc1-c1nc2c(cnn2C)c(=O)o1,False,,3.6989700043360187,3.8894102897007508,
Cc1ccccc1-n1cnc2cc(NCc3cccs3)ccc21,False,,,4.301029995663981,
Cc1ccccc1-n1ncc2c(SCC(=O)N3c4ccccc4CC3C)ncnc21,False,,,4.301029995663981,
Cc1ccccc1C(=O)/N=c1\sccn1C,False,4.301029995663981,,,
Cc1ccccc1C(=O)N1CCN(c2ccc3c(N)nncc3c2)CC1,False,,,4.522878745280337,
Cc1ccccc1C(=O)N[C@H](CO)C(=O)N[C@@H](C)C(=O)NC(Cc1ccc(NC(=N)N)cc1)P(=O)(Oc1ccccc1)Oc1ccccc1,False,,,4.798602875679548,
Cc1ccccc1C(=O)n1cc([N+](=O)[O-])cn1,False,,,4.91721462968355,
Cc1ccccc1CCNn1ccc(C)c(CC(=O)NCc2ccc(C(=N)N)cc2)c1=O.Cl,False,,,7.638272163982407,
Cc1ccccc1CNC(=O)[C@@H]1CCCN1C(=O)C(N)C(c1ccccc1)c1ccccc1,False,,,6.221848749616356,
Cc1ccccc1CNCc1cccnc1,False,4.301029995663981,,,
Cc1ccccc1C[C@@H]1NC(=O)[C@H](CCCNC(=N)N)NC(=O)[C@H](CC(C)C)NC(=O)[C@H](Cc2ccc(O)cc2)NC(=O)CSC[C@@H](C(N)=O)NC(=O)CNC(=O)CNC(=O)[C@H](CCCNC(=N)N)NC(=O)[C@H](CC(=O)O)NC(=O)[C@H](CCCCN)NC(=O)[C@@H]2CCCN2C(=O)[C@H](CCCNC(=N)N)NC1=O,False,7.366531544420414,,,
Cc1ccccc1C[C@H](NC(=O)[C@@H](Cc1ccccc1)NS(=O)(=O)Cc1ccccc1)C(=O)N[C@@H](CCCN=C(N)N)C(=O)c1nccs1,False,,6.481486060122113,4.66354026615147,
Cc1ccccc1Cn1cnc2c(NS(C)(=O)=O)c(C)c(C)cc21,False,4.301029995663981,,,
Cc1ccccc1N(CC(=O)O)C(=O)C1=C(C(=O)NCc2ccc(C(=N)N)cc2)CCC1,False,,,3.9208187539523753,
Cc1ccccc1N(CC(=O)O)C(=O)C1=CCCC1C(=O)NCc1ccc(C(=N)N)cc1,False,,,5.886056647693163,
Cc1ccccc1N(CCC(=O)O)C(=O)c1ccc2c(c1)nc(CNc1ccc(C(=N)N)cc1F)n2C,False,,,8.211268002545548,
Cc1ccccc1N1CCN(Cc2c[nH]c3ccccc23)CC1,False,4.301029995663981,,,
Cc1ccccc1NC(=O)CCl,False,,,4.301029995663981,
Cc1ccccc1NC(=O)Nc1ccccc1Br,False,,,4.301029995663981,
Cc1ccccc1NC(=O)c1ccc(NC(=O)C2CC(=O)OC23CCCCC3)cc1,False,,,4.301029995663981,
Cc1ccccc1NC(=O)c1cccc2nc3ccccc3nc12,False,4.301029995663981,,,
Cc1ccccc1S(=O)(=O)N1CCC(N(Cc2ccc3ccc(C(=N)N)cc3c2)S(C)(=O)=O)CC1,False,,6.022276394711152,,
Cc1ccccc1S(=O)(=O)Nc1ccc(C)c(CC(=O)NCc2ccc(N)nc2C)c1O.Cl,False,,,6.585026652029182,
Cc1ccccc1[C@@]1(O)C[C@H](C(=O)Nc2ccc(-n3ccccc3=O)cn2)N(C(=O)Nc2ccc(Cl)cc2)C1,False,,9.958607314841775,,
Cc1cccn(-c2ccc(NC(=O)[C@H]3C[C@@](C)(O)CN3C(=O)Nc3ccc(Cl)cc3)c(F)c2)c1=O,False,,9.267606240177031,,
Cc1ccn(/N=C/Cc2cccc(C(F)(F)F)c2)c(=O)c1CC(=O)NCc1ccc(N)nc1.Cl,False,,,5.567672207738396,
Cc1ccn(CC(=O)O)c(=O)c1,False,4.301029995663981,,,
Cc1ccn(NCCc2ccccc2)c(=O)c1CC(=O)NCc1ccc(C(=N)N)cc1.Cl,False,,,7.040958607678906,
Cc1ccn(NCS(=O)(=O)c2ccc(Cl)cc2)c(=O)c1CC(=O)NCc1ccnc(N)c1.Cl,False,,,4.35261702988538,
Cc1ccn(NCS(=O)(=O)c2ccccc2)c(=O)c1CC(=O)NCc1ccc(C(=N)N)cc1.Cl,False,,,5.716925025264528,
Cc1ccn(NS(=O)(=O)Cc2ccccc2)c(=O)c1CC(=O)NCc1ccc(C(=N)N)cc1,False,,,5.402304814074488,
Cc1ccn(NS(=O)(=O)c2ccc(Cl)c(Cl)c2)c(=O)c1CC(=O)NCc1ccc(C(=N)N)cc1.Cl,False,,,6.053056729302175,
Cc1ccn(NS(=O)(=O)c2cccc3ccccc23)c(=O)c1CC(=O)NCc1ccc(C(=N)N)cc1,False,,,4.767003889607846,
Cc1ccn(NS(=O)(=O)c2cccc3ccccc23)c(=O)c1CC(=O)NCc1ccc(C(=N)N)cc1.Cl,False,,,5.905528871358356,
Cc1ccn(NS(=O)(=O)c2ccccc2)c(=O)c1CC(=O)NCc1ccc(C(=N)N)cc1,False,,,5.607303046740334,
Cc1ccn(NS(=O)(=O)c2ccccc2)c(=O)c1CC(=O)NCc1ccc(C(=N)N)cc1.Cl,False,,,5.607127254597921,
Cc1ccnc(CNC(=O)Cc2c(C)ccc(NCS(=O)(=O)c3cccc(Cl)c3)c2O)c1F,False,,,4.823908740944319,
Cc1ccnc(CNC(=O)Cc2c(C)ccc(NS(=O)(=O)c3cccc(Cl)c3)c2O)c1F,False,,,4.853871964321762,
Cc1ccnc(CNC(=O)Cc2c(C)ccn(NCCc3cc(Cl)ccc3F)c2=O)c1F,False,,,4.35261702988538,
Cc1ccnc(CNC(=O)Cc2c(C)ccn(NS(=O)(=O)c3c(C)cccc3Cl)c2=O)c1F,False,,,4.35261702988538,
Cc1ccnc(CNC(=O)Cc2c(C)ccn(NS(=O)(=O)c3ccccc3S(C)(=O)=O)c2=O)c1F,False,,,4.35261702988538,
Cc1ccnc(N(CCC(=O)O)C(=O)c2ccc3c(c2)nc(CNc2ccc(C(=N)N)cc2F)n3C)c1,False,,,8.048762759262925,
Cc1ccnc(NC(=O)C2CCCN(S(=O)(=O)c3c[nH]cn3)C2)c1,False,,,4.301029995663981,
Cc1ccnc(NC(=O)c2ccc([N+](=O)[O-])o2)c1,False,,,4.301029995663981,
Cc1ccsc1/C=N/NC(=O)c1ccc2c(c1)OCCO2,False,4.301029995663981,,,
Cc1ccsc1C(=O)NCCC(c1ccccc1)c1ccccc1,False,4.301029995663981,,,
Cc1ccsc1C(=O)Nc1n[nH]c(C(F)(F)F)n1,False,5.917760532646907,,,
Cc1cn2c(N3CCN(C(=O)CCS(=O)(=O)c4ccc5cc(Cl)ccc5c4)CC3)cccc2n1,False,,7.920818753952375,,
Cc1cn2cc(N/C(=N\C#N)N[C@H]3CCCCN(CC(=O)N4CCCC4)C3=O)ccc2n1,False,,4.468521082957745,,
Cc1cnc(C(=O)NC2CCN(C(=O)[C@@H](CC3CCCCC3)NC3CCCCC3)CC2C(=O)NCc2ccc(CN)cc2)s1,False,7.134896025358872,,,
Cc1cnc(C(=O)NCC[C@@H](NC(=O)OCc2ccccc2)C(=O)NCC(=O)N[C@H]2CCCN(C(=N)N)C2O)cn1,False,,6.97469413473523,5.6020599913279625,
Cc1cnc(C(=O)N[C@@H]2CCN(C(=O)[C@@H](CC3CCCCC3)NC3CCCCC3)C[C@@H]2C(=O)NCc2ccc3[nH]cc(Cl)c3c2)s1,False,7.308034897232639,,,
Cc1cnc(C(=O)N[C@@H]2CCN(C(=O)[C@@H](CC3CCCCC3)NC3CCCCC3)C[C@@H]2C(=O)NCc2ccnc(N)c2)s1,False,7.186419011431808,,,
Cc1cnc(C(=O)N[C@@H]2CCN(C(=O)[C@@H](CCCCN)NC3CCCCC3)C[C@@H]2C(=O)NCc2cccs2)s1,False,6.962573502059376,,,
Cc1cnc(NCC(F)(F)c2ccccn2)c(=O)n1CC(=O)NCc1ncccc1F,False,,,8.3767507096021,
Cc1cnn(C(S)=NCc2ccc(Cl)cc2)c1,False,4.301029995663981,,,
Cc1cnn(Cc2ccc(Cn3c(C)cc(C(=O)NCc4c(C)cc(CN)cc4C)c3C)cc2)c1,False,5.0,,,
Cc1cnn(Cc2ccc(Cn3cc(C(=O)NCc4ccc(CN)c(F)c4C)c(C(F)(F)F)n3)cc2)c1,False,4.3979400086720375,,,
Cc1coc2ccc(N/C(=N\C#N)N[C@H]3CCCCN(CC(=O)N4CCCC4)C3=O)cc12,False,,5.531800413927387,,
Cc1csc(C(=O)C(CCCN=C(N)N)NC(=O)[C@@H]2CC[C@H]3CN(C(=O)CCc4ccccc4)CC(=O)N32)n1,False,,,7.356547323513812,
Cc1csc(CNC(=O)[C@H]2CN(C(=O)[C@@H](CCCCN)NC3CCCCC3)CC[C@H]2NC(=O)N2CCC3(CC2)CC3)c1,False,7.220403508742176,,,
Cc1csc(NC(=O)C(CC(C)C)NS(=O)(=O)c2ccc3c(c2)oc(=O)n3C)n1,False,4.301029995663981,,,
Cc1csc(NC(=O)Cc2c[nH]c3ccccc23)n1,False,4.301029995663981,,,
Cc1csc(SCC(=O)NCc2ccccc2Cl)n1,False,,,4.301029995663981,
Cc1n[nH]c(C)c1CCC(=O)N/N=C/c1cccs1,False,4.301029995663981,,,
Cc1nc(-c2cnn(-c3ccccc3)c2)c2cc(C)oc2n1,False,,,4.301029995663981,
Cc1nc(C(=O)[C@H](CCCN=C(N)N)NC(=O)[C@@H]2CC[C@H]3CN(C(=O)CCc4ccccc4)CC(=O)N32)sc1CCO,False,,,7.823908740944319,
Cc1nc(C)n2c1CN(C1CCN(C(=O)CCS(=O)(=O)c3ccc4cc(Cl)ccc4c3)CC1)C2=O,False,,8.275724130399212,,
Cc1nc(N)cc2c1CNC(=O)c1cnn(c1)Cc1ccc(Cn3cccn3)cc1OCC/C=C/CCCO2,False,3.6989700043360187,3.6989700043360187,3.6989700043360187,
Cc1nc(N)cc2c1CNC(=O)c1cnn(c1)Cc1ccc(Cn3cccn3)cc1OCCC/C=C/CCO2,False,3.6989700043360187,3.6989700043360187,3.6989700043360187,
Cc1nc(N)cc2c1CNC(=O)c1cnn(c1)Cc1ccc(Cn3cccn3)cc1OCCC/C=C\CCO2,False,4.5713337517843655,3.6989700043360187,3.6989700043360187,
Cc1nc(N)cc2c1CNC(=O)c1cnn(c1)Cc1ccc(Cn3cccn3)cc1OCCCC=CCCO2,False,3.6989700043360187,3.6989700043360187,3.6989700043360187,
Cc1nc(N)ccc1CNC(=O)CN1C(=O)[C@@H](N)CSc2ccccc21.O=C(O)C(F)(F)F,False,,,4.055517327849831,
Cc1nc(N)ccc1CNC(=O)CN1C(=O)[C@H](N)CSc2ccccc21.O=C(O)C(F)(F)F,False,,,4.055517327849831,
Cc1nc(N)ccc1CNC(=O)Cn1c(C)cnc(NCC(F)(F)c2ccccn2)c1=O,False,,,10.3767507096021,
Cc1nc(N)ccc1CNC(=O)Cn1c(C)cnc(NCCc2ccccc2)c1=O,False,,,9.096910013008056,
Cc1nc(N)ccc1CNC(=O)c1cnn(Cc2ccc(Cn3cccn3)cc2)c1,False,3.0,3.0,3.0,
Cc1nc(NCCc2ccccc2F)c(C#N)c(C)c1[N+](=O)[O-],False,,,4.301029995663981,
Cc1nc(O)nc(O)c1/C=N/NC(=O)[C@@H](N)CC(C)C.Cl,False,4.301029995663981,,,
Cc1nc(SCC(=O)N2CCc3ccccc3C2)c2c(C)c(C)sc2n1,False,,,4.301029995663981,
Cc1nc(SCc2ccccc2)c2ccsc2n1,False,4.301029995663981,,,
Cc1nc2cc(N/C(=N\C#N)N[C@H]3CCCCN(CC(=O)N4CCCC4)C3=O)ccc2[nH]1,False,,4.925220117668068,,
Cc1nc2cc(N/C(=N\C#N)N[C@H]3CCCCN(CC(=O)N4CCCC4)C3=O)ccc2o1,False,,5.572351628813068,,
Cc1nc2ccc(N/C(=N\C#N)N[C@H]3CCCCN(CC(=O)N4CCCC4)C3=O)cc2o1,False,,4.7267903165996685,,
Cc1nc2ccc(OCc3nc4ccc(OS(=O)(=O)[O-])cc4s3)cc2s1.[Na+],False,,,3.485452247339714,
Cc1nc2ccccc2c(=O)n1NC(=O)c1cc(Br)ccc1Cl,False,,,4.301029995663981,
Cc1nc2ccccc2n1C1CCN(Cc2nnnn2CCc2ccccc2)CC1.Cl,False,4.301029995663981,,,
Cc1nc2ncnn2c(O)c1NS(C)(=O)=O,False,4.301029995663981,,,
Cc1nc2scc(-c3cccs3)c2c(=O)o1,False,4.533690502672783,,,
Cc1ncc(C2CCN(C(=O)CCS(=O)(=O)c3ccc4cc(Cl)ccc4c3)CC2)[nH]1,False,,6.920818753952375,,
Cc1ncc(C2CCN(C(=O)CCS(=O)(=O)c3ccc4cc(Cl)ccc4c3)CC2)n1C,False,,7.508638306165727,,
Cc1ncc(CN2CCCC(C(=O)c3ccc(C(C)(C)C)cc3)C2)s1,False,4.301029995663981,,,
Cc1ncc(NS(=O)(=O)Cc2ccccc2)c(=O)n1CC(=O)N[C@H]1CCCN(C(=N)N)C1O,False,,6.043351420794797,8.6345120151091,
Cc1ncc2n1C(=O)N(C1CCN(C(=O)C(=O)CS(=O)(=O)c3ccc4cc(Cl)ccc4c3)CC1)C2,False,,6.031517051446065,,
Cc1ncc2n1C(=O)N(C1CCN(C(=O)CCS(=O)(=O)c3ccc4cc(Cl)ccc4c3)CC1)C2,False,,8.318758762624412,,
Cc1ncc2n1C(=O)N(C1CCN(C(=O)[C@@H](O)CS(=O)(=O)c3ccc4cc(Cl)ccc4c3)CC1)C2,False,,7.6777807052660805,,
Cc1ncc2n1C(=O)N(C1CCN(C(=O)[C@H](O)CS(=O)(=O)c3ccc4cc(Cl)ccc4c3)CC1)C2,False,,8.67778070526608,,
Cc1ncc2n1C(=O)N(N1CCN(C(=O)CCS(=O)(=O)c3ccc4cc(Cl)ccc4c3)CC1)C2,False,,8.161150909262744,,
Cc1nccc(N2CCC(C(=O)N3CC[C@@H](CNS(=O)(=O)/C=C/c4ccc(Cl)s4)C3)CC2)n1,False,,6.638272163982407,,
Cc1nccc(N2CCC(C(=O)N3CC[C@@H](CNS(=O)(=O)c4ccc(-c5ccc(Cl)s5)s4)C3)CC2)n1,False,,7.214670164989233,,
Cc1nccc(N2CCC(C(=O)N3CC[C@H](CNS(=O)(=O)/C=C/c4ccc(Cl)s4)C3)CC2)n1,False,,6.1438755557577,,
Cc1nccn1C1CCN(C(=O)CCS(=O)(=O)c2ccc3cc(Cl)ccc3c2)CC1,False,,6.769551078621726,,
Cc1nccn1CC1CCN(C(=O)CCS(=O)(=O)c2ccc3cc(Cl)ccc3c2)CC1,False,,6.040958607678906,,
Cc1nccn1CCC1CCN(C(=O)CCS(=O)(=O)c2ccc3cc(Cl)ccc3c2)CC1,False,,7.431798275933005,,
Cc1nccn1CCCC1CCN(C(=O)CCS(=O)(=O)c2ccc3cc(Cl)ccc3c2)CC1,False,,6.337242168318426,,
Cc1nccn1CCCCC1CCN(C(=O)CCS(=O)(=O)c2ccc3cc(Cl)ccc3c2)CC1,False,,6.522878745280337,,
Cc1nccn1CCN1CCN(C(=O)CCS(=O)(=O)c2ccc3cc(Cl)ccc3c2)CC1,False,,7.267606240177032,,
Cc1ncn(-c2ccc(C(=O)N[C@@H]3CCN(c4ncc(Cl)c5c(N)noc45)C3)c(Cl)c2)n1,False,,4.0,,
Cc1ncn(-c2ccc(C(=O)N[C@H]3[C@H]4CC[C@H]3N(c3ncc(Cl)c5cnoc35)C4)c(Cl)c2)n1,False,,4.508638306165727,,
Cc1ncnc2c(OC(=O)N3CCN(C(=O)[C@@H](CC4CCCCC4)NC4CCCCC4)[C@H](C(=O)NCc4cccs4)C3)cccc12,False,8.481486060122112,,,
Cc1nn(-c2ccccc2)c(C)c1NC(=O)COC(=O)Cc1ccccc1,False,,3.6989700043360187,3.6989700043360187,
Cc1nn(-c2ccccc2)c(C)c1NC(=O)COC(=O)Cn1c(=O)oc2ccccc21,False,,3.6989700043360187,3.6989700043360187,
Cc1nn(-c2ccccc2)c(C)c1NC(=O)COC(=O)Cn1c(C)cc2ccccc21,False,,3.6989700043360187,3.6989700043360187,
Cc1nn(-c2ccccc2)c(C)c1NC(=O)COC(=O)Cn1c(C)csc1=O,False,,3.6989700043360187,3.6989700043360187,
Cc1nn(-c2ccccc2)c(C)c1NC(=O)COC(=O)Cn1cnc2ccccc2c1=O,False,,3.6989700043360187,3.6989700043360187,
Cc1nn(C(=O)c2ccc(Cl)c([N+](=O)[O-])c2)c(C)c1Cl,False,,,5.055517327849831,
Cc1nn(C(=O)c2ccccc2)c2c1C(=O)CC(C)(C)C2,False,5.524167615215232,,,
Cc1nn(C)c(C)c1S(=O)(=O)N1CCC(C(=O)NCCC2=CCCCC2)CC1,False,4.301029995663981,,4.301029995663981,
Cc1nn(C)cc1CN1CCC(CO)(CCOc2ccccc2)CC1,False,,,4.301029995663981,
Cc1nn(CC(=O)N2CCc3ccccc3C2)c(C)c1[N+](=O)[O-],False,4.301029995663981,,,
Cc1nn(CCc2nn[nH]n2)c2nc(-c3ccc(Br)cc3)cc(C(F)(F)F)c12,False,4.301029995663981,,,
Cc1nn(Cc2ccc(C(=O)Nc3nccs3)cc2)c(C)c1Cl,False,,,4.301029995663981,
Cc1nn2c(CN(C(=O)CN3CCOCC3)c3ccccc3)nnc2c2ccccc12,False,4.301029995663981,,,
Cc1nn2c(NCCCN(C)C)c3c(nc2c1-c1ccccc1)CCC3,False,,,4.301029995663981,
Cc1nnc(NC(=O)C2CCN(c3cnccn3)CC2)s1,False,4.301029995663981,,,
Cc1nnc(NC(=O)c2c(F)c(F)c(F)c(F)c2F)s1,False,4.301029995663981,,,
Cc1nnc(SCc2nnc(-c3ccccc3Br)o2)n1-c1ccccc1,False,,,4.301029995663981,
Cc1nnc2c(-c3ccccc3)nc3ccccc3n12,False,,,4.301029995663981,
Cc1noc(C)c1C(=O)NC(C)c1ccc2c(c1)OCO2,False,4.301029995663981,,,
Cc1noc(C)c1C(=O)NCC1CN(c2ccc(CNC(=O)c3ccc(Cl)s3)cc2)C(=O)O1,False,,6.337242168318426,,
Cc1noc(C)c1COC(=O)Cc1ccc(Cl)cc1,False,4.301029995663981,,,
Cc1noc(C)c1CSc1nc2ccccc2c(=O)n1-c1ccc(F)cc1F,False,4.301029995663981,,,
Cc1nonc1OC(C)CNCCNc1ccc([N+](=O)[O-])cc1.Cl,False,4.301029995663981,,,
Cc1nsc(C)c1S(=O)(=O)N1CCN(CC(=O)NC(CCCN=C(N)N)C(=O)c2nccs2)C(=O)C1,False,,7.161150909262744,6.174573882232177,
Cc1oc2cc(OCc3ccccc3)c(OS(=O)(=O)[O-])cc2c1C(=O)[O-].[Na+].[Na+],False,,,3.3010299956639813,
Cc1oc2ccc(N/C(=N\C#N)N[C@H]3CCCCN(CC(=O)N4CCCC4)C3=O)cc2c1C,False,,6.45717457304082,,
Cc1occc1C(=O)Nc1cc(C(F)(F)F)ccc1Cl,False,,,4.301029995663981,
Cc1occc1C(=O)n1nnc2ccccc21,False,5.047623652498302,,,
Cc1onc(-c2c(F)cccc2Cl)c1-c1nnc(-c2ccc(C(F)(F)F)cc2)o1,False,4.301029995663981,,,
Cc1onc(-c2ccccc2)c1C(=O)n1cc(Br)cn1,False,5.064614676194191,,,
Cc1onc(-c2ccccc2)c1C(=O)n1nnc2ccccc21,False,5.400840991582846,,,
Cc1sc(CNC(=O)[C@@H]2C=CCN2C(=O)[C@@H](CC2CCCCC2)NCC(=O)O)nc1C(=N)N,False,,,5.555955204081924,
Cc1sc(NC(=O)CSc2nnnn2C2CCCC2)c(C#N)c1C,False,4.301029995663981,,,
Cc1sc(NC(=O)c2ccco2)c(CN2CCN(c3ccc(F)cc3)CC2)c1C,False,4.301029995663981,,,
Cl.Cl.Cl.N=C(N)N1CCc2ccc(OCC3CCN(Cc4cccc(N)c4)CC3)cc2C1,False,,5.391473966422806,5.0,
Cl.Cl.Cl.N=C(N)N1CCc2ccc(OCC3CCN(Cc4ccccc4N)CC3)cc2C1,False,,5.488116639021126,5.0,
Cl.Cl.Cl.N=C(N)N1CCc2ccc(OCC3CCN(Cc4ccccn4)CC3)cc2C1,False,,5.8696662315049934,5.0,
Cl.Cl.Cl.N=C(N)N1CCc2ccc(OCC3CCN(Cc4ccncc4)CC3)cc2C1,False,,6.096910013008056,5.0,
Cl.Cl.Cn1c(CNC(=O)[C@@H]2C=CCN2C(=O)[C@@H](CC2CCCCC2)NCC(=O)O)ccc1C(=N)N,False,,,8.207608310501746,
Cl.Cl.N=C(N)N1CCCc2ccc(OCC3(C(=O)O)CCN(c4ccncc4)CC3)cc2C1,False,,5.0,5.0,
Cl.Cl.N=C(N)N1CCc2ccc(OCC3(C(=O)O)CCN(c4ccncc4)CC3)cc2C1,False,,7.585026652029182,5.0,
Cl.Cl.N=C(N)N1CCc2ccc(OCC3(C(=O)O)CCN(c4ccncn4)CC3)cc2C1,False,,6.920818753952375,5.0,
Cl.Cl.N=C(N)N1CCc2ccc(OCC3CCN(c4ccnc5ccccc45)CC3)cc2C1,False,,6.376750709602099,5.0,
Cl.Cl.N=C(N)N1CCc2ccc(OCC3CCN(c4ccncc4)CC3)cc2C1,False,,7.251811972993799,5.0,
Cl.Cl.N=C(N)N1CCc2ccc(OCC3CCN(c4ccncc4C(=O)O)CC3)cc2C1,False,,5.703334809738469,5.0,
Cl.Cl.N=C(N)N1CCc2ccc(OCC3CCN(c4ccncc4CCC(=O)O)CC3)cc2C1,False,,6.795880017344075,5.0,
Cl.Cl.N=C(N)N1CCc2ccc(OCC3CCNCC3)cc2C1,False,,5.476253533188435,5.0,
Cl.Cl.N=C(N)N1CCc2ccc(OCCC3(C(=O)O)CCN(c4ccncc4)CC3)cc2C1,False,,6.638272163982407,5.0,
Cl.Cl.N=C(N)N1CCc2ccc(S(=O)(=O)CC3(C(=O)O)CCN(c4ccncc4)CC3)cc2C1,False,,5.26440110030182,5.0,
Cl.Cl.N=C(N)N1CCc2ccc(S(=O)(=O)NC3(C(=O)O)CCN(c4ccncc4)CC3)cc2C1,False,,5.5376020021010435,5.0,
Cl.Cl.N=C(N)N1CCc2ccc(SCC3(C(=O)O)CCN(c4ccncc4)CC3)cc2C1,False,,6.4089353929735005,5.0,
Cl.Cl.N=C(N)c1ccc(Oc2ccc(N(Cc3nc4cc(C(=N)N)ccc4n3CC(=O)NC3CCCCC3)C(=O)c3ccc(C(=O)O)cc3)cc2)cc1,False,,5.698970004336019,5.0,
Cl.Cl.N=C(N)c1ccc2c(c1)nc(CN(C(=O)c1ccc(C(=O)O)cc1)c1ccc(OC3CCN(C(=N)N)CC3)cc1)n2CC(=O)NC1CCCCC1,False,,7.698970004336019,5.0,
Cl.Cl.N=C(N)c1ccc2c(c1)nc(CN(C(=O)c1ccc(C(=O)O)cc1)c1ccc(OC3CCN(C(=N)NCc4ccccc4)CC3)cc1)n2CC(=O)NC1CCCCC1,False,,7.096910013008056,5.0,
Cl.Cl.N=C(N)c1ccc2c(c1)nc(CN(C(=O)c1ccc(C(=O)O)cc1)c1ccc(OC3CCNC3)cc1)n2CC(=O)NC1CCCCC1,False,,6.522878745280337,5.0,
Cl.Cl.N=C(N)c1ccc2ccc(OCC3(C(=O)O)CCN(c4ccncc4)CC3)cc2c1,False,,6.292429823902063,5.0,
Cl.Cn1cc(CNC(=O)[C@@H]2C=CCN2C(=O)[C@@H](CC2CCCCC2)NCC(=O)O)cc1C(=N)N,False,,,7.958607314841775,
Cl.N=C(N)N1CCC[C@H](NC(=O)[C@@H]2CC[C@@H]3CCC(Cc4ccccc4)C(=O)N32)C1O,False,,,5.337242168318426,
Cl.N=C(N)N1CCC[C@H](NC(=O)[C@@H]2CC[C@@H]3CCC[C@H](NS(=O)(=O)Cc4ccccc4)C(=O)N32)C1O,False,,,6.958607314841775,
Cl.N=C(N)c1ccc(C2Cc3cc(Cl)c(F)cc3B(O)O2)cc1OCc1cccnc1,False,,5.300000202445418,5.700000503883016,
Cl.N=C(N)c1ccc(C2Cc3ccc(C(F)(F)F)cc3B(O)O2)cc1OCc1cccnc1,False,,5.800000874803203,5.40000018605658,
Cl.N=C(N)c1ccc(C2Cc3ccc(F)cc3B(O)O2)cc1OCc1cccnc1,False,,4.200000030616179,5.0,
Cl.N=C(N)c1ccc(C2Cc3ccccc3B(O)O2)cc1OCc1cccc(Cl)c1,False,,5.700000503883016,6.399996913372259,
Cl.N=C(N)c1ccc(C2Cc3ccccc3B(O)O2)cc1OCc1ccccc1Cl,False,,5.0,5.499999678657065,
Cl.N=C(N)c1ccc(C2Cc3ccccc3B(O)O2)cc1OCc1cccnc1,False,,5.100000128334196,5.59999938302362,
Cl.N=C(N)c1ccc(CC2OB(O)c3cc(C(F)(F)F)ccc32)cc1OCc1cccnc1,False,,4.499999953328896,4.70000006855703,
Cl.N=C(N)c1ccc(CC2OB(O)c3cc(F)ccc32)cc1OCc1cccnc1,False,,5.300000202445418,5.700000503883016,
Cl.N=C(N)c1ccc(CC2OB(O)c3ccc(F)cc32)cc1OCc1cccnc1,False,,4.200000030616179,4.800000052738446,
Cl.N=C(N)c1ccc(CC2OB(O)c3ccccc32)cc1OCc1cccnc1,False,,4.0,5.0,
Cl.N=C(N)c1ccc(CNC(=O)C2CC[C@H]3CC[C@@](O)(Cc4ccccc4)C(=O)N23)cc1,False,,,7.698970004336019,
Cl.N=C(N)c1ccc(COc2ccc3ccc(OCc4ccc(C(=N)N)cc4)cc3c2)cc1,False,,,4.698970004336019,
Cl.N=C(N)c1ccc(COc2cccc3c(OCc4ccc(C(=N)N)cc4)cccc23)cc1,False,,,4.096910013008056,
Cl.N=C(N)c1ccc(OCc2c(Cl)c(Cl)c(Cl)c(COc3ccc(C(=N)N)cc3)c2Cl)cc1,False,,,5.096910013008056,
Cl.N=C(N)c1ccc(OCc2cc(COc3ccc(C(=N)N)cc3)c3ccccc3c2)cc1,False,,,4.823908740944319,
Cl.N=C(N)c1ccc(OCc2ccc(COc3ccc(C(=N)N)cc3)cc2)cc1,False,,,4.769551078621726,
Cl.N=C(N)c1ccc(OCc2ccc(COc3ccc(C(=N)N)cc3I)cc2)c(I)c1,False,,,6.0,
Cl.N=C(N)c1ccc(OCc2cccc(-c3cccc(COc4ccc(C(=N)N)cc4)c3)c2)cc1,False,,,6.136677139879544,
Cl.N=C(N)c1ccc(OCc2cccc(-c3cccc(COc4ccc(C(=N)N)cc4Br)c3)c2)c(Br)c1,False,,,5.0,
Cl.N=C(N)c1ccc(OCc2cccc(COc3ccc(C(=N)N)cc3)c2)cc1,False,,,4.6020599913279625,
Cl.N=C(N)c1ccc(S(=O)(=O)Nc2ccccc2)cc1,False,,,3.3010299956639813,
Cl.N=C(N)c1ccc([C@@H]2Cc3ccc(C(F)(F)F)cc3B(O)O2)cc1OCc1cccnc1,False,,5.40000018605658,4.70000006855703,
Cl.N=C(N)c1ccc([C@H]2Cc3ccc(C(F)(F)F)cc3B(O)O2)cc1OCc1cccnc1,False,,6.399996913372259,5.899998417198648,
Cl.N=C(N)c1cccc(COc2ccc3cc(OCc4cccc(C(=N)N)c4)ccc3c2)c1,False,,,4.522878745280337,
Cl.N=C(N)c1cccc(COc2cccc3c(OCc4cccc(C(=N)N)c4)cccc23)c1,False,,,4.698970004336019,
Cl.N=C(N)c1cccc(OCc2ccc(COc3cccc(C(=N)N)c3)cc2)c1,False,,,4.886056647693163,
Cl.N=C(N)c1cccc(OCc2ccc3cc(COc4cccc(C(=N)N)c4)ccc3c2)c1,False,,,4.142667503568732,
Cl.N=C(N)c1cccc(OCc2cccc(-c3cccc(COc4cccc(C(=N)N)c4)c3)c2)c1,False,,,5.3979400086720375,
Cl.N=C(N)c1cccc(OCc2cccc(COc3cccc(C(=N)N)c3)c2)c1,False,,,5.187086643357144,
Cl.N=c1n(CCO)c2ccccc2n1Cc1ccccc1,False,,,4.301029995663981,
Cl.NCCc1ccc(S(=O)(=O)F)cc1,False,,,4.207608310501746,
ClC1(Cl)CC1CSc1nc[nH]n1,False,,,4.301029995663981,
Clc1ccc(-n2cnnn2)cc1,False,,,3.4814860601221125,
Clc1ccc(CNc2nnnn2-c2ccccc2)c(Cl)c1,False,4.301029995663981,,,
Clc1ccc2nc(-c3c[nH]c4ccccc34)cc(-c3ccccc3)c2c1,False,,,4.522878745280337,
Clc1ccc2oc(-c3ccccc3)cc(=[NH+]CCCN3CCOCC3)c2c1.F[B-](F)(F)F,False,,,4.615502502146027,
Clc1ccccc1CN1CCN(CCCc2ccccc2)CC1,False,4.301029995663981,,,
Cn1c(-c2ccccc2)cnc1SCC(N)=O,False,4.301029995663981,,,
Cn1c(=N)sc2ccccc21,False,2.5595632338942265,,,
Cn1c(=O)c(C(=O)CN2CCCc3ccccc32)c(N)n(Cc2ccccc2)c1=O,False,4.301029995663981,,,
Cn1c(=O)c(Cc2ccc(C(=N)N)cc2)nc2cc(C(C)(C)C(=O)N3CCCC3)ccc21,False,,6.301029995663981,8.301029995663981,
Cn1c(=O)c(Cc2ccc(C(=N)N)cc2)nc2cc(C(C)(C)C(=O)N3CCCCC3)ccc21,False,,6.3979400086720375,8.096910013008056,
Cn1c(=O)c(Cc2ccc(C(=N)N)cc2)nc2cc(C(C)(C)C(=O)N3CCNCC3)ccc21,False,,4.508638306165727,7.167491087293763,
Cn1c(=O)c(Cc2ccc(C(=N)N)cc2)nc2cc(C3(C(=O)N4CCCC4)CC3)ccc21,False,,7.075720713938118,8.096910013008056,
Cn1c(=O)c(Cc2ccc(C(=N)N)cc2)nc2cc(C3(C(=O)N4CCCC4C(=O)NCC(=O)O)CC3)ccc21,False,,4.0,6.721246399047171,
Cn1c(=O)c(Cc2ccc(C(=N)N)cc2)nc2cc(C3(C(=O)N4CCCC4CO)CC3)ccc21,False,,5.853871964321762,7.886056647693163,
Cn1c(=O)c(Cc2ccc(C(=N)N)cc2)nc2cc(C3(C(=O)O)CC3)ccc21,False,,4.0,5.481486060122113,
Cn1c(=O)c(Cc2ccc(C(=N)N)cc2)nc2cc(C3(N(C(=O)CC(=O)O)C4CCCC4)CC3)ccc21,False,,5.522878745280337,7.823908740944319,
Cn1c(=O)c2c(nc(Br)n2CCSc2ncccn2)n(C)c1=O,False,4.301029995663981,,,
Cn1c(=O)c2c(nc(CN3CCc4ccccc4C3)n2Cc2ccccc2F)n(C)c1=O,False,4.301029995663981,,,
Cn1c(=O)c2c(nc(S(C)(=O)=O)n2C)n(CC#Cc2cccc(NC(=O)CN3CCN(c4ccc5c(c4)C(=O)N(C4CCC(=O)NC4=O)C5=O)CC3)c2)c1=O,False,,5.0,,
Cn1c(=O)c2cc(NC(=O)c3ccccc3Cl)c(=O)oc2n(C)c1=O,False,,,6.494171966145164,
Cn1c(C(=O)[C@H](CC2CCCN(C(=N)N)C2)NC(=O)[C@@H]2CC[C@H]3CN(C(=O)CCc4ccccc4)CC(=O)N32)nc2ccccc21,False,,,6.1249387366083,
Cn1c(C(=O)[C@H](CCCCN)NC(=O)[C@@H]2CC[C@H]3CN(C(=O)CCc4ccccc4)CC(=O)N32)nc2ccccc21,False,,,5.688246138944246,
Cn1c(C(=O)[C@H](CCCNC(=N)N)NC(=O)[C@@H]2CC[C@H]3CN(C(=O)CCc4ccccc4)CC(=O)N32)nc2ccccc21,False,,,7.292429823902063,
Cn1c(C(=O)[C@H](Cc2cccc(C(=N)N)c2)NC(=O)[C@@H]2CC[C@H]3CN(C(=O)CCc4ccccc4)CC(=O)N32)nc2ccccc21,False,,,6.346787486224656,
Cn1c(CCc2ccc(C(=N)N)cc2)nc2cc(C(=O)N(CC(=O)O)c3ccccc3)ccc21,False,,,7.267606240177032,
Cn1c(CCc2ccc(C(=N)N)cc2)nc2cc(N(CC(=O)O)S(=O)(=O)c3cccc4cccnc34)ccc21,False,,,7.494850021680094,
Cn1c(CN2CCCCC2)nc2cc(NS(=O)(=O)c3ccc(Cl)cc3)ccc21,False,,,5.975879818835062,
Cn1c(CNC(=O)[C@@H]2C=CCN2C(=O)[C@@H](CC2CCCCC2)NCC(=O)O)ccc1C(=N)N,False,,,8.207608310501746,
Cn1c(CNc2ccc(C(=N)N)cc2)nc2cc(C(=O)N(CC(=O)O)c3ccccc3)ccc21,False,,,8.0,
Cn1c(CNc2ccc(C(=N)N)cc2)nc2cc(C(=O)N(CCC(=O)O)c3cc(F)cc(F)c3)ccc21,False,,,7.980053318321158,
Cn1c(CNc2ccc(C(=N)N)cc2)nc2cc(C(=O)N(CCC(=O)O)c3ccc(F)c(Cl)c3)ccc21,False,,,8.079981083971084,
Cn1c(CNc2ccc(C(=N)N)cc2)nc2cc(C(=O)N(CCC(=O)O)c3ccc(F)c(F)c3)ccc21,False,,,8.40170536339472,
Cn1c(CNc2ccc(C(=N)N)cc2)nc2cc(C(=O)N(CCC(=O)O)c3cccc(C(F)(F)F)c3)ccc21,False,,,7.910094888560602,
Cn1c(CNc2ccc(C(=N)N)cc2)nc2cc(C(=O)N(CCC(=O)O)c3cccc(F)c3)ccc21,False,,,8.270025714300445,
Cn1c(CNc2ccc(C(=N)N)cc2)nc2cc(C(=O)N(CCC(=O)O)c3ccccc3)ccc21,False,,,8.267606240177031,
Cn1c(CNc2ccc(C(=N)N)cc2)nc2cc(C(=O)N(CCC(=O)O)c3ccccc3C(F)(F)F)ccc21,False,,,8.302253630593846,
Cn1c(CNc2ccc(C(=N)N)cc2)nc2cc(C(=O)N(CCC(=O)O)c3ccccc3F)ccc21,False,,,8.49039448236433,
Cn1c(CNc2ccc(C(=N)N)cc2)nc2cc(C(=O)N(CCC(=O)O)c3ccccn3)ccc21,False,4.481486060122112,5.236572006437063,8.406514179214653,
Cn1c(CNc2ccc(C(=N)N)cc2)nc2cc(C(=O)N(CCCC(=O)O)c3ccccc3)ccc21,False,,,8.0,
Cn1c(CNc2ccc(C(=N)N)cc2)nc2cc(C3(C(=O)N4CCCC4)CC3)ccc21,False,,7.823908740944319,7.698970004336019,
Cn1c(CNc2ccc(C(=N)N)cc2)nc2cc(N(CC(=O)O)S(=O)(=O)c3cccc4cccnc34)ccc21,False,,,7.958607314841775,
Cn1c(CNc2ccc(C(=N)N)cc2)nc2cc([C@@](C)(NCC(=O)O)C(=O)N3CCCC3)ccc21,False,,8.568636235841012,7.585026652029182,
Cn1c(CNc2ccc(C(=N)N)cc2F)nc2cc(C(=O)N(CCC(=O)O)c3cc(F)cc(F)c3)ccc21,False,,,8.928117992693874,
Cn1c(CNc2ccc(C(=N)N)cc2F)nc2cc(C(=O)N(CCC(=O)O)c3ccc(F)c(Cl)c3)ccc21,False,,,7.940058111938045,
Cn1c(CNc2ccc(C(=N)N)cc2F)nc2cc(C(=O)N(CCC(=O)O)c3ccc(F)c(F)c3)ccc21,False,,,7.835647144215563,
Cn1c(CNc2ccc(C(=N)N)cc2F)nc2cc(C(=O)N(CCC(=O)O)c3ccc(F)cc3)ccc21,False,,,8.2676129423558,
Cn1c(CNc2ccc(C(=N)N)cc2F)nc2cc(C(=O)N(CCC(=O)O)c3ccc(F)cc3F)ccc21,False,,,9.075720713938118,
Cn1c(CNc2ccc(C(=N)N)cc2F)nc2cc(C(=O)N(CCC(=O)O)c3cccc(F)c3)ccc21,False,,,8.341466462926782,
Cn1c(CNc2ccc(C(=N)N)cc2F)nc2cc(C(=O)N(CCC(=O)O)c3ccccc3)ccc21,False,,,8.231067291326234,
Cn1c(CNc2ccc(C(=N)N)cc2F)nc2cc(C(=O)N(CCC(=O)O)c3ccccc3F)ccc21,False,,,8.308567149967036,
Cn1c(CNc2ccc(C(=N)N)cc2F)nc2cc(C(=O)N(CCC(=O)O)c3ccccn3)ccc21,False,,,8.458610365692213,
Cn1c(COc2ccc(C(=N)N)cc2)nc2cc(C(=O)N(CC(=O)O)c3ccccc3)ccc21,False,,,6.481486060122113,
Cn1c(COc2ccc(C(=N)N)cc2)nc2cc(N(CC(=O)O)S(=O)(=O)c3cccc4cccnc34)ccc21,False,,,7.236572006437063,
Cn1c(COc2ccc(Cl)cc2)nc2ccccc2c1=O,False,4.301029995663981,,,
Cn1c(Cc2ccc(C(=N)N)cc2)nc2cc(N(CC(=O)O)S(=O)(=O)c3cccc4cccnc34)ccc21,False,,,6.920818753952375,
Cn1c(Cc2ccc(C(=N)N)cc2)nc2cc(N(CCCC(=O)O)S(=O)(=O)c3cccc4cccnc34)ccc21,False,,,6.886056647693163,
Cn1c(Cc2ccc(C(=N)N)cc2)nc2cc(NS(=O)(=O)c3cc(C(F)(F)F)cc(C(F)(F)F)c3)ccc21,False,,,4.0,
Cn1c(Cc2ccc(C(=N)N)cc2)nc2cc(NS(=O)(=O)c3ccc4ccccc4c3)ccc21,False,,,4.619788758288394,
Cn1c(Cc2ccc(C(=N)N)cc2)nc2cc(NS(=O)(=O)c3cccc4ccccc34)ccc21,False,,,6.221848749616356,
Cn1c(Cc2ccc(C(=N)N)cc2)nc2cc(NS(=O)(=O)c3cccc4cccnc34)ccc21,False,,,6.585026652029182,
Cn1c(Cc2ccc(C(=N)N)cc2)nc2cc(NS(=O)(=O)c3cccc4cnccc34)ccc21,False,,,6.292429823902063,
Cn1c(Cc2ccc(C(=N)N)cc2)nc2cc(NS(=O)(=O)c3ccccc3)ccc21,False,,,5.823908740944319,
Cn1c(Cc2ccc(C(=N)N)cc2)nc2cc(NS(=O)(=O)c3cccnc3)ccc21,False,,,5.795880017344075,
Cn1c(Cl)nc2c1c(=O)n(Cc1cccc(Br)c1)c(=O)n2C,False,,,4.301029995663981,
Cn1c(NCCc2ccccc2)cc(=O)n(C)c1=O,False,4.301029995663981,,,
Cn1c(SCC(=O)N2c3ccccc3CCc3ccccc32)nnc1-c1cc2ccccc2cc1O,False,,,4.301029995663981,
Cn1c(SCC(=O)NC2CCCC2)nnc1-c1ccc(S(=O)(=O)N2CCOCC2)cc1,False,,,4.301029995663981,
Cn1c(SCC(=O)NN=C(S)Nc2ccccc2)nnc1-c1ccncc1,False,,,4.301029995663981,
Cn1c(SCC(=O)c2ccc3c(c2)NC(=O)CO3)nc2ccccc21,False,,,4.301029995663981,
Cn1c(SCC(=O)c2ccccc2)nnc1-c1cccc(N)c1,False,4.301029995663981,,,
Cn1c2c(c3ccccc31)CCSC2=O,False,4.301029995663981,,,
Cn1cc(-c2ccc(C(=O)N[C@@H]3CCN(c4ncc(Cl)c5c(N)noc45)C3)c(Cl)c2)ccc1=O,False,,4.698970004336019,,
Cn1cc(-c2ccc(C(=O)N[C@@H]3CCN(c4ncc(Cl)c5c(N)noc45)C3)c(Cl)c2)cnc1=O,False,,4.585026652029182,,
Cn1cc(C(=O)NCc2ccco2)c(=O)c2cc(S(=O)(=O)N3CCCC3)ccc21,False,,,6.068242193393651,
Cn1cc(C(=O)NCc2cccs2)c(=O)c2cc(S(=O)(=O)N3CCCC3)ccc21,False,,,6.160786003477751,
Cn1cc(C(=O)c2ccc(Cl)cc2Cl)cc1C(=O)NN=C(N)COc1ccc(F)cc1,False,,,5.671239281823705,
Cn1cc(CNC(=O)[C@@H]2C=CCN2C(=O)[C@@H](CC2CCCCC2)NCC(=O)O)cc1C(=N)N,False,,,7.950781977329818,
Cn1cc(Cl)c2c(F)c(C(=O)N3C[C@@H](C4CCN(S(C)(=O)=O)CC4)C[C@H]3C(=O)Nc3ccc(C(=O)O)cc3)ccc21,False,,4.0,4.0,
Cn1cc(NS(=O)(=O)Cc2ccccc2)c(=O)n(CC(=O)N[C@H]2CCCN(C(=N)N)C2O)c1=O,False,,5.6020599913279625,6.85078088734462,
Cn1cc2c(c1)C(C(=O)n1nc(N)c3c1CN(S(C)(=O)=O)CC3)CCC2,False,4.1249387366083,,,
Cn1cc2c(c1)C(C(=O)n1nc3c(c1N)CCN(S(C)(=O)=O)C3)CCC2,False,6.823908740944319,,5.346787486224656,
Cn1cc2cc(N/C(=N\C#N)N[C@H]3CCCCN(CC(=O)N4CCCC4)C3=O)ccc2n1,False,,5.619788758288394,,
Cn1ccnc1C(=O)[C@H](CCCNC(=N)N)NC(=O)[C@@H]1CC[C@H]2CN(C(=O)CCc3ccccc3)CC(=O)N21,False,,,5.622520206139145,
Cn1ccnc1C1CCN(C(=O)CCS(=O)(=O)c2ccc3cc(Cl)ccc3c2)CC1,False,,7.251811972993799,,
Cn1cnc(CCNC(=O)Cn2c(-c3ccccc3)c(Cl)nc(NCCc3ccccc3)c2=O)c1,False,,,4.0,
Cn1cnc(Cn2c(=O)[nH]/c(=N\c3cc4cn(C)nc4cc3Cl)n(Cc3cc(F)c(F)cc3F)c2=O)n1,False,,,4.0,
Cn1cnc(S(=O)(=O)N2CCC([C@@H](NC3CCCCC3)C(=O)N3CCN(C(=O)Oc4ccccc4Cl)C[C@H]3C(=O)NCc3cccs3)CC2)c1,False,7.530177984021837,,,
Cn1cncc1C1CCN(C(=O)CCS(=O)(=O)c2ccc3cc(Cl)ccc3c2)CC1,False,,7.251811972993799,,
Cn1cnnc1SCc1ccc(C(=O)n2ncc(C#N)c2N)cc1,False,5.976105835167259,,,
Cn1nc(C(=N)N)nc1CNC(=O)[C@@H]1C=CCN1C(=O)[C@@H](CC1CCCCC1)NCC(=O)O,False,,,6.634512015109101,
Cn1nc(C(F)(F)F)c2cc(COc3ccc(F)cc3)sc21,False,,,4.301029995663981,
Cn1nc(CNC(=O)[C@@H]2C=CCN2C(=O)[C@@H](CC2CCCCC2)NCC(=O)O)cc1C(=N)N,False,,,5.991399828238082,
Cn1ncc(Oc2ccc([N+](=O)[O-])cc2)c(Cl)c1=O,False,4.301029995663981,,,
Cn1nccc1-c1cc(Cl)cc(Cl)c1O,False,,,4.301029995663981,
Cn1nccc1C(=O)Nc1ccccc1C(=O)O,False,4.301029995663981,,,
Cn1ncn(-c2ccc(C(=O)N[C@@H]3CCN(c4ncc(Cl)c5c(N)noc45)C3)c(Cl)c2)c1=O,False,,4.0,,
Cn1nncc1-c1cnn([C@H](CCOC(F)F)c2ccc(-c3c(-n4cc(Cl)nn4)ccc(Cl)c3F)c[n+]2[O-])c1,False,,4.008773924307505,4.6777807052660805,
FC(F)(F)c1cnc(Oc2ccc(-c3nnco3)cc2)c(Cl)c1,False,4.301029995663981,,,
FC(F)C(F)(F)C(F)(F)C(F)(F)c1cc(-c2ccccc2)[nH]n1,False,4.301029995663981,,,
F[B-](F)(F)F.OCCCCC[NH+]=c1cc(-c2ccccc2)oc2ccc(Cl)cc12,False,,,5.516850784025136,
Fc1cc(F)c2nc(N3CCCC3)sc2c1,False,4.301029995663981,,,
Fc1ccc(CNc2nc(-c3ccccn3)n[nH]2)cc1,False,,,4.0,
Fc1ccc(CNc2nc(-c3ccccn3)nn2Cc2ccccc2)cc1,False,,4.0,4.0,
Fc1ccc(Oc2cnc3ccccc3n2)cc1,False,,,4.301029995663981,
Fc1ccc(SCCc2ccccn2)cc1.O=P(O)(O)O,False,4.301029995663981,,,
N#C/C(=C\c1ccc(OC(=O)c2ccccn2)cc1)C(N)=O,False,5.4419421587509955,,,
N#C/C(=C\c1ccccc1)C(=O)N1CCC[C@H]1C(=O)NCC1CCC(N)CC1,False,,,6.853871964321762,
N#C/C(=C\c1ccccc1)c1nc2ccccc2[nH]1,False,4.301029995663981,,,
N#C/C(=N\Nc1ccccc1)C(N)=S,False,4.301029995663981,,,
N#C/C=C(\Nc1cccc2c(Cl)c[nH]c12)N[C@H]1CCCCN(CC(=O)N2CCCC2)C1=O,False,,7.337242168318426,,
N#C/N=C(\Nc1ccc2ccccc2c1)N[C@H]1CCCCN(CC(=O)N2CCCC2)C1=O,False,,6.107905397309519,,
N#C/N=C(\Nc1ccc2oc(C#N)cc2c1)N[C@H]1CCCCN(CC(=O)N2CCCC2)C1=O,False,,5.585026652029182,,
N#C/N=C(\Nc1ccc2occc2c1)N[C@H]1CCCCN(CC(=O)N2CCCC2)C1=O,False,,7.075720713938118,,
N#CC(C#N)=C(Nc1cccc2c(Cl)c[nH]c12)N[C@H]1CCCCN(CC(=O)N2CCCC2)C1=O,False,,8.031517051446064,,
N#CC(C#N)=C(Nc1cccc2cc[nH]c12)N[C@H]1CCCCN(CC(=O)N2CCCC2)C1=O,False,,6.366531544420414,,
N#CC1(c2ccc(NC(=O)c3ccccc3F)cc2)CCCC1,False,4.301029995663981,,,
N#CC1=C2SCC(O)(c3ccccc3)N2C(=O)CC1c1ccccc1F,False,5.694564789712038,,,
N#CC[C@H](NC(=O)[C@@H](Cc1ccccc1)NS(=O)(=O)Cc1ccccc1)C(=O)N[C@@H](CCCNC(=N)N)C(=O)c1nccs1,False,,5.619788758288394,4.0,
N#Cc1c(/N=C/c2ccco2)sc2c1CCC2,False,,,4.301029995663981,
N#Cc1c(Cl)cccc1Oc1ccc(S(=O)(=O)N2CCN(CC(=O)NC(CCCNC(=N)N)C(=O)c3nccs3)C(=O)C2)cc1,False,,7.42021640338319,5.3979400086720375,
N#Cc1c(SCC(=O)c2cccc(OS(=O)(=O)O)c2OS(=O)(=O)O)nc([N+](=O)[O-])c(C#N)c1-c1ccc(OCc2ccccc2)cc1,False,,,4.18111458540599,
N#Cc1c2n(c3c(=O)n(Cc4ccccc4)cnc13)CCCC2,False,4.301029995663981,,,
N#Cc1cc(N2C[C@H](CNC(=O)c3ccc(Cl)s3)OC2=O)ccc1N1CCCC1,False,,6.886056647693163,,
N#Cc1cc2c(N)nccc2cc1C[C@H](C(=O)O)N1CC[C@H](NS(=O)(=O)c2cnc(N3CCCC3)s2)C1=O,False,,7.6020599913279625,,
N#Cc1ccc(CC(NC(=O)[C@@H](CC2CCCCC2)NCC(=O)O)C(=O)NCc2ccc(C(=N)N)cc2)cc1,False,,,5.42021640338319,
N#Cc1ccc(C[C@H](NC(=O)[C@@H](Cc2ccccc2)NS(=O)(=O)Cc2ccccc2)C(=O)N[C@@H](CCCNC(=N)N)C(=O)c2nccs2)cc1,False,,6.045757490560675,4.301029995663981,
N#Cc1ccc(NC(=O)COC(=O)CNC(=O)C2CCCCC2)cc1,False,4.301029995663981,,,
N#Cc1ccc(S(=O)(=O)N2CCN(CC(=O)NC(CCCNC(=N)N)C(=O)c3nccs3)C(=O)C2)cc1,False,,7.494850021680094,5.522878745280337,
N#Cc1cccc(OC(=O)N2CCN(C(=O)[C@@H](CC3CCCCC3)NC3CCCCC3)[C@H](C(=O)NCc3cccs3)C2)c1Cl,False,7.982966660701219,,,
N#Cc1cccc([C@@H](NCC2CC2)c2ccc(F)c(NC(=O)c3cc(C(F)(F)F)nn3-c3cccc(CN)c3)c2)c1,False,4.301029995663981,4.301029995663981,4.301029995663981,
N#Cc1ccccc1C(=O)n1nc(-c2ccccn2)nc1NCc1ccccc1,False,,5.161150909262744,6.795880017344075,
N#Cc1ccccc1NC(=O)COC(=O)COc1ccccc1[N+](=O)[O-],False,,,5.03702156385705,
N#Cc1ccccc1OC(=O)N1CCN(C(=O)[C@@H](CC2CCCCC2)NC2CCCCC2)[C@H](C(=O)NCc2cccs2)C1,False,7.818156412055227,,,
N#Cc1cnc(NCC(F)(F)c2ccccn2)c(=O)n1CC(=O)NCc1ncccc1F,False,,,8.638272163982407,
N#Cc1cnn(Cc2ccc(Cl)cc2)c1N,False,4.301029995663981,,,
N#Cc1sc2nc(-c3ccccc3)cc(C(F)(F)F)c2c1N,False,,,4.301029995663981,
N/C(=N\O)N1CCC(CNC(=O)[C@@H]2CCCN2C(=O)[C@@H](Cc2ccccc2)NS(=O)(=O)Cc2ccccc2)CC1,False,,,8.698970004336019,
N=C(N)C1CCCC(NC(=O)CN2CC[C@H](NS(=O)(=O)Cc3ccccc3)C2=O)C1O,False,,5.6020599913279625,6.903089986991944,
N=C(N)C1CCC[C@H](NC(=O)CN2CCCC[C@H](NS(=O)(=O)Cc3ccccc3)C2=O)C1O,False,,7.686132779630847,9.148741651280925,
N=C(N)C1CCC[C@H](NC(=O)CN2CCCC[C@H](NS(=O)(=O)c3ccccc3)C2=O)C1O,False,,6.319664486585436,7.847711655616943,
N=C(N)C1CCC[C@H](NC(=O)CN2CCC[C@@H](NS(=O)(=O)Cc3ccccc3)C2=O)C1O,False,,5.6020599913279625,6.804100347590766,
N=C(N)C1CCC[C@H](NC(=O)CN2CCC[C@H](NC(=O)Cc3ccccc3)C2=O)C1O,False,,,5.6020599913279625,
N=C(N)C1CCC[C@H](NC(=O)CN2CCC[C@H](NS(=O)(=O)CCc3ccccc3)C2=O)C1O,False,,5.6020599913279625,6.376750709602099,
N=C(N)C1CCC[C@H](NC(=O)CN2CCC[C@H](NS(=O)(=O)Cc3ccccc3)C2=O)C1O,False,,5.6020599913279625,8.207608310501746,
N=C(N)C1CCC[C@H](NC(=O)CN2CCC[C@H](NS(=O)(=O)NC3CCCCC3)C2=O)C1O,False,,5.709965388637482,6.628932137728263,
N=C(N)C1CCC[C@H](NC(=O)CN2CCC[C@H](NS(=O)(=O)c3cccc4ccccc34)C2=O)[C@@H]1O,False,,5.6020599913279625,6.954677021213342,
N=C(N)C1CCC[C@H](NC(=O)CN2CCC[C@H](NS(=O)(=O)c3ccccc3)C2=O)C1O,False,,5.958607314841775,6.798602875679548,
N=C(N)CCCCC1C(=O)O[C@H]2Cc3ccc(-c4ccc(O)cc4)cc3[C@H]12,False,,,8.045757490560675,
N=C(N)CCCCC1C(=O)O[C@H]2Cc3ccccc3[C@H]12,False,,,7.113509274827518,
N=C(N)CCCC[C@@H](C=O)[C@H]1CCC[C@@H]1O,False,,,6.886056647693163,
N=C(N)CCCC[C@H]1C(=O)N(CCCCCc2ccccc2)[C@H]2Cc3ccccc3[C@H]12,False,,4.0,4.886056647693163,
N=C(N)CCCC[C@H]1C(=O)N[C@H]2Cc3ccccc3[C@@H]21,False,,3.6989700043360187,3.6989700043360187,
N=C(N)CCCC[C@H]1C(=O)O[C@H]2CCC[C@@H]21,False,,,6.886056647693163,
N=C(N)CCC[C@H]1C(=O)O[C@H]2Cc3ccccc3[C@@H]21,False,,,6.221848749616356,
N=C(N)COc1cccc(CN2C(=O)[C@@H]3CC=CC(NC(=O)c4ccc(Cl)s4)[C@@H]3C2=O)c1,False,,6.920818753952375,,
N=C(N)COc1cccc(CN2CC3C(NC(=O)c4ccc(Cl)s4)C=CC[C@H]3C2=O)c1,False,,6.920818753952375,,
N=C(N)N1CC=C(CCNC(=O)[C@@H]2C[C@@H]3CC[C@@H](O)C[C@@H]3N2C(=O)[C@@H](Cc2ccccc2)NC(=O)[C@H](O)Cc2ccccc2)C1,False,,,7.552841968657781,
N=C(N)N1CCC(C(=O)NC[C@@H]2CCCN2C(=O)[C@H](CO)NS(=O)(=O)c2ccc3ccccc3c2)CC1,False,,,6.958607314841775,
N=C(N)N1CCC(C(NS(=O)(=O)Cc2ccccc2)C(=O)NCC(=O)N[C@H]2CCCN(C(=N)N)C2O)CC1.O=C(O)C(F)(F)F,False,,8.958607314841775,5.6020599913279625,
N=C(N)N1CCC(CC(=O)NC[C@@H]2CCCN2C(=O)[C@H](CO)NS(=O)(=O)c2ccc3ccccc3c2)CC1,False,,,6.698970004336019,
N=C(N)N1CCC(CNC(=O)[C@@H]2CCCN2C(=O)[C@@H](Cc2ccccc2)NS(=O)(=O)Cc2ccccc2)CC1,False,,,8.0,
N=C(N)N1CCC(CNC(=O)[C@H](CCCCN)NC(=O)[C@H](CCCCN)NC(=O)Cc2cccc(-c3ccccc3)c2)CC1,False,,,4.0,
N=C(N)N1CCC(C[C@@H](NS(=O)(=O)Cc2cccc(C(=O)O)c2)C(=O)NCC(=O)N[C@H]2CCCN(C(=N)N)C2O)CC1.O=C(O)C(F)(F)F,False,,8.366531544420413,5.6020599913279625,
N=C(N)N1CCC(C[C@@H](NS(=O)(=O)Cc2ccccc2)C(=O)NCC(=O)N[C@H]2CCCN(C(=N)N)C2O)CC1.O=C(O)C(F)(F)F,False,,9.080921907623926,5.6020599913279625,
N=C(N)N1CCC(C[C@@H](NS(=O)(=O)Cc2ccccc2-n2cnnn2)C(=O)NCC(=O)N[C@H]2CCCN(C(=N)N)C2O)CC1.O=C(O)C(F)(F)F,False,,8.585026652029182,5.6020599913279625,
N=C(N)N1CCC(C[C@@H](NS(=O)(=O)Cc2ccccc2C(=O)O)C(=O)NCC(=O)N[C@H]2CCCN(C(=N)N)C2O)CC1.O=C(O)C(F)(F)F,False,,8.25992463736336,5.6020599913279625,
N=C(N)N1CCC([C@@H](NC(=O)[C@@H]2CC[C@H]3CN(C(=O)CCc4ccccc4)CC(=O)N32)C(=O)c2nccs2)CC1,False,,,6.823908740944319,
N=C(N)N1CCC([C@H](NC(=O)[C@@H]2CC[C@H]3CN(C(=O)CCc4ccccc4)CC(=O)N32)C(=O)c2nccs2)CC1,False,,,9.0,
N=C(N)N1CCCC(C(=O)NC[C@@H]2CCCN2C(=O)[C@H](CO)NS(=O)(=O)c2ccc3ccccc3c2)C1,False,,,7.494850021680094,
N=C(N)N1CCCC(C[C@@H](C=O)NC(=O)CN2CCCC[C@H](NS(=O)(=O)Cc3ccccc3)C2=O)C1,False,,5.1020599913279625,8.994426319612101,
N=C(N)N1CCCC(C[C@@H](NC(=O)[C@@H]2CC[C@H]3CN(C(=O)CCc4ccccc4)CC(=O)N32)C(=O)c2nccs2)C1,False,,,6.863279432843593,
N=C(N)N1CCCC(C[C@@H](NS(=O)(=O)Cc2ccccc2)C(=O)NCC(=O)N[C@H]2CCCN(C(=N)N)C2O)C1.O=C(O)C(F)(F)F,False,,8.97851546330341,5.6020599913279625,
N=C(N)N1CCCC(C[C@@H](NS(=O)(=O)Cc2ccccc2C(=O)O)C(=O)NCC(=O)N[C@H]2CCCN(C(=N)N)C2O)C1.O=C(O)C(F)(F)F,False,,8.52726570743409,6.027758663924915,
N=C(N)N1CCCC(C[C@H](NC(=O)CN2C(=O)CN(CCCc3ccc(Cl)c(Cl)c3)C(=O)[C@H]2Cc2ccccc2)C(=O)c2nccs2)C1,False,,,6.6020599913279625,
N=C(N)N1CCCC(C[C@H](NC(=O)CN2C(=O)CN(CCCc3ccc(Cl)cc3)C(=O)[C@H]2Cc2ccccc2)C(=O)c2nccs2)C1,False,,,6.958607314841775,
N=C(N)N1CCCC(C[C@H](NC(=O)CN2C(=O)CN(CCCc3ccc(O)cc3)C(=O)[C@H]2Cc2ccccc2)C(=O)c2nccs2)C1,False,,,6.619788758288394,
N=C(N)N1CCCC(C[C@H](NC(=O)CN2C(=O)CN(CCCc3ccc([N+](=O)[O-])cc3)C(=O)[C@H]2Cc2ccccc2)C(=O)c2nccs2)C1,False,,,6.6777807052660805,
N=C(N)N1CCCC(C[C@H](NC(=O)CN2C(=O)CN(CCCc3ccccc3)C(=O)C2C(c2ccccc2)c2ccccc2)C(=O)c2nccs2)C1,False,,,6.1249387366083,
N=C(N)N1CCCC(C[C@H](NC(=O)CN2C(=O)CN(CCCc3ccccc3)C(=O)[C@@H]2CC2CCCCC2)C(=O)c2nccs2)C1,False,,,6.366531544420414,
N=C(N)N1CCCC(C[C@H](NC(=O)CN2C(=O)CN(CCCc3ccccc3)C(=O)[C@@H]2CCc2ccccc2)C(=O)c2nccs2)C1,False,,,6.229147988357855,
N=C(N)N1CCCC(C[C@H](NC(=O)CN2C(=O)CN(CCCc3ccccc3)C(=O)[C@@H]2Cc2ccc(Cl)cc2)C(=O)c2nccs2)C1,False,,,6.769551078621726,
N=C(N)N1CCCC(C[C@H](NC(=O)CN2C(=O)CN(CCCc3ccccc3)C(=O)[C@@H]2Cc2ccc3ccccc3c2)C(=O)c2nccs2)C1,False,,,7.346787486224656,
N=C(N)N1CCCC(C[C@H](NC(=O)CN2C(=O)CN(CCCc3ccccc3)C(=O)[C@@H]2Cc2cccnc2)C(=O)c2nccs2)C1,False,,,6.0,
N=C(N)N1CCCC(C[C@H](NC(=O)CN2C(=O)CN(CCCc3ccccc3)C(=O)[C@H]2C(c2ccccc2)c2ccccc2)C(=O)c2nccs2)C1,False,,,6.455931955649724,
N=C(N)N1CCCC(C[C@H](NC(=O)CN2C(=O)CN(CCCc3ccccc3)C(=O)[C@H]2Cc2ccc(Cl)c(Cl)c2)C(=O)c2nccs2)C1,False,,,7.096910013008056,
N=C(N)N1CCCC(C[C@H](NC(=O)CN2C(=O)CN(CCCc3ccccc3)C(=O)[C@H]2Cc2ccc(Cl)cc2)C(=O)c2nccs2)C1,False,,,6.552841968657781,
N=C(N)N1CCCC(C[C@H](NC(=O)CN2C(=O)CN(CCCc3ccccc3)C(=O)[C@H]2Cc2ccc3ccccc3c2)C(=O)c2nccs2)C1,False,,,6.795880017344075,
N=C(N)N1CCCC(C[C@H](NC(=O)CN2C(=O)CN(CCCc3ccccc3)C(=O)[C@H]2Cc2cccc(Cl)c2)C(=O)c2nccs2)C1,False,,,6.4089353929735005,
N=C(N)N1CCCC(C[C@H](NC(=O)CN2C(=O)CN(CCCc3ccccc3)C(=O)[C@H]2Cc2ccccc2)C(=O)N2CCCC2)C1,False,,,6.180456064458132,
N=C(N)N1CCCC(C[C@H](NC(=O)CN2C(=O)CN(CCCc3ccccc3)C(=O)[C@H]2Cc2ccccc2)C(=O)N2CCCCC2)C1,False,,,5.180456064458132,
N=C(N)N1CCCC(C[C@H](NC(=O)CN2C(=O)CN(CCCc3ccccc3)C(=O)[C@H]2Cc2ccccc2)C(=O)c2nc3ccccc3s2)C1,False,,,6.823908740944319,
N=C(N)N1CCCC(C[C@H](NC(=O)CN2C(=O)CN(CCCc3ccccc3)C(=O)[C@H]2Cc2ccccc2Cl)C(=O)c2nccs2)C1,False,,,7.7447274948966935,
N=C(N)N1CCCC(C[C@H](NC(=O)CN2C(=O)CN(CCc3ccccc3)C(=O)[C@H]2Cc2ccccc2)C(=O)c2nccs2)C1,False,,,6.00436480540245,
N=C(N)N1CCCC(C[C@H](NC(=O)CN2C(=O)CN(Cc3ccccc3)C(=O)[C@@H]2Cc2ccc3ccccc3c2)C(=O)c2nccs2)C1,False,,,6.769551078621726,
N=C(N)N1CCCC(C[C@H](NC(=O)CN2C(=O)CN(Cc3ccccc3)C(=O)[C@H]2Cc2ccccc2)C(=O)c2nccs2)C1,False,,,5.910094888560602,
N=C(N)N1CCCC(C[C@H](NC(=O)CN2CC(=O)N(CCCc3ccccc3)CC2=O)C(=O)c2nccs2)C1,False,,,5.327902142064283,
N=C(N)N1CCCC(C[C@H](NC(=O)[C@@H]2CC[C@H]3CN(C(=O)CCc4ccccc4)CC(=O)N32)C(=O)c2nc3ccccc3s2)C1,False,,,9.0,
N=C(N)N1CCCC(C[C@H](NC(=O)[C@@H]2CC[C@H]3CN(C(=O)CCc4ccccc4)CC(=O)N32)C(=O)c2nccs2)C1,False,,,7.522878745280337,
N=C(N)N1CCC[C@@H](C(=O)NC[C@@H]2CCCN2C(=O)[C@H](CO)NS(=O)(=O)c2ccc3ccccc3c2)C1,False,,,6.301029995663981,
N=C(N)N1CCC[C@@H](C[C@@H](C=O)NC(=O)CN2CCC[C@H](NS(=O)(=O)Cc3ccccc3)C2=O)C1,False,,4.6020599913279625,9.173925197299173,
N=C(N)N1CCC[C@@H](C[C@H](NC(=O)CN2C(=O)CN(CCCc3ccc(Cl)cc3)C(=O)[C@H]2Cc2ccccc2)C(=O)c2nccs2)C1,False,,,6.958607314841775,
N=C(N)N1CCC[C@@H](C[C@H](NC(=O)CN2C(=O)CN(CCCc3ccccc3)C(=O)[C@@H]2Cc2ccccc2)C(=O)c2nccs2)C1,False,,,6.619788758288394,
N=C(N)N1CCC[C@@H](C[C@H](NC(=O)CN2C(=O)CN(CCCc3ccccc3)C(=O)[C@H]2Cc2ccccc2)C(=O)c2nccs2)C1,False,,,6.769551078621726,
N=C(N)N1CCC[C@@H](C[C@H](NC(=O)CN2C(=O)CN(c3ccccc3)C(=O)[C@H]2Cc2ccccc2)C(=O)c2nccs2)C1,False,,,5.920818753952375,
N=C(N)N1CCC[C@@H](C[C@H](NC(=O)[C@@H]2CC[C@H]3CN(C(=O)CCc4ccccc4)CC(=O)N32)C(=O)c2nc3ccccc3s2)C1,False,,,9.0,
N=C(N)N1CCC[C@H](C(=O)NC[C@@H]2CCCN2C(=O)CNS(=O)(=O)c2ccc3ccccc3c2)C1,False,,,6.508638306165727,
N=C(N)N1CCC[C@H](C(=O)NC[C@@H]2CCCN2C(=O)[C@H](CO)NS(=O)(=O)c2ccc3ccccc3c2)C1,False,,,7.770303756120384,
N=C(N)N1CCC[C@H](C[C@@H](C=O)NC(=O)CN2CCC[C@H](NS(=O)(=O)Cc3ccccc3)C2=O)C1,False,,4.6020599913279625,7.540607512240769,
N=C(N)N1CCC[C@H](NC(=O)C2CS[C@H]3CC[C@H](NS(=O)(=O)Cc4ccccc4)C(=O)N23)C1O,False,,5.6020599913279625,7.785156151952302,
N=C(N)N1CCC[C@H](NC(=O)CN2C(=O)C(NS(=O)(=O)Cc3ccccc3)Cc3ccccc32)C1O.O=C(O)C(F)(F)F,False,,5.6020599913279625,7.747146969020107,
N=C(N)N1CCC[C@H](NC(=O)CN2C(=O)[C@@H](NS(=O)(=O)Cc3ccccc3)CCc3ccccc32)C1O.O=C(O)C(F)(F)F,False,,7.951840514743695,6.749579997691106,
N=C(N)N1CCC[C@H](NC(=O)CN2C(=O)[C@H](NS(=O)(=O)Cc3ccccc3)CCc3ccccc32)C1O.O=C(O)C(F)(F)F,False,,7.309803919971486,6.716698771296451,
N=C(N)N1CCC[C@H](NC(=O)CN2CCC(NS(=O)(=O)Cc3ccccc3)C2=O)C1O,False,,5.6020599913279625,6.903089986991944,
N=C(N)N1CCC[C@H](NC(=O)CN2CCCC(NS(=O)(=O)Cc3ccccc3)C2=O)C1O,False,,5.6020599913279625,8.207608310501746,
N=C(N)N1CCC[C@H](NC(=O)CN2CCCC[C@@](N)(Cc3ccccc3)C2=O)C1O.O=C(O)C(F)(F)F,False,,5.6020599913279625,7.826813731587726,
N=C(N)N1CCC[C@H](NC(=O)CN2CCCC[C@H](N3C(=O)c4ccccc4CS3(=O)=O)C2=O)C1O.O=C(O)C(F)(F)F,False,,5.6020599913279625,,
N=C(N)N1CCC[C@H](NC(=O)CN2CCCC[C@H](NS(=O)(=O)Cc3ccccc3)C2=O)C1O,False,,7.5221849835370165,9.148741651280925,
N=C(N)N1CCC[C@H](NC(=O)CN2CCCC[C@H](NS(=O)(=O)Cc3ccccc3)C2=O)C1O.O=C(O)C(F)(F)F,False,,7.686132779630847,9.148741651280925,
N=C(N)N1CCC[C@H](NC(=O)CN2CCCC[C@H](NS(=O)(=O)Cc3ccccc3C(=O)O)C2=O)C1O.O=C(O)C(F)(F)F,False,,5.6020599913279625,,
N=C(N)N1CCC[C@H](NC(=O)CN2CCCC[C@H](NS(=O)(=O)Cc3ccccc3C(=O)OCC3CCCCC3)C2=O)C1O.O=C(O)C(F)(F)F,False,,6.202732459169283,,
N=C(N)N1CCC[C@H](NC(=O)CN2CCCC[C@](N)(Cc3ccccc3)C2=O)C1O.O=C(O)C(F)(F)F,False,,,6.714442690992226,
N=C(N)N1CCC[C@H](NC(=O)CN2CCC[C@@](N)(Cc3ccccc3)C2=O)C1O.O=C(O)C(F)(F)F,False,,,8.684029654543082,
N=C(N)N1CCC[C@H](NC(=O)CN2CCC[C@@](N)(Cc3ccccc3)C2=O)[C@@H]1O,False,,,6.861697301833718,
N=C(N)N1CCC[C@H](NC(=O)CN2CCC[C@@](N)(Cc3ccccc3)C2=O)[C@H]1O,False,,,8.684029654543082,
N=C(N)N1CCC[C@H](NC(=O)CN2CCC[C@H](NS(=O)(=O)Cc3ccccc3)C2=O)C1O,False,,5.6020599913279625,8.207608310501746,
N=C(N)N1CCC[C@H](NC(=O)CN2CCC[C@](N)(Cc3ccccc3)C2=O)C1O.O=C(O)C(F)(F)F,False,,,6.861697301833718,
N=C(N)N1CCC[C@H](NC(=O)CN2CC[C@@](N)(Cc3ccccc3)C2=O)C1O.O=C(O)C(F)(F)F,False,,5.6020599913279625,5.861697301833718,
N=C(N)N1CCC[C@H](NC(=O)CNC(=O)[C@@H](CCCNC(=O)c2cnccn2)NS(=O)(=O)Cc2ccccc2)C1O,False,,7.823908740944319,5.6020599913279625,
N=C(N)N1CCC[C@H](NC(=O)CNC(=O)[C@@H](CCNC(=O)c2ccc(O)nc2)NS(=O)(=O)Cc2ccccc2)C1O,False,,8.214670164989233,5.6020599913279625,
N=C(N)N1CCC[C@H](NC(=O)CNC(=O)[C@@H](CCNC(=O)c2ccc3ccccc3n2)NS(=O)(=O)Cc2ccccc2)C1O,False,,7.35261702988538,5.896196279044043,
N=C(N)N1CCC[C@H](NC(=O)CNC(=O)[C@@H](CCNC(=O)c2ccccn2)NS(=O)(=O)Cc2ccccc2)C1O,False,,7.688246138944246,5.6020599913279625,
N=C(N)N1CCC[C@H](NC(=O)CNC(=O)[C@@H](CCNC(=O)c2cccnc2)NS(=O)(=O)Cc2ccccc2)C1O,False,,7.101823516502323,5.6020599913279625,
N=C(N)N1CCC[C@H](NC(=O)CNC(=O)[C@@H](CCNC(=O)c2cn[nH]c2)NC(=O)OCc2ccccc2)C1O,False,,6.4605475084505395,5.6020599913279625,
N=C(N)N1CCC[C@H](NC(=O)CNC(=O)[C@@H](CCNC(=O)c2cnc3ccccc3c2)NC(=O)OCc2ccccc2)C1O,False,,6.772627557710364,5.6020599913279625,
N=C(N)N1CCC[C@H](NC(=O)CNC(=O)[C@@H](CCNC(=O)c2cnc3ccccc3c2)NS(=O)(=O)Cc2ccccc2)C1O,False,,7.97469413473523,6.270025714300444,
N=C(N)N1CCC[C@H](NC(=O)CNC(=O)[C@@H](CCNC(=O)c2cncc(Br)c2)NC(=O)OCc2ccccc2)C1O,False,,6.505149978319906,5.6020599913279625,
N=C(N)N1CCC[C@H](NC(=O)CNC(=O)[C@@H](CCNC(=O)c2cncc(Br)c2)NS(=O)(=O)Cc2ccccc2)C1O,False,,7.97469413473523,5.6020599913279625,
N=C(N)N1CCC[C@H](NC(=O)CNC(=O)[C@@H](CCNC(=O)c2cnccn2)NC(=O)OCc2ccccc2)C1O,False,,6.97469413473523,5.6020599913279625,
N=C(N)N1CCC[C@H](NC(=O)CNC(=O)[C@@H](CCNC(=O)c2cnccn2)NS(=O)(=O)Cc2ccccc2)C1O,False,,8.301029995663981,5.6020599913279625,
N=C(N)N1CCC[C@H](NC(=O)CNC(=O)[C@@H](CCNC(=O)c2cnnc3ccccc23)NS(=O)(=O)Cc2ccccc2)C1O,False,,8.2518119729938,5.752026733638194,
N=C(N)N1CCC[C@H](NC(=O)CNC(=O)[C@@H](CCNC(=O)c2nc3ccccc3nc2O)NS(=O)(=O)Cc2ccccc2)C1O,False,,5.6020599913279625,5.6020599913279625,
N=C(N)N1CCC[C@H](NC(=O)CNC(=O)[C@@H](CCNC(=O)c2nccc3ccccc23)NC(=O)OCc2ccccc2)C1O,False,,6.505149978319906,5.6020599913279625,
N=C(N)N1CCC[C@H](NC(=O)CNC(=O)[C@@H](CCNC(=O)c2nccc3ccccc23)NS(=O)(=O)Cc2ccccc2)C1O,False,,8.309803919971486,5.6020599913279625,
N=C(N)N1CCC[C@H](NC(=O)CNC(=O)[C@@H](CNC(=O)c2cnccn2)NS(=O)(=O)Cc2ccccc2)C1O,False,,6.507239610973162,5.6020599913279625,
N=C(N)N1CCC[C@H](NC(=O)Cn2ccc(CCc3ccccc3)c(NS(=O)(=O)CC(F)(F)F)c2=O)C1O,False,,5.6020599913279625,6.7121982700697735,
N=C(N)N1CCC[C@H](NC(=O)Cn2ccc(CCc3ccccc3)c(NS(=O)(=O)c3ccccc3)c2=O)C1O,False,,5.627087997029894,7.050122295963125,
N=C(N)N1CCC[C@H](NC(=O)Cn2cccc(NS(=O)(=O)Cc3ccccc3)c2=O)C1O,False,,7.679853713888946,9.296708621881338,
N=C(N)N1CCC[C@H](NC(=O)[C@@H]2CC[C@@H]3CCCC(Cc4ccccc4)C(=O)N32)C1O,False,,,5.853871964321762,
N=C(N)N1CCC[C@H](NC(=O)[C@@H]2CC[C@@H]3CCC[C@H](NS(=O)(=O)c4cccc5ccccc45)C(=O)N32)C1O,False,,,6.958607314841775,
N=C(N)NC(=O)CCNC(=O)CN(C(=O)[C@@H](CC1CCCCC1)NCC(=O)O)C1CCCC1,False,,,6.619788758288394,
N=C(N)NC(=O)CCNC(=O)CN1CCCC[C@H](NS(=O)(=O)Cc2ccccc2)C1=O,False,,,4.136677139879544,
N=C(N)NC(=O)CCNC(=O)[C@@H]1CCCN1C(=O)C1(O)c2ccccc2-c2ccccc21,False,,,5.221848749616356,
N=C(N)NC(=O)CCNC(=O)[C@@H]1CCCN1C(=O)[C@@H](CC1CCCCC1)NCC(=O)O,False,,,5.958607314841775,
N=C(N)NC(=O)CCNOC(=O)CN(C(=O)[C@@H](CC1CCCCC1)NCC(=O)O)C1CCCC1,False,,,6.619788758288394,
N=C(N)NC(=O)c1ccc(NOC(=O)CN(C(=O)[C@@H](CC2CCCCC2)NCC(=O)O)C2CCCC2)cc1,False,,,4.0,
N=C(N)NC(=O)c1nc(-c2cc3c(F)cccc3o2)c(N2CCCCCC2)nc1N,False,,4.301029995663981,4.698970004336019,
N=C(N)NC(=O)c1nc(-c2cc3ccccc3o2)c(N)nc1N,False,,4.301029995663981,4.698970004336019,
N=C(N)NC(=O)c1nc(-c2cc3ccccc3o2)c(N2CCCCCC2)nc1N,False,,4.301029995663981,5.0,
N=C(N)NC(=O)c1nc(Cl)c(N)nc1N,False,,4.301029995663981,4.150514997831991,
N=C(N)NC(=O)c1nc(Cl)c(N2CCCCCC2)nc1N,False,,4.301029995663981,5.0,
N=C(N)NCCCC(=O)NC[C@@H]1CCCN1C(=O)[C@H](CO)NS(=O)(=O)c1ccc2ccccc2c1,False,,,6.4089353929735005,
N=C(N)NCCCC(C=O)NC(=O)CNC(=O)[C@H](CCCN=C(N)N)NS(=O)(=O)CCc1ccccc1,False,,7.552841968657781,4.1938200260161125,
N=C(N)NCCCC(C=O)NC(=O)CNC(=O)[C@H](CCCNC(=N)N)NC(=O)COc1ccc2ccccc2c1,False,,6.259637310505756,4.0,
N=C(N)NCCCC(C=O)NC(=O)CNC(=O)[C@H](CCCNC(=N)N)NS(=O)(=O)CCc1cccc2ccccc12,False,,7.568636235841013,4.4089353929735005,
N=C(N)NCCCC(C=O)NC(=O)CNC(=O)[C@H](CCCNC(=N)N)NS(=O)(=O)Cc1ccccc1,False,,7.823908740944319,4.301029995663981,
N=C(N)NCCCC(C=O)NC(=O)[C@@H]1CCCN1C(=O)c1cc2ccccc2[nH]1,False,,4.698970004336019,5.443697499232712,
N=C(N)NCCCC(NC(=O)C1CCCC1)C(=O)c1nc2ccccc2s1,False,,,4.086186147616283,
N=C(N)NCCCC(NC(=O)CN1CCN(S(=O)(=O)/C=C/c2ccccc2)CC1=O)C(=O)c1nccs1,False,,7.886056647693163,5.154901959985743,
N=C(N)NCCCC(NC(=O)CN1CCN(S(=O)(=O)CCc2cccc3ccccc23)CC1=O)C(=O)c1nccs1,False,,8.522878745280337,6.425968732272281,
N=C(N)NCCCC(NC(=O)CN1CCN(S(=O)(=O)Cc2ccccc2)CC1=O)C(=O)c1nccs1,False,,8.397940008672037,,
N=C(N)NCCCC(NC(=O)CN1CCN(S(=O)(=O)c2cc(Cl)c(Cl)cc2Cl)CC1=O)C(=O)c1nccs1,False,,9.0,6.24184537803261,
N=C(N)NCCCC(NC(=O)CN1CCN(S(=O)(=O)c2ccc(-c3ccccn3)s2)CC1=O)C(=O)c1nccs1,False,,8.397940008672037,5.3979400086720375,
N=C(N)NCCCC(NC(=O)CN1CCN(S(=O)(=O)c2ccc(Br)cc2)CC1=O)C(=O)c1nccs1,False,,9.154901959985743,6.092051478387727,
N=C(N)NCCCC(NC(=O)CN1CCN(S(=O)(=O)c2ccc(C(=O)O)cc2)CC1=O)C(=O)c1nccs1,False,,6.292429823902063,4.769551078621726,
N=C(N)NCCCC(NC(=O)CN1CCN(S(=O)(=O)c2ccc(C(F)(F)F)cc2)CC1=O)C(=O)c1nccs1,False,,8.0,5.221848749616356,
N=C(N)NCCCC(NC(=O)CN1CCN(S(=O)(=O)c2ccc(Cl)c(Cl)c2)CC1=O)C(=O)c1nccs1,False,,9.0,6.0,
N=C(N)NCCCC(NC(=O)CN1CCN(S(=O)(=O)c2ccc(F)cc2)CC1=O)C(=O)c1nccs1,False,,8.698970004336019,6.124360062995832,
N=C(N)NCCCC(NC(=O)CN1CCN(S(=O)(=O)c2ccc(N)cc2)CC1=O)C(=O)c1nccs1,False,,8.221848749616356,5.301029995663981,
N=C(N)NCCCC(NC(=O)CN1CCN(S(=O)(=O)c2ccc(NO)cc2)CC1=O)C(=O)c1nccs1,False,,8.0,5.154901959985743,
N=C(N)NCCCC(NC(=O)CN1CCN(S(=O)(=O)c2ccc([N+](=O)[O-])cc2)CC1=O)C(=O)c1nccs1,False,,8.221848749616356,5.522878745280337,
N=C(N)NCCCC(NC(=O)CN1CCN(S(=O)(=O)c2ccc3c(Cl)cccc3c2)CC1=O)C(=O)c1nccs1,False,,9.102372908709558,5.698970004336019,
N=C(N)NCCCC(NC(=O)CN1CCN(S(=O)(=O)c2ccc3ccccc3c2)CC1=O)C(=O)c1nccs1,False,,8.096910013008056,5.221848749616356,
N=C(N)NCCCC(NC(=O)CN1CCN(S(=O)(=O)c2cccc(Cl)c2)CC1=O)C(=O)c1nccs1,False,,8.301029995663981,6.872895201635193,
N=C(N)NCCCC(NC(=O)CN1CCN(S(=O)(=O)c2cccc3c(Cl)cccc23)CC1=O)C(=O)c1nccs1,False,,9.207608310501746,6.732828271596986,
N=C(N)NCCCC(NC(=O)CN1CCN(S(=O)(=O)c2cccc3ccccc23)CC1=O)C(=O)c1nccs1,False,,8.698970004336019,6.928117992693875,
N=C(N)NCCCC(NC(=O)CN1CCN(S(=O)(=O)c2cccc3cccnc23)CC1=O)C(=O)c1nccs1,False,,8.698970004336019,6.244887733604929,
N=C(N)NCCCC(NC(=O)CN1CCN(S(=O)(=O)c2cccc3cnccc23)CC1=O)C(=O)c1nccs1,False,,9.0,6.573488738635425,
N=C(N)NCCCC(NC(=O)CN1CCN(S(=O)(=O)c2cccc3nonc23)CC1=O)C(=O)c1nccs1,False,,8.698970004336019,6.1432711096171175,
N=C(N)NCCCC(NC(=O)CNC(=O)[C@@H](Cc1ccccc1)NS(=O)(=O)Cc1ccccc1)C(=O)c1nccs1,False,,8.698970004336019,,
N=C(N)NCCCC(NC(=O)CNC(=O)[C@H](CCCN=C(N)N)NC(=O)OCc1ccccc1)C(=O)Nc1ccc([N+](=O)[O-])cc1,False,,,6.97469413473523,
N=C(N)NCCCC(NC(=O)OCc1ccccc1)P(=O)(Oc1ccccc1)Oc1ccccc1,False,,5.0,6.102407705158788,
N=C(N)NCCCC(NC(=O)[C@@H]1CCCN1)C(=O)c1nc2ccccc2s1,False,,,4.0,
N=C(N)NCCCC(NC(=O)[C@@H]1CCCN1C(=O)C(O)C1c2ccccc2-c2ccccc21)C(=O)c1nc2ccccc2s1,False,,,7.022276394711152,
N=C(N)NCCCC(NC(=O)[C@@H]1CCCN1C(=O)CC(c1ccccc1)c1ccccc1)C(=O)c1nc2ccccc2s1,False,,,7.958607314841775,
N=C(N)NCCCC(NC(=O)[C@@H]1CCCN1C(=O)N[C@H](C=O)Cc1ccccc1)C(=O)c1nc2ccccc2s1,False,,,4.769551078621726,
N=C(N)NCCCC(NC(=O)[C@@H]1CCCN1C(=O)[C@@H](CC1CCCCC1)NCC(=O)O)C(=O)c1nc2ccccc2s1,False,,,7.5376020021010435,
N=C(N)NCCCC(NC=O)C(=O)c1nc2ccccc2s1,False,,,4.301029995663981,
N=C(N)NCCCC(NS(=O)(=O)Cc1ccccc1)C(=O)NCC(=O)N[C@H]1CCCN(C(=N)N)C1O,False,,9.154901959985743,5.6020599913279625,
N=C(N)NCCCCC(=O)NC[C@@H]1CCCN1C(=O)[C@H](CO)NS(=O)(=O)c1ccc2ccccc2c1,False,,,7.096910013008056,
N=C(N)NCCCCCC(=O)NC[C@@H]1CCCN1C(=O)[C@H](CO)NS(=O)(=O)c1ccc2ccccc2c1,False,,,7.301029995663981,
N=C(N)NCCCCCCC(=O)NC[C@@H]1CCCN1C(=O)[C@H](CO)NS(=O)(=O)c1ccc2ccccc2c1,False,,,4.853871964321762,
N=C(N)NCCCCCNC(=O)Cc1c(F)ccc(NS(=O)(=O)Cc2ccccc2)c1F,False,,4.522878745280337,,
N=C(N)NCCCCNC(=O)[C@@H]1CCCN1C(=O)CNS(=O)(=O)c1ccc2ccccc2c1,False,,,5.5376020021010435,
N=C(N)NCCCCNC(=O)[C@@H]1CCCN1C(=O)[C@@H](CCC(=O)O)NS(=O)(=O)c1ccc2ccccc2c1,False,,,3.4775557664936803,
N=C(N)NCCCCNC(=O)[C@@H]1CCCN1C(=O)[C@@H](Cc1c[nH]c2ccccc12)NS(=O)(=O)c1ccc2ccccc2c1,False,,,5.050609993355087,
N=C(N)NCCCCNC(=O)[C@@H]1CCCN1C(=O)[C@@H](Cc1ccccc1)NC(=O)OCc1ccccc1,False,,,6.173925197299173,
N=C(N)NCCCCNC(=O)[C@@H]1CCCN1C(=O)[C@@H](Cc1ccccc1)NS(=O)(=O)C(F)(F)F,False,,,3.958607314841775,
N=C(N)NCCCCNC(=O)[C@@H]1CCCN1C(=O)[C@@H](Cc1ccccc1)NS(=O)(=O)c1ccc2ccccc2c1,False,,,5.853871964321762,
N=C(N)NCCCCNC(=O)[C@@H]1CCCN1C(=O)[C@H](CC(=O)O)NS(=O)(=O)c1ccc2ccccc2c1,False,,,5.2839966563652006,
N=C(N)NCCCCNC(=O)[C@@H]1CCCN1C(=O)[C@H](CO)NS(=O)(=O)c1ccc2ccccc2c1,False,,,5.552841968657781,
N=C(N)NCCCCNC(=O)[C@@H]1CCCN1C(=O)[C@H](Cc1ccccc1)NS(=O)(=O)c1ccc2ccccc2c1,False,,,4.920818753952375,
N=C(N)NCCCCNC(=O)[C@@H]1C[C@@H]2CC[C@@H](O)C[C@@H]2N1C(=O)[C@H](Cc1ccccc1)NC(=O)[C@@H](O)Cc1ccc(O)c(Cl)c1,False,,,4.809668301829708,
N=C(N)NCCCCSC[C@@H]1CCCN1C(=O)[C@H](CO)NS(=O)(=O)c1ccc2ccccc2c1,False,,,5.853871964321762,
N=C(N)NCCCC[C@H](NC(=O)[C@H](Cc1ccccc1)NC(=O)[C@@H](Cc1ccccc1)NC(=O)OCc1ccccc1)C(=O)Cc1ccccc1,False,,3.3565473235138126,3.2518119729937993,
N=C(N)NCCCC[C@H](NC(=O)[C@H](Cc1ccccc1)NC(=O)[C@@H](Cc1ccccc1)NS(=O)(=O)Cc1ccccc1)C(=O)Cc1ccccc1,False,,3.193820026016113,3.193820026016113,
N=C(N)NCCCC[C@H](NC(=O)[C@H](Cc1ccccc1)NC(=O)[C@@H](N)Cc1ccccc1)C(=O)Cc1ccccc1,False,,2.8297382846050425,2.8297382846050425,
N=C(N)NCCCC[C@H](NC(=O)[C@H](Cc1ccccc1)NC(=O)[C@H](Cc1ccccc1)NC(=O)OCc1ccccc1)C(=O)Cc1ccccc1,False,,3.2941362877160807,3.1870866433571443,
N=C(N)NCCCC[C@H](NC(=O)[C@H](Cc1ccccc1)NC(=O)[C@H](Cc1ccccc1)NS(=O)(=O)Cc1ccccc1)C(=O)Cc1ccccc1,False,,3.2291479883578558,3.2291479883578558,
N=C(N)NCCCNC(=O)[C@@H]1CCCCN1C(=O)[C@@H](CC1CCCCC1)NCC(=O)O,False,,,6.101786569326909,
N=C(N)NCCCNOC(=O)CN(C(=O)[C@@H](CC1CCCCC1)NCC(=O)O)C1CCCC1,False,,,6.958607314841775,
N=C(N)NCCCOC(=O)c1cc2cc(CCl)ccc2oc1=O,True,,,3.5228787452803374,
N=C(N)NCCCSC[C@@H]1CCCN1C(=O)[C@H](CO)NS(=O)(=O)c1ccc2ccccc2c1,False,,,5.130768280269024,
N=C(N)NCCC[C@@H](C=O)NC(=O)CN1CCCC[C@H](NS(=O)(=O)Cc2ccccc2)C1=O,False,,7.686132779630847,9.148741651280925,
N=C(N)NCCC[C@@H](C=O)NC(=O)CN1CCC[C@H](NS(=O)(=O)Cc2ccccc2)C1=O,False,,5.6020599913279625,7.906578314837765,
N=C(N)NCCC[C@@H](C=O)NC(=O)CNC(=O)[C@@H](CC1CCN(C(=N)N)CC1)NS(=O)(=O)Cc1ccccc1,False,,9.080921907623926,,
N=C(N)NCCC[C@@H](C=O)NC(=O)CNC(=O)[C@@H](CCCN=C(N)N)NC(=O)NCc1ccccc1,False,,6.657577319177793,3.769551078621726,
N=C(N)NCCC[C@@H](C=O)NC(=O)CNC(=O)[C@@H](CCCNC(=N)N)NC(=O)C(=O)O,False,,7.251811972993799,4.022276394711152,
N=C(N)NCCC[C@@H](C=O)NC(=O)CNC(=O)[C@@H](CCCNC(=N)N)NC(=O)CC(=O)O,False,,7.0,4.0,
N=C(N)NCCC[C@@H](C=O)NC(=O)CNC(=O)[C@@H](CCCNC(=N)N)NC(=O)CCC(=O)O,False,,6.649751981665837,4.0,
N=C(N)NCCC[C@@H](C=O)NC(=O)CNC(=O)[C@@H](CCCNC(=N)N)NC(=O)CCc1ccccc1,False,,6.698970004336019,4.1249387366083,
N=C(N)NCCC[C@@H](C=O)NC(=O)CNC(=O)[C@@H](CCCNC(=N)N)NS(=O)(=O)Cc1ccccc1,False,,7.823908740944319,,
N=C(N)NCCC[C@@H](C=O)NC(=O)[C@@H]1CCCN1C(=O)C1CCc2ccccc2N1,False,,4.920818753952375,5.508638306165727,
N=C(N)NCCC[C@@H](C=O)NC(=O)[C@@H]1CCCN1C(=O)Cc1ccccc1,False,,,5.795880017344075,
N=C(N)NCCC[C@@H](C=O)NC(=O)[C@@H]1CCCN1C(=O)[C@@H]1Cc2ccccc2CN1,False,,,7.6020599913279625,
N=C(N)NCCC[C@@H](C=O)NC(=O)[C@@H]1CCCN1C(=O)[C@@H]1NCCc2ccccc21,False,,6.1938200260161125,7.721246399047171,
N=C(N)NCCC[C@@H](C=O)NC(=O)[C@@H]1CCCN1C(=O)[C@H]1Cc2ccccc2CN1,False,,5.3872161432802645,7.6020599913279625,
N=C(N)NCCC[C@@H](C=O)NC(=O)[C@@H]1CCCN1C(=O)[C@H]1NCCc2ccccc21,False,,,7.721246399047171,
N=C(N)NCCC[C@@H](CCl)NC(=O)[C@@H]1CCN2CC[C@@](N)(Cc3ccccc3)CN12,False,,,8.920818753952375,
N=C(N)NCCC[C@@H](CO)NC(=O)[C@@H]1CCCN1C(=O)[C@@H](Cc1ccc(O)cc1)NC(=O)C(O)CCc1ccc(O)cc1,False,,,3.6020599913279625,
N=C(N)NCCC[C@@H](N)C(=O)NCC(=O)N[C@@H](CCCNC(=N)N)C(=O)c1nccs1,False,,8.096910013008056,,
N=C(N)NCCC[C@@H](NC(=O)CN1CCCC(CCC2CCNCC2)C1=O)C(=O)c1nccs1,False,,7.187086643357144,4.920818753952375,
N=C(N)NCCC[C@@H](NC(=O)CN1CCCC[C@H](NS(=O)(=O)Cc2ccccc2)C1=O)C(=O)c1nccs1,False,,8.522878745280337,7.42021640338319,
N=C(N)NCCC[C@@H](NC(=O)CN1CCC[C@H](NS(=O)(=O)Cc2ccccc2)C1=O)C(=O)c1nccs1,False,,7.5376020021010435,6.860120913598763,
N=C(N)NCCC[C@@H](NC(=O)CN1CCN(C(=O)Cc2ccc(Cl)cc2)CC1=O)C(=O)c1nccs1,False,,7.769551078621726,4.958607314841775,
N=C(N)NCCC[C@@H](NC(=O)CN1CCN(C(=O)Cc2ccccc2)CC1=O)C(=O)c1nccs1,False,,7.6777807052660805,5.698970004336019,
N=C(N)NCCC[C@@H](NC(=O)CN1CCN(C(=O)c2ccc(Cl)cc2)CC1=O)C(=O)c1nccs1,False,,6.928117992693875,5.301029995663981,
N=C(N)NCCC[C@@H](NC(=O)CN1CCN(C(=O)c2ccccc2)CC1=O)C(=O)c1nccs1,False,,6.494850021680094,5.154901959985743,
N=C(N)NCCC[C@@H](NC(=O)CN1CCN(Cc2ccccc2)CC1=O)C(=O)c1nccs1,False,,6.112945621949043,4.853871964321762,
N=C(N)NCCC[C@@H](NC(=O)CN1CCN(S(=O)(=O)Cc2ccccc2)CC1)C(=O)c1nccs1,False,,4.619788758288394,3.3010299956639813,
N=C(N)NCCC[C@@H](NC(=O)CN1CCN(S(=O)(=O)Cc2ccccc2)CC1=O)C(=O)c1nccs1,False,,8.397940008672037,6.4089353929735005,
N=C(N)NCCC[C@@H](NC(=O)CN1CCN(S(=O)(=O)Cc2ccccc2)CCC1=O)C(=O)c1nccs1,False,,8.301029995663981,5.698970004336019,
N=C(N)NCCC[C@@H](NC(=O)CN1CCN(S(=O)(=O)c2ccc(Cl)cc2)CC1=O)C(=O)c1nccs1,False,,8.698970004336019,6.0,
N=C(N)NCCC[C@@H](NC(=O)CN1CCN(S(=O)(=O)c2ccccc2)CC1=O)C(=O)c1nccs1,False,,8.096910013008056,6.379863945026242,
N=C(N)NCCC[C@@H](NC(=O)CN1CCNCC1=O)C(=O)c1nccs1,False,,4.657577319177793,3.657577319177794,
N=C(N)NCCC[C@@H](NC(=O)CNC(=O)[C@H](Cc1c[nH]c2ccccc12)NS(=O)(=O)Cc1ccccc1)C(=O)c1nccs1,False,,8.698970004336019,6.060480747381382,
N=C(N)NCCC[C@@H](NC(=O)Cn1cccc(NS(=O)(=O)Cc2ccccc2)c1=O)C(=O)c1nccs1,False,,8.522878745280337,8.096910013008056,
N=C(N)NCCC[C@@H](NC(=O)OCc1ccccc1)C(=O)NCC(=O)N[C@H]1CCCN(C(=N)N)C1O.O=C(O)C(F)(F)F,False,,7.986288006417073,5.6020599913279625,
N=C(N)NCCC[C@@H](NC(=O)[C@@H]1CCCN1C(=O)CCc1ccccc1)C(=O)c1nccs1,False,,,6.086186147616283,
N=C(N)NCCC[C@@H](NC(=O)[C@@H]1CCCN1C(=O)[C@@H](Cc1ccccc1)NC(=O)OCc1ccccc1)C(=O)c1nccs1,False,,,8.698970004336019,
N=C(N)NCCC[C@@H](NS(=O)(=O)Cc1ccccc1)C(=O)NC(=O)CN[C@H](CCCNC(=N)N)C(=O)c1nccs1,False,,7.886056647693163,,
N=C(N)NCCC[C@@H](NS(=O)(=O)Cc1ccccc1)C(=O)NCC(=O)N[C@@H](CC1CCNCC1)C(=O)c1nccs1,False,,7.552841968657781,,
N=C(N)NCCC[C@@H](NS(=O)(=O)Cc1ccccc1)C(=O)NCC(=O)N[C@@H](CCCCN)C(=O)c1nccs1,False,,9.0,,
N=C(N)NCCC[C@@H](NS(=O)(=O)Cc1ccccc1)C(=O)NCC(=O)N[C@@H](Cc1c[nH]c2ccccc12)C(=O)c1nccs1,False,,7.4089353929735005,,
N=C(N)NCCC[C@@H](NS(=O)(=O)Cc1ccccc1)C(=O)NCC(=O)N[C@@H](Cc1ccncc1)C(=O)c1nccs1,False,,7.356547323513812,,
N=C(N)NCCC[C@@H](NS(=O)(=O)Cc1ccccc1)C(=O)NCC(=O)N[C@H](CCCNC(=N)N)C(=O)c1nccs1,False,,9.301029995663981,5.0,
N=C(N)NCCC[C@@H](NS(=O)(=O)Cc1ccccc1)C(=O)NCC(=O)N[C@H]1CCCN(C(=N)N)C1O.O=C(O)C(F)(F)F,False,,9.045757490560675,5.6020599913279625,
N=C(N)NCCC[C@@H]1NC(=O)CNC(=O)[C@H](CC(=O)O)NC(=O)[C@@H]2CCCN2C(=O)[C@H](Cc2ccccc2)NC(=O)[C@@H]2CSSC[C@H](NC1=O)C(=O)N[C@@H](CCC(N)=O)C(=O)N[C@@H](Cc1ccc(Cl)cc1)C(=O)N[C@@H](CO)C(=O)N[C@@H](CCC(=O)O)C(=O)N1CCC[C@H]1C(=O)N1CCC[C@H]1C(=O)N[C@@H](CCC(=O)O)C(=O)N2,False,5.0,,5.0,
N=C(N)NCCC[C@@H]1NC(=O)CNC(=O)[C@H](CC(=O)O)NC(=O)[C@@H]2CCCN2C(=O)[C@H](Cc2ccccc2)NC(=O)[C@@H]2CSSC[C@H](NC1=O)C(=O)N[C@@H](CCC(N)=O)C(=O)N[C@@H](Cc1ccc(I)cc1)C(=O)N[C@@H](CO)C(=O)N[C@@H](CCC(=O)O)C(=O)N1CCC[C@H]1C(=O)N1CCC[C@H]1C(=O)N[C@@H](CCC(=O)O)C(=O)N2,False,5.0,,5.0,
N=C(N)NCCC[C@@H]1NC(=O)CNC(=O)[C@H](CC(=O)O)NC(=O)[C@@H]2CCCN2C(=O)[C@H](Cc2ccccc2)NC(=O)[C@@H]2CSSC[C@H](NC1=O)C(=O)N[C@@H](CCC(N)=O)C(=O)N[C@@H](Cc1ccc([N+](=O)[O-])cc1)C(=O)N[C@@H](CO)C(=O)N[C@@H](CCC(=O)O)C(=O)N1CCC[C@H]1C(=O)N1CCC[C@H]1C(=O)N[C@@H](CCC(=O)O)C(=O)N2,False,5.0,,5.0,
N=C(N)NCCC[C@@H]1NC(=O)[C@@H]2CCCN2C(=O)[C@@H](NC=O)CNC(=O)/C=C/[C@H](Cc2ccc(O)cc2)NC(=O)[C@@H](Cc2ccccc2)NC(=O)C1=O,False,,,6.731090452463363,
N=C(N)NCCC[C@H](CO)NC(=O)[C@@H]1CCCN1C(=O)[C@@H](Cc1ccc(O)cc1)NC(=O)C(O)CCc1ccc(O)cc1,False,,,3.6020599913279625,
N=C(N)NCCC[C@H](N)C(=O)N1CCC[C@H]1C(=O)N1CCC[C@H]1C(=O)NCC(=O)N[C@@H](Cc1ccccc1)C(=O)O,False,,,3.2211255279972604,
N=C(N)NCCC[C@H](NC(=O)CN1C(=O)CN(CCCc2ccccc2)C(=O)[C@@H]1Cc1ccccc1)C(=O)c1nccs1,False,,,6.886056647693163,
N=C(N)NCCC[C@H](NC(=O)CN1C(=O)CN(CCCc2ccccc2)C(=O)[C@H]1Cc1ccccc1)C(=O)c1nccs1,False,,,5.468521082957745,
N=C(N)NCCC[C@H](NC(=O)CN1C=CN[C@@H](CCCNC(=N)N)C1=O)C(=O)c1nccs1,False,,6.512861624522813,3.853871964321762,
N=C(N)NCCC[C@H](NC(=O)CN1CC(=O)N[C@@H](CCCNC(=N)N)C1=O)C(=O)c1nccs1,False,,7.958607314841775,3.8239087409443187,
N=C(N)NCCC[C@H](NC(=O)CN1CC(=O)N[C@H](CCCNC(=N)N)C1=O)C(=O)c1nccs1,False,,7.6777807052660805,3.6989700043360187,
N=C(N)NCCC[C@H](NC(=O)CN1CCCCC(NS(=O)(=O)Cc2ccccc2)C1=O)C(=O)c1nccs1,False,,8.522878745280337,,
N=C(N)NCCC[C@H](NC(=O)CN1CCCC[C@@H](NS(=O)(=O)Cc2ccccc2)C1=O)C(=O)c1nccs1,False,,8.522878745280337,7.42021640338319,
N=C(N)NCCC[C@H](NC(=O)CN1CCCC[C@H](NS(=O)(=O)Cc2ccccc2)C1=O)C(=O)c1nc2ccccc2s1,False,,,6.568636235841013,
N=C(N)NCCC[C@H](NC(=O)CN1CCN(C(=O)Cc2ccccc2)CC1=O)C(=O)c1nccs1,False,,7.769551078621726,4.958607314841775,
N=C(N)NCCC[C@H](NC(=O)CN1CCN(C(=O)c2ccccc2)CC1=O)C(=O)c1nccs1,False,,6.494850021680094,5.154901959985743,
N=C(N)NCCC[C@H](NC(=O)CN1CCN(Cc2ccccc2)CC1=O)C(=O)c1nccs1,False,,6.113509274827518,4.853871964321762,
N=C(N)NCCC[C@H](NC(=O)CN1CCN(S(=O)(=O)Cc2ccccc2)CC1=O)C(=O)c1nccs1,False,,8.397940008672037,6.4089353929735005,
N=C(N)NCCC[C@H](NC(=O)CN1CCN(S(=O)(=O)Cc2ccccc2)[C@@H](CC(=O)N2CCCCC2)C1=O)C(=O)c1nccs1,False,,6.812479279163537,4.221848749616356,
N=C(N)NCCC[C@H](NC(=O)CN1CCN(S(=O)(=O)Cc2ccccc2)[C@@H](CC(=O)O)C1=O)C(=O)c1nccs1,False,,6.431798275933005,3.4881166390211256,
N=C(N)NCCC[C@H](NC(=O)CN1CCN(S(=O)(=O)Cc2ccccc2)[C@@H](CCCNC(=N)N)C1=O)C(=O)c1nccs1,False,,8.522878745280337,4.920818753952375,
N=C(N)NCCC[C@H](NC(=O)CN1CCN(S(=O)(=O)Cc2ccccc2)[C@@H](Cc2ccccc2)C1=O)C(=O)c1nccs1,False,,8.137452739459265,5.996981022501341,
N=C(N)NCCC[C@H](NC(=O)CN1CCN(S(=O)(=O)Cc2ccccc2)[C@H](CC(=O)N2CCCCC2)C1=O)C(=O)c1nccs1,False,,7.431798275933005,5.096910013008056,
N=C(N)NCCC[C@H](NC(=O)CN1CCN(S(=O)(=O)Cc2ccccc2)[C@H](CC(=O)O)C1=O)C(=O)c1nccs1,False,,7.508638306165727,4.3979400086720375,
N=C(N)NCCC[C@H](NC(=O)CN1CCN(S(=O)(=O)Cc2ccccc2)[C@H](CCC(=O)N2CCCCC2)C1=O)C(=O)c1nccs1,False,,8.397940008672037,5.522878745280337,
N=C(N)NCCC[C@H](NC(=O)CN1CCN(S(=O)(=O)Cc2ccccc2)[C@H](CCC(=O)O)C1=O)C(=O)c1nccs1,False,,8.397940008672037,5.301029995663981,
N=C(N)NCCC[C@H](NC(=O)CN1CCN(S(=O)(=O)Cc2ccccc2)[C@H](CCCNC(=N)N)C1=O)C(=O)c1nccs1,False,,7.886056647693163,5.522878745280337,
N=C(N)NCCC[C@H](NC(=O)CN1CCN(S(=O)(=O)Cc2ccccc2)[C@H](CO)C1=O)C(=O)c1nccs1,False,,8.221848749616356,5.698970004336019,
N=C(N)NCCC[C@H](NC(=O)CN1CCN(S(=O)(=O)Cc2ccccc2)[C@H](Cc2ccccc2)C1=O)C(=O)c1nccs1,False,,8.137452739459265,5.995699914119041,
N=C(N)NCCC[C@H](NC(=O)CN1CCN(S(=O)(=O)c2ccc(Cl)cc2)CC1=O)C(=O)c1nccs1,False,,8.698970004336019,6.0,
N=C(N)NCCC[C@H](NC(=O)CN1CCN(S(=O)(=O)c2ccccc2)CC1=O)C(=O)c1nccs1,False,,8.096910013008056,6.376750709602099,
N=C(N)NCCC[C@H](NC(=O)CN1CCN[C@@H](CCCNC(=N)N)C1=O)C(=O)c1nccs1,False,,7.828788659588897,4.372363747448347,
N=C(N)NCCC[C@H](NC(=O)CN1CCN[C@@H](Cc2ccccc2)C1=O)C(=O)c1nccs1,False,,6.051587034221399,5.698970004336019,
N=C(N)NCCC[C@H](NC(=O)CN1CCN[C@H](CCCNC(=N)N)C1=O)C(=O)c1nccs1,False,,7.6777807052660805,3.6989700043360187,
N=C(N)NCCC[C@H](NC(=O)CN1CCN[C@H](Cc2ccccc2)C1=O)C(=O)c1nccs1,False,,5.301029995663981,4.657577319177793,
N=C(N)NCCC[C@H](NC(=O)CNC(=O)[C@@H](CC1CCCCC1)NS(=O)(=O)Cc1ccccc1)C(=O)c1nccs1,False,,9.221848749616356,7.3979400086720375,
N=C(N)NCCC[C@H](NC(=O)CNC(=O)[C@@H](CCCNC(=N)N)NS(=O)(=O)CCc1ccccc1)C(=O)c1nc2ccccc2o1,False,,8.698970004336019,,
N=C(N)NCCC[C@H](NC(=O)CNC(=O)[C@@H](CCCNC(=N)N)NS(=O)(=O)CCc1ccccc1)C(=O)c1nc2ccccc2s1,False,,8.698970004336019,,
N=C(N)NCCC[C@H](NC(=O)CNC(=O)[C@@H](CCCNC(=N)N)NS(=O)(=O)CCc1ccccc1)C(=O)c1nccs1,False,,9.0,,
N=C(N)NCCC[C@H](NC(=O)CNC(=O)[C@@H](CCCNC(=N)N)NS(=O)(=O)Cc1ccccc1)C(=O)c1nccs1,False,7.301029995663981,9.55395269865476,,
N=C(N)NCCC[C@H](NC(=O)CNC(=O)[C@@H](Cc1c[nH]c2ccccc12)NS(=O)(=O)Cc1ccccc1)C(=O)c1nccs1,False,,8.698970004336019,,
N=C(N)NCCC[C@H](NC(=O)CNC(=O)[C@@H](Cc1ccccc1)NS(=O)(=O)Cc1ccccc1)C(=O)c1nccs1,False,,8.698970004336019,,
N=C(N)NCCC[C@H](NC(=O)Cn1c(-c2ccccc2)c(Cl)nc(NCCc2ccccc2)c1=O)C(=O)c1nccs1,False,,5.85078088734462,7.3979400086720375,
N=C(N)NCCC[C@H](NC(=O)Cn1c(Cc2ccccc2)c(Cl)nc(NCCc2ccccc2)c1=O)C(=O)c1nccs1,False,,5.5376020021010435,6.958607314841775,
N=C(N)NCCC[C@H](NC(=O)Cn1cccc(NS(=O)(=O)Cc2ccccc2)c1=O)C(=O)c1nccs1,False,,8.522878745280337,8.096910013008056,
N=C(N)NCCC[C@H](NC(=O)[C@@H](CC1CCCCC1)NCC(=O)O)C(=O)NCc1ccc(C(=N)N)cc1,False,,,5.886056647693163,
N=C(N)NCCC[C@H](NC(=O)[C@@H](CC1CCCCC1)NCCC(=O)O)C(=O)NCc1ccc(C(=N)N)cc1,False,,,5.2839966563652006,
N=C(N)NCCC[C@H](NC(=O)[C@@H]1CCC2CC[C@@](N)(Cc3ccccc3)CN21)C(=O)c1nc2ccccc2s1,False,,7.714442690992226,,
N=C(N)NCCC[C@H](NC(=O)[C@@H]1CCCN1C(=O)CCCc1ccccc1)C(=O)c1nccs1,False,,,5.698970004336019,
N=C(N)NCCC[C@H](NC(=O)[C@@H]1CCCN1C(=O)[C@H](CO)NS(=O)(=O)c1cccc2ccccc12)C(=O)c1nc2ccccc2s1,False,,,6.958607314841775,
N=C(N)NCCC[C@H](NC(=O)[C@@H]1CCCN1C(=O)[C@H](N)Cc1ccccc1)C(=O)CCl,False,,,8.823908740944319,
N=C(N)NCCC[C@H](NC(=O)[C@@H]1CCN2CC[C@@](N)(Cc3ccccc3)CN12)C(=O)c1nc2ccccc2s1,False,,6.568636235841013,,
N=C(N)NCCC[C@H](NC(=O)[C@@H]1CC[C@H]2CN(C(=O)CCc3ccccc3)CC(=O)N21)C(=O)c1ccccn1,False,,,6.468521082957745,
N=C(N)NCCC[C@H](NC(=O)[C@@H]1CC[C@H]2CN(C(=O)CCc3ccccc3)CC(=O)N21)C(=O)c1nc2c(s1)CCC2,False,,,7.7447274948966935,
N=C(N)NCCC[C@H](NC(=O)[C@@H]1CC[C@H]2CN(C(=O)CCc3ccccc3)CC(=O)N21)C(=O)c1nc2ccccc2s1,False,,,9.0,
N=C(N)NCCC[C@H](NC(=O)[C@@H]1CC[C@H]2CN(C(=O)CCc3ccccc3)CC(=O)N21)C(=O)c1nccs1,False,,,8.301029995663981,
N=C(N)NCCC[C@H](NC(=O)[C@@H]1C[C@@H](OCc2ccccc2)CN1C(=O)CCc1ccccc1)C(=O)CCl,False,,,7.498940737782249,
N=C(N)NCCC[C@H](NC(=O)[C@H](CC(=O)OC1CCCCC1)NC(=O)[C@@H](Cc1ccccc1)NS(=O)(=O)Cc1ccccc1)C(=O)c1nccs1,False,,5.903089986991944,5.30189945437661,
N=C(N)NCCC[C@H](NC(=O)[C@H](CC(N)=O)NC(=O)[C@@H](Cc1ccccc1)NS(=O)(=O)Cc1ccccc1)C(=O)c1nccs1,False,,5.6777807052660805,4.221848749616356,
N=C(N)NCCC[C@H](NC(=O)[C@H](CC1CC1)NC(=O)[C@@H](Cc1ccccc1)NS(=O)(=O)Cc1ccccc1)C(=O)c1nccs1,False,,5.673664139071248,5.036212172654444,
N=C(N)NCCC[C@H](NC(=O)[C@H](CC1CCCCC1)NC(=O)OC1(c2ccccc2)CCNCC1)C(=O)c1nc2ccccc2s1.O=C(O)C(F)(F)F,False,,5.045757490560675,4.698970004336019,
N=C(N)NCCC[C@H](NC(=O)[C@H](CC1CCCCC1)NC(=O)[C@@H](Cc1ccccc1)NS(=O)(=O)Cc1ccccc1)C(=O)c1nccs1,False,,5.568636235841013,4.616184634019569,
N=C(N)NCCC[C@H](NC(=O)[C@H](CCc1ccccc1)NC(=O)[C@@H](Cc1ccccc1)NS(=O)(=O)Cc1ccccc1)C(=O)c1nccs1,False,,6.267606240177032,4.982966660701219,
N=C(N)NCCC[C@H](NC(=O)[C@H](CO)NC(=O)[C@@H](Cc1ccccc1)NS(=O)(=O)Cc1ccccc1)C(=O)c1nccs1,False,,6.619788758288394,7.3979400086720375,
N=C(N)NCCC[C@H](NC(=O)[C@H](COCc1ccccc1)NC(=O)[C@@H](Cc1ccccc1)NS(=O)(=O)Cc1ccccc1)C(=O)c1nccs1,False,,6.508638306165727,5.004803708402821,
N=C(N)NCCC[C@H](NC(=O)[C@H](Cc1cc(F)c(F)c(F)c1)NC(=O)[C@@H](Cc1ccccc1)NS(=O)(=O)Cc1ccccc1)C(=O)c1nccs1,False,,6.6020599913279625,,
N=C(N)NCCC[C@H](NC(=O)[C@H](Cc1cc(F)cc(F)c1)NC(=O)[C@@H](Cc1ccccc1)NS(=O)(=O)Cc1ccccc1)C(=O)c1nccs1,False,,6.7447274948966935,5.166215625343521,
N=C(N)NCCC[C@H](NC(=O)[C@H](Cc1ccc(-c2ccccc2)cc1)NC(=O)[C@@H](Cc1ccccc1)NS(=O)(=O)Cc1ccccc1)C(=O)c1nccs1,False,,5.503070351926785,4.950781977329818,
N=C(N)NCCC[C@H](NC(=O)[C@H](Cc1ccc(Br)cc1)NC(=O)[C@@H](Cc1ccccc1)NS(=O)(=O)Cc1ccccc1)C(=O)c1nccs1,False,,6.42021640338319,5.496209316942819,
N=C(N)NCCC[C@H](NC(=O)[C@H](Cc1ccc(Cl)cc1)NC(=O)[C@@H](Cc1ccccc1)NS(=O)(=O)Cc1ccccc1)C(=O)c1nccs1,False,,6.214670164989233,5.465973893943865,
N=C(N)NCCC[C@H](NC(=O)[C@H](Cc1ccc(F)c(F)c1)NC(=O)Nc1ccc2c(CN3CCCC3)cn(Cc3c(Cl)cccc3Cl)c2c1)C(=O)NCc1ccccc1,False,,,6.2441251443275085,
N=C(N)NCCC[C@H](NC(=O)[C@H](Cc1ccc(F)c(F)c1)NC(=O)Nc1ccc2c(CN3CCCC3)cn(Cc3c(Cl)cccc3Cl)c2c1)C(=O)NCc1ccncc1,False,,,5.97469413473523,
N=C(N)NCCC[C@H](NC(=O)[C@H](Cc1ccc(F)c(F)c1)NC(=O)[C@@H](Cc1ccccc1)NS(=O)(=O)Cc1ccccc1)C(=O)c1nccs1,False,,6.6777807052660805,4.950781977329818,
N=C(N)NCCC[C@H](NC(=O)[C@H](Cc1ccc(F)cc1)NC(=O)[C@@H](Cc1ccccc1)NS(=O)(=O)Cc1ccccc1)C(=O)c1nccs1,False,,6.732828271596986,5.501689446210399,
N=C(N)NCCC[C@H](NC(=O)[C@H](Cc1ccc(I)cc1)NC(=O)[C@@H](Cc1ccccc1)NS(=O)(=O)Cc1ccccc1)C(=O)c1nccs1,False,,6.301029995663981,5.200659450546418,
N=C(N)NCCC[C@H](NC(=O)[C@H](Cc1ccc([N+](=O)[O-])cc1)NC(=O)[C@@H](Cc1ccccc1)NS(=O)(=O)Cc1ccccc1)C(=O)c1nccs1,False,,5.661543506395395,4.522878745280337,
N=C(N)NCCC[C@H](NC(=O)[C@H](Cc1ccc2ccccc2c1)NC(=O)[C@@H](Cc1ccccc1)NS(=O)(=O)Cc1ccccc1)C(=O)c1nccs1,False,,6.113509274827518,5.619788758288394,
N=C(N)NCCC[C@H](NC(=O)[C@H](Cc1cccc(-c2ccccc2)c1)NC(=O)[C@@H](Cc1ccccc1)NS(=O)(=O)Cc1ccccc1)C(=O)c1nccs1,False,,5.97061622231479,5.774690718274137,
N=C(N)NCCC[C@H](NC(=O)[C@H](Cc1cccc(C(F)(F)F)c1)NC(=O)[C@@H](Cc1ccccc1)NS(=O)(=O)Cc1ccccc1)C(=O)c1nccs1,False,,6.0,4.071092309756048,
N=C(N)NCCC[C@H](NC(=O)[C@H](Cc1cccc(Cl)c1)NC(=O)[C@@H](Cc1ccccc1)NS(=O)(=O)Cc1ccccc1)C(=O)c1nccs1,False,,6.568636235841013,4.835647144215563,
N=C(N)NCCC[C@H](NC(=O)[C@H](Cc1cccc(F)c1)NC(=O)[C@@H](Cc1ccccc1)NS(=O)(=O)Cc1ccccc1)C(=O)c1nccs1,False,,6.6020599913279625,4.823908740944319,
N=C(N)NCCC[C@H](NC(=O)[C@H](Cc1cccc2ccccc12)NC(=O)[C@@H](Cc1ccccc1)NS(=O)(=O)Cc1ccccc1)C(=O)c1nccs1,False,,5.7447274948966935,4.522878745280337,
N=C(N)NCCC[C@H](NC(=O)[C@H](Cc1ccccc1)NC(=O)Nc1ccc2c(CN3CCCC3)cn(Cc3ccc(F)cc3)c2c1)C(=O)NCc1ccccc1,False,,,4.876148359032914,
N=C(N)NCCC[C@H](NC(=O)[C@H](Cc1ccccc1)NC(=O)[C@@H](Cc1ccccc1)NS(=O)(=O)Cc1ccccc1)C(=O)c1nccs1,False,,7.568636235841013,5.3979400086720375,
N=C(N)NCCC[C@H](NC(=O)[C@H](Cc1ccccc1)NC(=O)[C@H]1CCCN1)C(=O)CCl,False,6.7447274948966935,5.721246399047171,5.6020599913279625,
N=C(N)NCCC[C@H](NC(=O)[C@H](Cc1ccccc1F)NC(=O)[C@@H](Cc1ccccc1)NS(=O)(=O)Cc1ccccc1)C(=O)c1nccs1,False,,6.6777807052660805,4.522878745280337,
N=C(N)NCCC[C@H](NC(=O)[C@H](Cc1cccnc1)NC(=O)[C@@H](Cc1ccccc1)NS(=O)(=O)Cc1ccccc1)C(=O)c1nccs1,False,,6.5376020021010435,4.0,
N=C(N)NCCC[C@H](NC(=O)[C@H](Cc1cccnc1)NC(=O)[C@H](Cc1ccccc1)NS(=O)(=O)c1ccccc1)C(=O)c1nccs1,False,,,4.0,
N=C(N)NCCC[C@H](NC(=O)[C@H](Cc1cn(Cc2ccccc2)cn1)NC(=O)[C@@H](Cc1ccccc1)NS(=O)(=O)Cc1ccccc1)C(=O)c1nccs1,False,,5.619788758288394,5.0034883278458215,
N=C(N)NCCC[C@H](NC(=O)[C@H](Cc1csc2ccccc12)NC(=O)[C@@H](Cc1ccccc1)NS(=O)(=O)Cc1ccccc1)C(=O)c1nccs1,False,,6.823908740944319,4.8124792791635365,
N=C(N)NCCC[C@H](NC(=O)[C@H](N)C1CCCCC1)C(=O)NCc1ccc(C(=N)N)cc1,False,,,5.721246399047171,
N=C(N)NCCOC(=O)c1cc2cc(CCl)ccc2oc1=O,True,,,3.9706162223147903,
N=C(N)NCc1ccc(B(O)O)cc1.O=C(O)C(F)(F)F,False,,3.6989700043360187,3.835647144215563,
N=C(N)NCc1ccc(C(=O)Nc2ccc(Cl)cc2C(=O)Nc2ccc(Cl)cn2)cc1,False,,8.853871964321762,4.958607314841775,
N=C(N)NCc1cccc(-c2ccc(C(=O)Nc3ccc(Cl)cc3C(=O)Nc3ccc(Cl)cn3)cc2)c1,False,,8.022276394711152,,
N=C(N)NCc1ccccc1-c1ccc(C(=O)Nc2ccc(Cl)cc2C(=O)Nc2ccc(Cl)cn2)cc1,False,,8.920818753952375,,
N=C(N)Nc1ccc(C(=O)Oc2ccc(CN)cc2)cc1,False,,,6.275724130399211,
N=C(N)Nc1ccc(C(=O)Oc2ccc(N)cc2)cc1,False,,,6.096910013008056,
N=C(N)Nc1ccc(C(=O)Oc2ccc3cc(C(=N)N)ccc3c2)cc1,False,,4.675717544702307,6.129424200574107,
N=C(N)Nc1ccc(C(NC(=O)OCc2ccccc2)P(=O)(Oc2ccccc2)Oc2ccccc2)cc1,False,,5.443697499232712,3.6020599913279625,
N=C(N)Nc1ccc(CC(NC(=O)OCc2ccccc2)P(=O)(Oc2ccccc2)Oc2ccccc2)cc1,False,,4.5,5.619788758288394,
N=C(N)Nc1ccc(CC(NC(=O)c2ccccc2)P(=O)(Oc2ccccc2)Oc2ccccc2)cc1,False,,3.6020599913279625,,
N=C(N)Nc1ccc(CC(NS(=O)(=O)Cc2ccccc2)P(=O)(Oc2ccccc2)Oc2ccccc2)cc1,False,,,4.924453038607469,
N=C(N)Nc1ccc(CC(NS(=O)(=O)c2cccc3ccccc23)P(=O)(Oc2ccccc2)Oc2ccccc2)cc1,False,,4.568636235841013,5.0915149811213505,
N=C(N)Nc1ccc(CCP(=O)(Oc2ccccc2)Oc2ccccc2)cc1,False,,5.0,5.0,
N=C(N)Nc1ccc(CNc2cnc3cc(C(=O)NCCO)ccn23)cc1,False,,4.287518662198082,,
N=C(N)Nc1ccc(CP(=O)(Oc2ccccc2)Oc2ccccc2)cc1,False,,5.0,5.0,
N=C(N)Nc1ccc(NC(=O)c2cc3cc(Cl)cc(Br)c3oc2=O)cc1,True,3.9913998282380825,,,
N=C(N)Nc1ccc(OC(=O)c2cc3cc(CCl)ccc3oc2=O)cc1,True,5.221848749616356,,3.8210230527068303,
N=C(N)Nc1ccc(OC(=O)c2ccc(N)cc2)cc1,False,,,4.7544873321858505,
N=C(N)Nc1ccc(OC(=O)c2ccc(NC(=N)N)cc2)cc1,False,,,5.38933983691012,
N=C(N)Nc1cccc(OC(=O)c2cc3cc(CCl)ccc3oc2=O)c1,True,,,3.5228787452803374,
N=C(N)Nc1ccccc1,False,1.7721132953863263,,,
N=C(N)c1c(F)c(F)c(CNC(=O)Cn2c(-c3cccc(N)c3)c(Cl)nc(NC3CCC3)c2=O)c(F)c1F,False,,4.522878745280337,4.0,
N=C(N)c1c(O)c(F)c(CNC(=O)Cn2c(-c3cccc(N)c3)c(Cl)nc(NC3CCC3)c2=O)c(F)c1F,False,,4.0,4.0,
N=C(N)c1cc(/C=C\C(=O)Nc2ccc(-c3ccccc3S(N)(=O)=O)cc2)ccc1F,False,,7.00436480540245,,
N=C(N)c1cc(CNC(=O)[C@@H]2C=CCN2C(=O)[C@@H](CC2CCCCC2)NCC(=O)O)cs1,False,,,8.193820026016112,
N=C(N)c1cc(CNC(=O)[C@@H]2C=CCN2C(=O)[C@@H](CC2CCCCC2)NCC(=O)O)on1,False,,,7.4698003017969175,
N=C(N)c1cc(CNC(=O)[C@@H]2C=CCN2C(=O)[C@@H](CC2CCCCC2)NCC(=O)O)sc1N,False,,,7.241088107602026,
N=C(N)c1ccc(-c2ccc(C(=O)Nc3ccc(Cl)cc3C(=O)Nc3ccc(Cl)cn3)cc2)cc1,False,,7.180456064458132,,
N=C(N)c1ccc(/C=C2/N=C(c3ccccc3)OC2=O)cc1,False,,5.189095719331299,4.12551856937192,
N=C(N)c1ccc(C(=O)N2CCN(S(=O)(=O)c3ccc4cc(Br)ccc4c3)CC2)cc1,False,,7.1938200260161125,,
N=C(N)c1ccc(C(=O)NCCn2c(-c3cccc(N)c3)c(Cl)nc(NC3CCC3)c2=O)cc1,False,,4.522878745280337,4.522878745280337,
N=C(N)c1ccc(C(=O)NC[C@@H]2CCCN2C(=O)[C@H](CO)NS(=O)(=O)c2ccc3ccccc3c2)cc1,False,,,7.886056647693163,
N=C(N)c1ccc(C(=O)Nc2ccccc2C(=O)Nc2ccc(Cl)cn2)cc1,False,,8.397940008672037,5.0,
N=C(N)c1ccc(C(NC(=O)OCc2ccccc2)P(=O)(Oc2ccccc2)Oc2ccccc2)cc1,False,,5.411954370472159,6.624175720442146,
N=C(N)c1ccc(CC(NC(=O)CNS(=O)(=O)c2ccc3ccccc3c2)C(=O)N2CCCCC2)cc1,False,,,6.161150909262744,
N=C(N)c1ccc(CC(NC(=O)OCc2ccccc2)P(=O)(Oc2ccccc2)Oc2ccccc2)cc1,False,,,4.698970004336019,
N=C(N)c1ccc(CC2NCCn3c2nc2cc(C(=O)N(CCC(=O)O)c4ccccc4)ccc23)cc1,False,,,8.126098402135538,
N=C(N)c1ccc(CC2NCCn3c2nc2cc(C(=O)N(CCC(=O)O)c4ccccn4)ccc23)cc1,False,,,8.036212172654444,
N=C(N)c1ccc(CC2NCCn3c2nc2cc(C4(C(=O)N5CCCC5)CC4)ccc23)cc1,False,,,6.291579099865287,
N=C(N)c1ccc(CC2NCCn3c2nc2cc(C4(C(=O)N5CCCC5)CCC4)ccc23)cc1,False,,,6.350665141287858,
N=C(N)c1ccc(CC2NCCn3c2nc2cc(C4(C(=O)N5CCCC5)CCCC4)ccc23)cc1,False,,,7.08196966321512,
N=C(N)c1ccc(CC2NCCn3c2nc2cc(C4(C(=O)N5CCCCC5)CC4)ccc23)cc1,False,,,6.359518563029578,
N=C(N)c1ccc(CC2NCCn3c2nc2cc(C4(C(=O)N5CCCCC5)CCC4)ccc23)cc1,False,,,6.341035157335565,
N=C(N)c1ccc(CC2NCCn3c2nc2cc(C4(C(=O)N5CCCCC5)CCCC4)ccc23)cc1,False,,,5.988006885340743,
N=C(N)c1ccc(CCC(NC(=O)OCc2ccccc2)P(=O)(Oc2ccccc2)Oc2ccccc2)cc1,False,,4.863279432843593,4.769551078621726,
N=C(N)c1ccc(CCNC(=O)Cn2c(-c3ccccc3)cnc(NCCc3ccccc3)c2=O)cc1,False,,,4.522878745280337,
N=C(N)c1ccc(CN2CCN(S(=O)(=O)c3cc4ccc(Cl)cc4s3)CC2=O)cc1,False,,8.790053868726739,,
N=C(N)c1ccc(CNC(=O)C(CC2CCNCC2)NC(=O)[C@@H](CC2CCCCC2)NCC(=O)O)cc1,False,,,4.920818753952375,
N=C(N)c1ccc(CNC(=O)C(CCC2CCNCC2)NC(=O)[C@@H](CC2CCCCC2)NCC(=O)O)cc1,False,,3.886056647693163,4.657577319177793,
N=C(N)c1ccc(CNC(=O)C(CCC2CCNCC2)NC(=O)[C@@H](NCC(=O)O)C2CCCCC2)cc1,False,,,4.356547323513812,
N=C(N)c1ccc(CNC(=O)C(CCC2CCNCC2)NC(=O)[C@H](N)CC2CCCCC2)cc1,False,,,4.552841968657781,
N=C(N)c1ccc(CNC(=O)C(Cc2ccc(CN)cc2)NC(=O)[C@@H](CC2CCCCC2)NCC(=O)O)cc1,False,,4.376750709602099,5.431798275933005,
N=C(N)c1ccc(CNC(=O)C2(NC(=O)C3(NCC(=O)O)CCCC3)Cc3ccccc3C2)cc1,False,,,5.356547323513812,
N=C(N)c1ccc(CNC(=O)C2(NC(=O)CNCC(=O)O)Cc3ccccc3C2)cc1,False,,,4.0,
N=C(N)c1ccc(CNC(=O)C2(NC(=O)[C@@H](CC3CCCCC3)NCC(=O)O)CC2)cn1,False,,,5.388276691992658,
N=C(N)c1ccc(CNC(=O)C2(NC(=O)[C@@H](CC3CCCCC3)NCC(=O)O)CCCC2)cn1,False,,,7.325138859262188,
N=C(N)c1ccc(CNC(=O)C2(NC(=O)[C@@H](CC3CCCCC3)NCC(=O)O)CCCCC2)cn1,False,,,6.987162775294828,
N=C(N)c1ccc(CNC(=O)C2(NC(=O)[C@@H](CC3CCCCC3)NCC(=O)O)Cc3ccccc3C2)cc1,False,,,5.903089986991944,
N=C(N)c1ccc(CNC(=O)C2(NC(=O)[C@@H](Cc3ccccc3)NCC(=O)O)Cc3ccccc3C2)cc1,False,,,4.997833938243493,
N=C(N)c1ccc(CNC(=O)C2(NC(=O)[C@@H](NCC(=O)O)C3CCCCC3)Cc3ccccc3C2)cc1,False,,,4.481486060122112,
N=C(N)c1ccc(CNC(=O)C2(NC(=O)[C@H](NCC(=O)O)C3CCCCC3)Cc3ccccc3C2)cc1,False,,4.318758762624412,4.385799820648497,
N=C(N)c1ccc(CNC(=O)C2=C(C(=O)N3CCc4ccccc43)CCC2)cc1,False,,,3.886056647693163,
N=C(N)c1ccc(CNC(=O)C2=C(C(=O)NC3CCCCC3)CCC2)cc1,False,,,4.721246399047171,
N=C(N)c1ccc(CNC(=O)C2=C(C(=O)NCCc3ccccc3)CCC2)cc1,False,,,4.236572006437063,
N=C(N)c1ccc(CNC(=O)C2=CCCC2C(=O)N2CCc3ccccc32)cc1,False,,,4.657577319177793,
N=C(N)c1ccc(CNC(=O)C2CCC=C2C(=O)N2CCCCC2)cc1,False,,,5.221848749616356,
N=C(N)c1ccc(CNC(=O)C2CCC=C2C(=O)N2CCc3ccccc32)cc1,False,,,5.337242168318426,
N=C(N)c1ccc(CNC(=O)C2CCC=C2C(=O)NCc2ccccc2)cc1,False,,,4.950781977329818,
N=C(N)c1ccc(CNC(=O)C2CCC=C2C(=O)Nc2ccccc2)cc1,False,,,5.309803919971486,
N=C(N)c1ccc(CNC(=O)C2CCCC=C2C(=O)N2CCCCC2)cc1,False,,,4.42021640338319,
N=C(N)c1ccc(CNC(=O)C2CCCC=C2C(=O)NC2CCCCC2)cc1,False,,,3.886056647693163,
N=C(N)c1ccc(CNC(=O)C2CCCC=C2C(=O)NCc2ccccc2)cc1,False,,,3.962573502059376,
N=C(N)c1ccc(CNC(=O)C2CCCC=C2C(=O)Nc2ccccc2)cc1,False,,,3.886056647693163,
N=C(N)c1ccc(CNC(=O)CC2OCCN(N(Cc3ccccc3)Cc3ccccc3)C2=O)cc1,False,,,4.703334809738469,
N=C(N)c1ccc(CNC(=O)CC2OCCN(NS(=O)(=O)c3ccc(F)cc3F)C2=O)cc1,False,,,5.089375595110798,
N=C(N)c1ccc(CNC(=O)CC2OCCN(NS(=O)(=O)c3ccc4c(c3)CCO4)C2=O)cc1,False,,,6.313363730737707,
N=C(N)c1ccc(CNC(=O)CC2OCCN(Nc3ccc(-c4ccccc4)cc3)C2=O)cc1,False,,,5.311580177997289,
N=C(N)c1ccc(CNC(=O)CC2OCCN(Nc3cccc(N)c3)C2=O)cc1,False,,,4.494850021680094,
N=C(N)c1ccc(CNC(=O)CC2OCCN(Nc3ccccc3)C2=O)cc1,False,,,4.46344155742847,
N=C(N)c1ccc(CNC(=O)CCN2C(=O)[C@@H](NC(=O)CCC(=O)O)CSc3ccccc32)cc1.O=C(O)C(F)(F)F,False,,,4.481486060122112,
N=C(N)c1ccc(CNC(=O)CCN2C(=O)[C@@H](NCC(=O)O)CSc3ccccc32)cc1.O=C(O)C(F)(F)F,False,,,4.481486060122112,
N=C(N)c1ccc(CNC(=O)CN2C(=O)[C@@H](N)CSc3ccccc32)cc1.O=C(O)C(F)(F)F,False,,,4.060480747381382,
N=C(N)c1ccc(CNC(=O)CN2C(=O)[C@@H](NC(=O)CCC(=O)O)CSc3ccccc32)cc1.O=C(O)C(F)(F)F,False,,,3.5228787452803374,
N=C(N)c1ccc(CNC(=O)CN2C(=O)[C@@H](NS(=O)(=O)Cc3ccccc3)CSc3ccccc32)cc1.O=C(O)C(F)(F)F,False,,5.484126156288321,5.375278519278709,
N=C(N)c1ccc(CNC(=O)CN2C(=O)[C@H](NS(=O)(=O)Cc3ccccc3)CSc3cc(CN)ccc32)cc1.O=C(O)C(F)(F)F,False,,6.096910013008056,5.0,
N=C(N)c1ccc(CNC(=O)CN2C(=O)[C@H](NS(=O)(=O)Cc3ccccc3)CSc3cc(N)ccc32)cc1.O=C(O)C(F)(F)F,False,,5.787812395596042,5.151810883008602,
N=C(N)c1ccc(CNC(=O)CN2C(=O)[C@H](NS(=O)(=O)Cc3ccccc3)CSc3ccc(-c4cccc(N)c4)cc32)cc1.O=C(O)C(F)(F)F,False,,5.490797477668897,5.0,
N=C(N)c1ccc(CNC(=O)CN2C(=O)[C@H](NS(=O)(=O)Cc3ccccc3)CSc3ccc(-c4cccc([N+](=O)[O-])c4)cc32)cc1.O=C(O)C(F)(F)F,False,,5.55129368009492,6.102372908709558,
N=C(N)c1ccc(CNC(=O)CN2C(=O)[C@H](NS(=O)(=O)Cc3ccccc3)CSc3ccc(CC(=O)O)cc32)cc1.O=C(O)C(F)(F)F,False,,6.6777807052660805,4.481486060122112,
N=C(N)c1ccc(CNC(=O)CN2C(=O)[C@H](NS(=O)(=O)Cc3ccccc3)CSc3ccc(CC(N)C(=O)O)cc32)cc1.O=C(O)C(F)(F)F,False,,5.978810700930062,4.481486060122112,
N=C(N)c1ccc(CNC(=O)CN2C(=O)[C@H](NS(=O)(=O)Cc3ccccc3)CSc3ccc(CCC(=O)O)cc32)cc1.O=C(O)C(F)(F)F,False,,5.692503962086787,4.481486060122112,
N=C(N)c1ccc(CNC(=O)CN2C(=O)[C@H](NS(=O)(=O)Cc3ccccc3)CSc3ccc(CCN)cc32)cc1.O=C(O)C(F)(F)F,False,,5.554395796726403,5.205511953340831,
N=C(N)c1ccc(CNC(=O)CN2C(=O)[C@H](NS(=O)(=O)Cc3ccccc3)CSc3ccc(CN)cc32)cc1.O=C(O)C(F)(F)F,False,,5.764471553092451,5.0,
N=C(N)c1ccc(CNC(=O)CN2C(=O)[C@H](NS(=O)(=O)Cc3ccccc3)CSc3ccc(N)cc32)cc1.O=C(O)C(F)(F)F,False,,5.818156412055227,5.723538195826756,
N=C(N)c1ccc(CNC(=O)C[C@@H]2OCCN(NCCCc3ccccc3)C2=O)cc1,False,,,5.324221658325915,
N=C(N)c1ccc(CNC(=O)C[C@@H]2OCCN(NCCc3ccccc3)C2=O)cc1,False,,,5.747146969020107,
N=C(N)c1ccc(CNC(=O)C[C@@H]2OCCN(NCc3ccccc3)C2=O)cc1,False,,,4.97469413473523,
N=C(N)c1ccc(CNC(=O)C[C@@H]2OCCN(NS(=O)(=O)Cc3ccccc3)C2=O)cc1,False,,,5.0385789059335515,
N=C(N)c1ccc(CNC(=O)C[C@@H]2OCCN(NS(=O)(=O)c3ccccc3)C2=O)cc1,False,,,5.539102157243452,
N=C(N)c1ccc(CNC(=O)C[C@H]2OCCN(N(CCCc3ccccc3)CCCc3ccccc3)C2=O)cc1,False,,,4.441291429466834,
N=C(N)c1ccc(CNC(=O)C[C@H]2OCCN(NC(=O)c3ccc(N)cc3)C2=O)cc1,False,,,3.8239087409443187,
N=C(N)c1ccc(CNC(=O)C[C@H]2OCCN(NC(=O)c3ccccc3)C2=O)cc1,False,,,3.9746941347352296,
N=C(N)c1ccc(CNC(=O)C[C@H]2OCCN(NCC(=O)c3ccccc3)C2=O)cc1,False,,,3.876148359032914,
N=C(N)c1ccc(CNC(=O)C[C@H]2OCCN(NCCCc3ccccc3)C2=O)cc1,False,,,4.342944147142896,
N=C(N)c1ccc(CNC(=O)C[C@H]2OCCN(NCCc3ccccc3)C2=O)cc1,False,,,4.448550002027125,
N=C(N)c1ccc(CNC(=O)C[C@H]2OCCN(NCc3ccccc3)C2=O)cc1,False,,,4.866461091629782,
N=C(N)c1ccc(CNC(=O)C[C@H]2OCCN(NS(=O)(=O)Cc3ccccc3)C2=O)cc1,False,,,4.434152181326482,
N=C(N)c1ccc(CNC(=O)C[C@H]2OCCN(NS(=O)(=O)c3ccccc3)C2=O)cc1,False,,,4.423658649794207,
N=C(N)c1ccc(CNC(=O)Cc2c(-c3cccc(N)c3)ccc(NCc3ccccc3)c2F)cc1,False,,4.522878745280337,,
N=C(N)c1ccc(CNC(=O)Cc2c(-c3ccccc3)ccc(NCCc3ccccc3)c2F)cc1,False,,4.522878745280337,,
N=C(N)c1ccc(CNC(=O)Cc2c(-c3ccccc3)ccc(NCCc3ccccc3)c2O)cc1,False,,4.522878745280337,,
N=C(N)c1ccc(CNC(=O)Cc2c(F)ccc(NCCc3ccccc3)c2F)cc1,False,,4.522878745280337,,
N=C(N)c1ccc(CNC(=O)Cc2c(F)ccc(NS(=O)(=O)Cc3ccccc3)c2F)cc1,False,,4.522878745280337,,
N=C(N)c1ccc(CNC(=O)Cn2c(-c3cc(N)cc(C(=O)O)c3)c(Cl)nc(NC3CCC3)c2=O)cc1,False,,,5.096910013008056,
N=C(N)c1ccc(CNC(=O)Cn2c(-c3cc(N)cc(C(=O)O)c3)c(Cl)nc(NCCCO)c2=O)cc1,False,,,4.522878745280337,
N=C(N)c1ccc(CNC(=O)Cn2c(-c3ccc(-c4ccccc4)cc3)c(Cl)nc(NCCc3ccccc3)c2=O)cc1,False,,,4.522878745280337,
N=C(N)c1ccc(CNC(=O)Cn2c(-c3ccc(C(F)(F)F)cc3)c(Cl)nc(NCCc3ccccc3)c2=O)cc1,False,,,5.200659450546418,
N=C(N)c1ccc(CNC(=O)Cn2c(-c3ccc(Cl)cc3)c(Cl)nc(NCCc3ccccc3)c2=O)cc1,False,,,6.698970004336019,
N=C(N)c1ccc(CNC(=O)Cn2c(-c3ccc(F)cc3)c(Cl)nc(NCCc3ccccc3)c2=O)cc1,False,,,7.0,
N=C(N)c1ccc(CNC(=O)Cn2c(-c3cccc(Br)c3)c(Cl)nc(NC3CCC3)c2=O)cc1,False,,,4.522878745280337,
N=C(N)c1ccc(CNC(=O)Cn2c(-c3cccc(C(F)(F)F)c3)c(Cl)nc(NCCc3ccccc3)c2=O)cc1,False,,,5.455931955649724,
N=C(N)c1ccc(CNC(=O)Cn2c(-c3cccc(Cl)c3)c(Cl)nc(NCCc3ccccc3)c2=O)cc1,False,,,6.142667503568731,
N=C(N)c1ccc(CNC(=O)Cn2c(-c3cccc(F)c3)c(Cl)nc(NCCc3ccccc3)c2=O)cc1,False,,,5.958607314841775,
N=C(N)c1ccc(CNC(=O)Cn2c(-c3cccc(N)c3)c(Cl)nc(NC3CCC3)c2=O)c(C(F)(F)F)c1,False,,4.522878745280337,4.522878745280337,
N=C(N)c1ccc(CNC(=O)Cn2c(-c3cccc(N)c3)c(Cl)nc(NC3CCC3)c2=O)c(F)c1,False,,7.301029995663981,4.892790030352131,
N=C(N)c1ccc(CNC(=O)Cn2c(-c3cccc(N)c3)c(Cl)nc(NC3CCC3)c2=O)cc1,False,,4.0,5.096910013008056,
N=C(N)c1ccc(CNC(=O)Cn2c(-c3cccc(N)c3)c(Cl)nc(NC3CCC3)c2=O)cc1F,False,,4.522878745280337,4.522878745280337,
N=C(N)c1ccc(CNC(=O)Cn2c(-c3cccc(N)c3)c(Cl)nc(NC3CCC3)c2=O)cc1O,False,,4.0,4.0,
N=C(N)c1ccc(CNC(=O)Cn2c(-c3cccc(N)c3)c(Cl)nc(NCCc3ccccc3)c2=O)cc1,False,,,6.045757490560675,
N=C(N)c1ccc(CNC(=O)Cn2c(-c3cccc(NC(=O)C(F)(F)F)c3)c(Cl)nc(NCCc3ccccc3)c2=O)cc1,False,,,5.698970004336019,
N=C(N)c1ccc(CNC(=O)Cn2c(-c3cccc(O)c3)c(Cl)nc(NC3CCC3)c2=O)cc1,False,,,5.371611069949688,
N=C(N)c1ccc(CNC(=O)Cn2c(-c3cccc([N+](=O)[O-])c3)c(Cl)nc(NCCc3ccccc3)c2=O)cc1,False,,,6.008773924307505,
N=C(N)c1ccc(CNC(=O)Cn2c(-c3ccccc3)c(Cl)nc(N3CCC3)c2=O)cc1,False,,,4.522878745280337,
N=C(N)c1ccc(CNC(=O)Cn2c(-c3ccccc3)c(Cl)nc(N3CCCC3)c2=O)cc1,False,,,4.698970004336019,
N=C(N)c1ccc(CNC(=O)Cn2c(-c3ccccc3)c(Cl)nc(NC34C[C@H]5C[C@@H](C3)C[C@@H](C4)C5)c2=O)cc1,False,,,4.522878745280337,
N=C(N)c1ccc(CNC(=O)Cn2c(-c3ccccc3)c(Cl)nc(NC3CCC3)c2=O)cc1,False,,,5.337242168318426,
N=C(N)c1ccc(CNC(=O)Cn2c(-c3ccccc3)c(Cl)nc(NC3CCCCC3)c2=O)cc1,False,,,4.782516055786093,
N=C(N)c1ccc(CNC(=O)Cn2c(-c3ccccc3)c(Cl)nc(NC3CCS(=O)(=O)C3)c2=O)cc1,False,,,5.0,
N=C(N)c1ccc(CNC(=O)Cn2c(-c3ccccc3)c(Cl)nc(NCCCCCCO)c2=O)cc1,False,,,5.0,
N=C(N)c1ccc(CNC(=O)Cn2c(-c3ccccc3)c(Cl)nc(NCCCCN)c2=O)cc1,False,,,4.728158393463501,
N=C(N)c1ccc(CNC(=O)Cn2c(-c3ccccc3)c(Cl)nc(NCCCCO)c2=O)cc1,False,,,5.0,
N=C(N)c1ccc(CNC(=O)Cn2c(-c3ccccc3)c(Cl)nc(NCCCCc3ccccc3)c2=O)cc1,False,,,5.1487416512809245,
N=C(N)c1ccc(CNC(=O)Cn2c(-c3ccccc3)c(Cl)nc(NCCCN)c2=O)cc1,False,,,4.886056647693163,
N=C(N)c1ccc(CNC(=O)Cn2c(-c3ccccc3)c(Cl)nc(NCCCO)c2=O)cc1,False,,,5.0,
N=C(N)c1ccc(CNC(=O)Cn2c(-c3ccccc3)c(Cl)nc(NCCCc3ccccc3)c2=O)cc1,False,,,4.627087997029894,
N=C(N)c1ccc(CNC(=O)Cn2c(-c3ccccc3)c(Cl)nc(NCCN)c2=O)cc1,False,,,4.522878745280337,
N=C(N)c1ccc(CNC(=O)Cn2c(-c3ccccc3)c(Cl)nc(NCCN3CCOCC3)c2=O)cc1,False,,,4.431798275933005,
N=C(N)c1ccc(CNC(=O)Cn2c(-c3ccccc3)c(Cl)nc(NCCO)c2=O)cc1,False,,,4.698970004336019,
N=C(N)c1ccc(CNC(=O)Cn2c(-c3ccccc3)c(Cl)nc(NCCc3ccc(Cl)cc3)c2=O)cc1,False,,,7.3979400086720375,
N=C(N)c1ccc(CNC(=O)Cn2c(-c3ccccc3)c(Cl)nc(NCCc3cccc(C(F)(F)F)c3)c2=O)cc1,False,,,5.356547323513812,
N=C(N)c1ccc(CNC(=O)Cn2c(-c3ccccc3)c(Cl)nc(NCCc3ccccc3)c2=O)cc1,False,,,6.805222925210823,
N=C(N)c1ccc(CNC(=O)Cn2c(-c3ccccc3)c(Cl)nc(NCCc3ccccc3Cl)c2=O)cc1,False,,,7.3979400086720375,
N=C(N)c1ccc(CNC(=O)Cn2c(-c3ccccc3)c(Cl)nc(NCc3cc(F)cc(F)c3)c2=O)cc1,False,,,4.522878745280337,
N=C(N)c1ccc(CNC(=O)Cn2c(-c3ccccc3)c(Cl)nc(NCc3cc(F)ccc3F)c2=O)cc1,False,,,4.522878745280337,
N=C(N)c1ccc(CNC(=O)Cn2c(-c3ccccc3)c(Cl)nc(NCc3ccc(Cl)cc3)c2=O)cc1,False,,,4.522878745280337,
N=C(N)c1ccc(CNC(=O)Cn2c(-c3ccccc3)c(Cl)nc(NCc3cccc(C(F)(F)F)c3)c2=O)cc1,False,,,4.723538195826756,
N=C(N)c1ccc(CNC(=O)Cn2c(-c3ccccc3)c(Cl)nc(NCc3ccccc3)c2=O)cc1,False,,,5.117475462045119,
N=C(N)c1ccc(CNC(=O)Cn2c(-c3ccccc3)c(Cl)nc(Nc3ccccc3)c2=O)cc1,False,,,4.522878745280337,
N=C(N)c1ccc(CNC(=O)Cn2c(-c3ccccc3)c(Cl)nc(SCc3ccccc3)c2=O)cc1,False,,,5.096910013008056,
N=C(N)c1ccc(CNC(=O)Cn2c(-c3ccccc3)cnc(NCCc3ccccc3)c2=O)cc1,False,,,6.522878745280337,
N=C(N)c1ccc(CNC(=O)Cn2c(-c3ccccc3)cnc(NCCc3ccccc3)c2=O)cn1,False,,,6.823908740944319,
N=C(N)c1ccc(CNC(=O)Cn2c(-c3ccccc3)cnc(NCCc3ccccc3)c2=O)nc1,False,,,5.508638306165727,
N=C(N)c1ccc(CNC(=O)Cn2c(-c3ccccc3C(F)(F)F)c(Cl)nc(NCCc3ccccc3)c2=O)cc1,False,,,5.0655015487564325,
N=C(N)c1ccc(CNC(=O)Cn2c(-c3ccccc3Cl)c(Cl)nc(NCCc3ccccc3)c2=O)cc1,False,,,5.6777807052660805,
N=C(N)c1ccc(CNC(=O)Cn2c(-c3ccccc3F)c(Cl)nc(NCCc3ccccc3)c2=O)cc1,False,,,5.920818753952375,
N=C(N)c1ccc(CNC(=O)Cn2c(-c3ccccc3O)c(Cl)nc(NC3CCC3)c2=O)cc1,False,,,4.522878745280337,
N=C(N)c1ccc(CNC(=O)Cn2c(Cc3ccccc3)c(Cl)nc(NCCc3ccccc3)c2=O)cc1,False,,,5.3979400086720375,
N=C(N)c1ccc(CNC(=O)[C@@H](CC2CCCN2)NC(=O)[C@@H](CC2CCCCC2)NCC(=O)O)cc1,False,,,4.356547323513812,
N=C(N)c1ccc(CNC(=O)[C@@H](NC(=O)[C@@H](CC2CCCCC2)NCC(=O)O)C2CCNCC2)cc1,False,,,4.585026652029182,
N=C(N)c1ccc(CNC(=O)[C@@H]2C=CCN2C(=O)[C@@H](CC2CCCCC2)NCC(=O)O)cc1,False,,,8.77212089844793,
N=C(N)c1ccc(CNC(=O)[C@@H]2C=CCN2C(=O)[C@@H](CC2CCCCC2)NCC(=O)O)cn1,False,,5.856985199745905,8.872363747448347,
N=C(N)c1ccc(CNC(=O)[C@@H]2C=CCN2C(=O)[C@@H](CC2CCCCC2)NCC(=O)O)nc1,False,,,7.290730039024169,
N=C(N)c1ccc(CNC(=O)[C@@H]2C=CCN2C(=O)[C@@H](CC2CCCCC2)NCC(=O)O)o1,False,,,7.308918507877031,
N=C(N)c1ccc(CNC(=O)[C@@H]2C=CCN2C(=O)[C@@H](CC2CCCCC2)NCC(=O)O)s1,False,,6.484126156288321,9.004386962153752,
N=C(N)c1ccc(CNC(=O)[C@@H]2C=CCN2C(=O)[C@@H](CC2CCCCC2)NCC(=O)O)s1.O=C(O)C(F)(F)F.O=C(O)C(F)(F)F,False,,,8.443697499232712,
N=C(N)c1ccc(CNC(=O)[C@@H]2CC(F)(F)CN2C(=O)[C@@H](CC2CCCCC2)NCC(=O)O)cn1,False,,,6.5376020021010435,
N=C(N)c1ccc(CNC(=O)[C@@H]2CC=CCN2C(=O)[C@@H](CC2CCCCC2)NCC(=O)O)cn1,False,,,7.147520006363144,
N=C(N)c1ccc(CNC(=O)[C@@H]2CC=NN2C(=O)[C@@H](CC2CCCCC2)NCC(=O)O)cn1,False,,,8.769551078621726,
N=C(N)c1ccc(CNC(=O)[C@@H]2CCC=C2C(=O)N2CCCCC2)cc1,False,,,5.219682687859849,
N=C(N)c1ccc(CNC(=O)[C@@H]2CCC=C2C(=O)NC2CCCCC2)cc1,False,,,5.822465896825575,
N=C(N)c1ccc(CNC(=O)[C@@H]2CCC=C2C(=O)NCC2CCCCC2)cc1,False,,,5.0301183562535,
N=C(N)c1ccc(CNC(=O)[C@@H]2CCCCN2C(=O)[C@@H](CC2CCCCC2)NCC(=O)O)cn1,False,,,7.8297382846050425,
N=C(N)c1ccc(CNC(=O)[C@@H]2CCCN2C(=O)[C@@H](CC2CCCCC2)NCC(=O)O)cc1,False,,,8.568636235841012,
N=C(N)c1ccc(CNC(=O)[C@@H]2CCCN2C(=O)[C@@H](CC2CCCCC2)NCC(=O)O)cn1,False,,,8.494850021680094,
N=C(N)c1ccc(CNC(=O)[C@@H]2CCCN2C(=O)[C@@H](CC2CCCCC2)NCC(=O)O)s1,False,,,9.0,
N=C(N)c1ccc(CNC(=O)[C@@H]2CCCN2C(=O)[C@@H](NCC(=O)O)C(c2ccccc2)c2ccccc2)s1,False,,,8.258230239424712,
N=C(N)c1ccc(CNC(=O)[C@@H]2CCCN2C(=O)[C@H]2CCCN2)cc1,False,,,7.055517327849832,
N=C(N)c1ccc(CNC(=O)[C@@H]2CCC[C@H]2C(=O)NC2CCCCC2)cc1,False,,,5.87942606879415,
N=C(N)c1ccc(CNC(=O)[C@@H]2CCC[C@H]2C(=O)NCc2ccccc2)cc1,False,,,4.349692476868063,
N=C(N)c1ccc(CNC(=O)[C@@H]2CCC[C@H]2C(=O)N[C@@H](C(=O)O)c2ccccc2)cc1,False,,,3.87942606879415,
N=C(N)c1ccc(CNC(=O)[C@@H]2CCN2C(=O)[C@H](NCC(=O)O)C2CCCCC2)cc1,False,,4.752630338064171,7.17381195003351,
N=C(N)c1ccc(CNC(=O)[C@@H]2CCNN2C(=O)[C@@H](CC2CCCCC2)NCC(=O)O)cn1,False,,,8.468521082957745,
N=C(N)c1ccc(CNC(=O)[C@@H]2CC[C@H]3CC[C@@](O)(Cc4ccccc4)C(=O)N32)cc1,False,,,7.700057099977233,
N=C(N)c1ccc(CNC(=O)[C@@H]2COCN2C(=O)[C@@H](CC2CCCCC2)NCC(=O)O)cn1,False,,,6.540607512240769,
N=C(N)c1ccc(CNC(=O)[C@@H]2CSCN2C(=O)[C@@H](CC2CCCCC2)NCC(=O)O)cn1,False,,,7.2335871528876,
N=C(N)c1ccc(CNC(=O)[C@@H]2C[C@@H]3CCCC[C@@H]3N2C(=O)C(NC(=O)[C@H](O)Cc2ccccc2)C2CCCCC2)cc1,False,,,8.468521082957745,
N=C(N)c1ccc(CNC(=O)[C@@H]2C[C@@H]3CCCC[C@@H]3N2C(=O)[C@H](NC(=O)[C@H](O)Cc2ccccc2)C(C2CCCCC2)C2CCCCC2)cc1,False,,,8.468521082957745,
N=C(N)c1ccc(CNC(=O)[C@@H]2SCCN2C(=O)[C@@H](CC2CCCCC2)NCC(=O)O)cn1,False,,,7.795880017344075,
N=C(N)c1ccc(CNC(=O)[C@H](CC2CCCN2)NC(=O)[C@@H](CC2CCCCC2)NCC(=O)O)cc1,False,,,5.154901959985743,
N=C(N)c1ccc(CNC(=O)[C@H](CCC(N)=O)NC(=O)[C@H]2CCCN2)cc1,False,,,5.0,
N=C(N)c1ccc(CNC(=O)[C@H](Cc2ccc(N)cc2)NC(=O)[C@@H](CC2CCCCC2)NCC(=O)O)cc1,False,,4.356547323513812,6.045757490560675,
N=C(N)c1ccc(CNC(=O)[C@H](Cc2ccc(O)cc2)NC(=O)[C@@H](CC2CCCCC2)NCC(=O)O)cc1,False,,4.638272163982407,5.4089353929735005,
N=C(N)c1ccc(CNC(=O)[C@H](Cc2ccc3ccccc3c2)NC(=O)[C@@H](CC2CCCCC2)NCC(=O)O)cc1,False,,,5.2839966563652006,
N=C(N)c1ccc(CNC(=O)[C@H](Cc2cccc3ccccc23)NC(=O)[C@@H](CC2CCCCC2)NCC(=O)O)cc1,False,,,4.920818753952375,
N=C(N)c1ccc(CNC(=O)[C@H](Cc2ccccc2)NC(=O)[C@@H](CC2CCCCC2)NCC(=O)O)cc1,False,,,5.214670164989233,
N=C(N)c1ccc(CNC(=O)[C@H]2CCC[C@@H]2C(=O)NCc2ccccc2)cc1,False,,,3.87942606879415,
N=C(N)c1ccc(CNC(=O)c2cc(NS(=O)(=O)Cc3ccccc3)ccc2Sc2ccccc2)cc1,False,,4.522878745280337,,
N=C(N)c1ccc(CNC(=O)c2cnn(Cc3ccccc3)c2)cc1,False,5.0,5.0,5.0,
N=C(N)c1ccc(C[C@@H](NC(=O)CNS(=O)(=O)c2ccc3ccccc3c2)C(=O)N2CCCCC2)cc1,False,,,6.340423940953836,
N=C(N)c1ccc(C[C@@H](NC(=O)[C@@H](Cc2ccc3ccccc3c2)NC(=O)OCc2ccccc2)P(=O)(O)c2ccccc2)cc1,False,,,5.443697499232712,
N=C(N)c1ccc(C[C@@H](NC(=O)[C@H](N)Cc2ccc3ccccc3c2)P(=O)(O)c2ccccc2)cc1,False,,,6.221848749616356,
N=C(N)c1ccc(Cc2nc3cc(NS(=O)(=O)c4ccccc4)ccc3[nH]2)cc1,False,,,4.721246399047171,
N=C(N)c1ccc(F)c(/C=C\C(=O)Nc2ccc(-c3ccccc3S(N)(=O)=O)cc2)c1,False,,7.7447274948966935,,
N=C(N)c1ccc(NCc2nc(-c3ccccc3)c[nH]2)cc1OCc1cccnc1,False,,4.0,4.200000030616179,
N=C(N)c1ccc(NCc2nc3cc(C(=O)N(CCC(=O)O)c4ccc(F)c(Cl)c4)ccc3n2C2CC2)c(F)c1,False,,,7.5699249444480605,
N=C(N)c1ccc(NCc2nc3cc(C(=O)N(CCC(=O)O)c4ccc(F)c(Cl)c4)ccc3n2C2CC2)cc1,False,,,7.560036064079095,
N=C(N)c1ccc(O)c(OCC(=O)Nc2ccc(-c3ccccc3S(N)(=O)=O)cc2)c1,False,,8.657577319177793,5.0,
N=C(N)c1ccc(O)c(OCC(=O)Nc2ccc(C(=O)N3CCCC3)cc2)c1,False,,9.154901959985743,5.0,
N=C(N)c1ccc(OCCCCCOc2ccc(C(=N)N)cc2)cc1,False,,4.982966660701219,,
N=C(N)c1ccc(OCCCCCOc2ccc(C(=N)N)cc2)cc1.O=S(=O)(O)CCO,False,4.863300989601043,,,
N=C(N)c1ccc(S(=O)(=O)NCC(=O)Nc2ccc(C(=O)O)cc2)cc1.O=C(O)C(F)(F)F,False,,,3.3010299956639813,
N=C(N)c1ccc(S(=O)(=O)NCC(=O)Nc2cccc(C(=O)O)c2)cc1.O=C(O)C(F)(F)F,False,,,3.3010299956639813,
N=C(N)c1ccc(S(=O)(=O)NCCC(=O)Nc2ccc(C(=O)O)cc2)cc1.O=C(O)C(F)(F)F,False,,,3.3010299956639813,
N=C(N)c1ccc(S(=O)(=O)NCCC(=O)Nc2cccc(C(=O)O)c2)cc1.O=C(O)C(F)(F)F,False,,,3.3010299956639813,
N=C(N)c1ccc(S(=O)(=O)NCCn2c(-c3cccc(N)c3)c(Cl)nc(NC3CCC3)c2=O)cc1,False,,4.522878745280337,4.522878745280337,
N=C(N)c1ccc2[nH]c(-c3ccccc3)cc2c1,False,,,4.721246399047171,
N=C(N)c1ccc2[nH]c(-c3ccccc3O)cc2c1,False,,,4.42021640338319,
N=C(N)c1ccc2[nH]c(-c3n[nH]c(-c4ccccc4)c3O)nc2c1,False,,6.154901959985743,,
N=C(N)c1ccc2[nH]c(-c3ncnc(-c4ccccc4)c3O)nc2c1,False,,5.337242168318426,,
N=C(N)c1ccc2[nH]c(C(Cc3ccccc3F)c3ccccc3F)cc2c1,False,,,4.823908740944319,
N=C(N)c1ccc2[nH]c(Cc3cccc(CCc4ccccc4)c3)cc2c1,False,,,5.619788758288394,
N=C(N)c1ccc2[nH]c(Cc3cccc(Oc4ccccc4)c3)cc2c1,False,,,5.698970004336019,
N=C(N)c1ccc2[nH]c(Cc3ccccc3)cc2c1,False,,,5.853871964321762,
N=C(N)c1ccc2[nH]c(Cc3ccccc3F)cc2c1,False,,,4.443697499232712,
N=C(N)c1ccc2[nH]c3c(c2c1)CCCC3,False,,,4.698970004336019,
N=C(N)c1ccc2[nH]ccc2c1,False,,,4.657577319177793,
N=C(N)c1ccc2cc(C(=O)Nc3ccc(CN)cc3)ccc2c1,False,,,4.207608310501746,
N=C(N)c1ccc2cc(C(=O)Nc3ccccc3)ccc2c1,False,,,4.251811972993799,
N=C(N)c1ccc2cc(CC(C(=O)O)c3ccc(O[C@H]4CCNC4)cc3)ccc2c1,False,,5.3872161432802645,4.0,
N=C(N)c1ccc2cc(CC(C(=O)O)c3ccc(O[C@H]4CCNC4)cc3)oc2c1,False,,5.769551078621726,3.0,
N=C(N)c1ccc2cc(O)ccc2c1,False,3.4126258279269344,,,
N=C(N)c1ccc2ccc(CC(C(=O)O)c3ccc(O[C@H]4CCNC4)cc3)cc2c1,False,,6.698970004336019,2.795880017344075,
N=C(N)c1ccc2nc(Cc3nc4ccc(C(=N)N)cc4[nH]3)[nH]c2c1,False,,5.346787486224656,4.508638306165727,
N=C(N)c1ccc2oc(C(Cc3ccc(O[C@H]4CCNC4)cc3)C(=O)O)cc2c1,False,,4.346787486224656,5.045757490560675,
N=C(N)c1ccc2oc(CC(C(=O)O)c3ccc(O[C@H]4CCNC4)cc3)cc2c1,False,,5.823908740944319,3.638272163982407,
N=C(N)c1ccc2oc(CCc3cc4cc(C(=N)N)ccc4o3)cc2c1,False,,7.0,5.301029995663981,
N=C(N)c1ccc2oc(CCc3ccc(O[C@H]4CCNC4)cc3)cc2c1,False,,6.026872146400302,4.0,
N=C(N)c1cccc(-c2ccc(C(=O)Nc3ccc(Cl)cc3C(=O)Nc3ccc(Cl)cn3)cc2)c1,False,,8.795880017344075,,
N=C(N)c1cccc(-c2cccc([C@H](CCCNc3ccncc3)C(=O)O)c2)c1,False,,7.567033665903407,4.0,
N=C(N)c1cccc(/C(=C(/F)C(=O)Nc2ccc(-c3ccccc3S(N)(=O)=O)cc2)C(F)(F)F)c1,False,,8.522878745280337,,
N=C(N)c1cccc(/C(=C(/F)C(=O)Nc2ccc(-c3ccccc3S(N)(=O)=O)cc2)n2cccn2)c1,False,,9.0,,
N=C(N)c1cccc(/C(=C\C(=O)Nc2ccc(-c3ccccc3S(N)(=O)=O)cc2)C(F)(F)F)c1,False,,8.0,,
N=C(N)c1cccc(/C(=C\C(=O)Nc2ccc(-c3ccccc3S(N)(=O)=O)cc2)Cc2cc[nH]n2)c1,False,,7.318758762624412,,
N=C(N)c1cccc(/C(=C\C(=O)Nc2ccc(-c3ccccc3S(N)(=O)=O)cc2)Cn2cnnn2)c1,False,,7.275724130399211,,
N=C(N)c1cccc(/C(=C\C(=O)Nc2ccc(-c3ccccc3S(N)(=O)=O)cc2)Cn2ncnn2)c1,False,,6.610833915635467,,
N=C(N)c1cccc(/C(=C\C(=O)Nc2ccc(-c3ccccc3S(N)(=O)=O)cc2)c2ccco2)c1,False,,6.735182176990463,,
N=C(N)c1cccc(/C(CO)=C(/F)C(=O)Nc2ccc(-c3ccccc3S(N)(=O)=O)cc2)c1,False,,8.431798275933005,,
N=C(N)c1cccc(/C=C(\C(=O)Nc2ccc(-c3ccccc3S(N)(=O)=O)cc2)c2ccccn2)c1,False,,6.1778319206319825,,
N=C(N)c1cccc(/C=C(\C(=O)Nc2ccc(-c3ccccc3S(N)(=O)=O)cc2)c2ccncc2)c1,False,,6.2020403562628035,,
N=C(N)c1cccc(/C=C/C(=O)Nc2ccc(-c3ccccc3S(N)(=O)=O)cc2)c1,False,,5.505845405981558,,
N=C(N)c1cccc(/C=C\C(=O)Nc2ccc(-c3ccccc3S(N)(=O)=O)cc2)c1,False,,7.769551078621726,,
N=C(N)c1cccc(C(=O)N2CCC[C@H]2C(=O)Nc2ccc(-c3ccccc3S(N)(=O)=O)cc2)c1,False,,5.0,5.0,
N=C(N)c1cccc(C(=O)N2Cc3ccc(O)cc3C[C@@H]2C(=O)Nc2ccc(-c3ccccc3S(N)(=O)=O)cc2)c1,False,,5.749579997691106,5.0,
N=C(N)c1cccc(C(=O)N2Cc3ccc(O)cc3C[C@H]2C(=O)Nc2ccc(-c3ccccc3S(N)(=O)=O)cc2)c1,False,,7.014573525916998,5.0,
N=C(N)c1cccc(C(=O)N2Cc3ccccc3C[C@@H]2C(=O)Nc2ccc(-c3ccccc3S(N)(=O)=O)cc2)c1,False,,7.7281583934635005,5.0,
N=C(N)c1cccc(C(=O)N2Cc3ccccc3C[C@H]2C(=O)Nc2ccc(-c3ccccc3S(N)(=O)=O)cc2)c1,False,,8.522878745280337,5.0,
N=C(N)c1cccc(C(=O)NCC(=O)Nc2ccc(-c3ccccc3S(N)(=O)=O)cc2)c1,False,,6.070070439915412,5.0,
N=C(N)c1cccc(C(=O)N[C@@H](C(=O)Nc2ccc(-c3ccccc3S(N)(=O)=O)cc2)c2ccccc2)c1,False,,7.458420756053419,5.0,
N=C(N)c1cccc(C(=O)N[C@@H](CC(=O)OC2CCCCC2)C(=O)Nc2ccc(-c3ccccc3S(N)(=O)=O)cc2)c1,False,,7.259637310505756,5.0,
N=C(N)c1cccc(C(=O)N[C@@H](CCC(=O)O)C(=O)Nc2ccc(-c3ccccc3S(N)(=O)=O)cc2)c1,False,,5.841637507904751,5.0,
N=C(N)c1cccc(C(=O)N[C@@H](CCC(=O)OC2CCCCC2)C(=O)Nc2ccc(-c3ccccc3S(N)(=O)=O)cc2)c1,False,,6.0746879085003505,5.0,
N=C(N)c1cccc(C(=O)N[C@@H](CCC(=O)OCc2ccccc2)C(=O)Nc2ccc(-c3ccccc3S(N)(=O)=O)cc2)c1,False,,6.1911141326401875,5.0,
N=C(N)c1cccc(C(=O)N[C@@H](Cc2ccccc2)C(=O)Nc2ccc(-c3ccccc3S(N)(=O)=O)cc2)c1,False,,6.1180450286604,5.0,
N=C(N)c1cccc(C(=O)N[C@H](C(=O)Nc2ccc(-c3ccccc3S(N)(=O)=O)cc2)C2CCCCC2)c1,False,,6.197226274708024,5.0,
N=C(N)c1cccc(C(=O)N[C@H](C(=O)Nc2ccc(-c3ccccc3S(N)(=O)=O)cc2)c2ccccc2)c1,False,,6.4723700991286615,5.0,
N=C(N)c1cccc(C(=O)N[C@H](Cc2ccccc2)C(=O)Nc2ccc(-c3ccccc3S(N)(=O)=O)cc2)c1,False,,7.504455662453552,5.0,
N=C(N)c1cccc(C2Oc3ccccc3N(CCCCCN)C2=O)c1,False,,5.200659450546418,,
N=C(N)c1cccc(C2Oc3ccccc3N(CCCCCN3CCCCC3)C2=O)c1,False,,7.275724130399211,5.468521082957745,
N=C(N)c1cccc(C2Oc3ccccc3N(CCCCCN3CCOCC3)C2=O)c1,False,,6.619788758288394,5.657577319177793,
N=C(N)c1cccc(CC(C(=O)O)C(/C=C/c2ccccc2)NC(=O)c2ccc(-c3ccccc3)cc2)c1,False,,5.568636235841013,5.113509274827518,
N=C(N)c1cccc(CC(CO)C(/C=C/c2ccccc2)NC(=O)c2ccc(-c3ccccc3)cc2)c1,False,,6.187086643357144,,
N=C(N)c1cccc(CC(NC(=O)[C@@H]2CC[C@H]3CN(C(=O)CCc4ccccc4)CC(=O)N32)C(=O)c2nc3ccccc3s2)c1,False,,,7.2441251443275085,
N=C(N)c1cccc(CCC(/C=C/c2ccccc2)NC(=O)c2ccc(-c3ccccc3)cc2)c1,False,,6.022276394711152,4.508638306165727,
N=C(N)c1cccc(CN2CC[C@H](NS(=O)(=O)c3ccc(-c4ccncc4)s3)C2=O)c1,False,,7.288252674022652,,
N=C(N)c1cccc(CNC(=O)Cc2c(F)ccc(NS(=O)(=O)Cc3ccccc3)c2F)c1,False,,4.522878745280337,,
N=C(N)c1cccc(CNC(=O)Cn2c(-c3ccccc3)cnc(NCCc3ccccc3)c2=O)c1,False,,,4.522878745280337,
N=C(N)c1cccc(C[C@H](NC(=O)CCc2ccccc2)C(=O)N[C@@H](CCCCN)C(=O)N[C@H](C(N)=O)c2ccccc2)c1,False,,,5.338187314462739,
N=C(N)c1cccc(C[C@H](NC(=O)[C@@H]2CC[C@H]3CN(C(=O)CCc4ccccc4)CC(=O)N32)C(=O)c2nccs2)c1,False,,,7.113509274827518,
N=C(N)c1cccc(N[C@H](C(=O)Nc2ccc(N3CCCCC3=O)cc2)c2ccccc2)c1,False,,7.823908740944319,5.0,
N=C(N)c1cccc(OC(C(=O)Nc2cc(Cl)c(-n3cccc3)cc2Cl)c2ccccc2)c1,False,,7.031517051446065,5.388276691992658,
N=C(N)c1cccc(OC(C(=O)Nc2ccc(-c3ccccc3S(N)(=O)=O)cc2)c2ccccc2)c1,False,,9.259637310505756,5.0,
N=C(N)c1cccc(OC(C(=O)Nc2ccc(-c3ccccc3S(N)(=O)=O)cc2Br)c2ccccc2)c1,False,,8.494850021680094,5.063486257521107,
N=C(N)c1cccc(OC(C(=O)Nc2ccc(-c3ccccc3S(N)(=O)=O)cc2F)c2ccccc2)c1,False,,7.886056647693163,5.0,
N=C(N)c1cccc(OC(C(=O)Nc2ccc(-n3ccc(C(F)(F)F)n3)cc2)c2ccccc2)c1,False,,6.769551078621726,5.0,
N=C(N)c1cccc(OC(C(=O)Nc2ccc(-n3cnc(Cl)c3Cl)cc2)c2ccccc2)c1,False,,7.853871964321762,5.0,
N=C(N)c1cccc(OC(C(=O)Nc2ccc(C(=O)N3CCCC3)cc2)c2ccccc2)c1,False,,9.744727494896694,5.0,
N=C(N)c1cccc(OC(C(=O)Nc2ccc(C(=O)N3CCCC3)cc2Br)c2ccccc2)c1,False,,9.00436480540245,5.0,
N=C(N)c1cccc(OC(C(=O)Nc2ccc(N3CCOCC3)c(F)c2)c2ccccc2)c1,False,,8.356547323513812,5.0,
N=C(N)c1cccc(OCC(=O)Nc2ccc(-c3ccccc3S(N)(=O)=O)cc2)c1,False,,7.6777807052660805,5.0,
N=C(N)c1cccc(OCC(=O)Nc2ccc(C(=O)N3CC=CC3)cc2)c1,False,,8.200659450546418,5.0,
N=C(N)c1cccc(OCC(=O)Nc2ccc(C(=O)N3CCC3)cc2)c1,False,,6.6439741428068775,5.0,
N=C(N)c1cccc(OCC(=O)Nc2ccc(C(=O)N3CCCC3)cc2)c1,False,,7.180456064458132,5.0,
N=C(N)c1cccc(OCC(=O)Nc2ccc(C(=O)N3CCCC3C(=O)O)cc2)c1,False,,5.0,5.0,
N=C(N)c1cccc(OCC(=O)Nc2ccc(C(=O)N3CCCCC3)cc2)c1,False,,5.863279432843593,5.0,
N=C(N)c1cccc(OCC(=O)Nc2ccc(C(=O)N3CCCCCC3)cc2)c1,False,,5.924453038607469,5.0,
N=C(N)c1cccc(OCC(=O)Nc2ccc(C(=O)N3CCOCC3)cc2)c1,False,,5.950781977329818,5.0,
N=C(N)c1cccc(OCC(Cc2ccccc2)NC(=O)c2ccc(-c3ccccc3S(N)(=O)=O)cc2)c1,False,,8.2518119729938,,
N=C(N)c1cccc(OCC(NC(=O)c2ccc(-c3ccccc3S(N)(=O)=O)cc2)c2ccccc2)c1,False,,8.468521082957745,,
N=C(N)c1cccc(OCCC(=O)Nc2ccc(-c3ccccc3S(N)(=O)=O)cc2)c1,False,,8.193820026016112,5.0,
N=C(N)c1cccc(OCCN(CC(=O)O)C(=O)c2ccc(-c3ccccc3S(N)(=O)=O)cc2)c1,False,,7.468521082957745,,
N=C(N)c1cccc(OCCN(Cc2ccccc2)C(=O)c2ccc(-c3ccccc3S(N)(=O)=O)cc2)c1,False,,7.853871964321762,,
N=C(N)c1cccc(OCCN(Cc2cccnc2)C(=O)c2ccc(-c3ccccc3S(N)(=O)=O)cc2)c1,False,,7.958607314841775,,
N=C(N)c1cccc(OCCN(Cc2ccoc2)C(=O)c2ccc(-c3ccccc3S(N)(=O)=O)cc2)c1,False,,8.10790539730952,,
N=C(N)c1cccc(OCCN2Cc3cc(-c4ccccc4S(N)(=O)=O)ccc3C2=O)c1,False,,8.443697499232712,,
N=C(N)c1cccc(OCCNC(=O)c2ccc(-c3ccccc3S(N)(=O)=O)cc2)c1,False,,8.1249387366083,3.493494967595128,
N=C(N)c1cccc(Oc2cc(Br)ccc2C(=O)Nc2ccc(-c3ccccc3S(N)(=O)=O)cc2)c1,False,,8.920818753952375,,
N=C(N)c1cccc(Oc2cc(Br)ccc2NC(=O)c2ccc(-c3ccccc3S(N)(=O)=O)cc2)c1,False,,8.67778070526608,,
N=C(N)c1cccc(Oc2cc(Cl)ccc2C(=O)Nc2ccc(-c3ccccc3S(N)(=O)=O)cc2)c1,False,,8.823908740944319,,
N=C(N)c1cccc(Oc2cc(Cl)ccc2NC(=O)c2ccc(-c3ccccc3S(N)(=O)=O)cc2)c1,False,,8.795880017344075,,
N=C(N)c1cccc(Oc2cc(N)ccc2C(=O)Nc2ccc(-c3ccccc3S(N)(=O)=O)cc2)c1,False,,7.721246399047171,,
N=C(N)c1cccc(Oc2cc(O)ccc2NC(=O)c2ccc(-c3ccccc3S(N)(=O)=O)cc2)c1,False,,8.4089353929735,,
N=C(N)c1cccc(Oc2cc([N+](=O)[O-])ccc2C(=O)Nc2ccc(-c3ccccc3S(N)(=O)=O)cc2)c1,False,,8.318758762624412,,
N=C(N)c1cccc(Oc2ccc(Br)cc2C(=O)Nc2ccc(-c3ccccc3S(N)(=O)=O)cc2)c1,False,,8.356547323513812,,
N=C(N)c1cccc(Oc2ccc(Br)cc2NC(=O)c2ccc(-c3ccccc3S(N)(=O)=O)cc2)c1,False,,8.795880017344075,,
N=C(N)c1cccc(Oc2ccc(C(=O)O)cc2NC(=O)c2ccc(-c3ccccc3S(N)(=O)=O)cc2)c1,False,,7.309803919971486,,
N=C(N)c1cccc(Oc2ccc(C(F)(F)F)cc2NC(=O)c2ccc(-c3ccccc3S(N)(=O)=O)cc2)c1,False,,8.602059991327963,,
N=C(N)c1cccc(Oc2ccc(Cl)cc2C(=O)Nc2ccc(-c3ccccc3S(N)(=O)=O)cc2)c1,False,,8.113509274827518,,
N=C(N)c1cccc(Oc2ccc(F)cc2NC(=O)c2ccc(-c3ccccc3S(N)(=O)=O)cc2)c1,False,,8.346787486224656,,
N=C(N)c1cccc(Oc2ccc(N)cc2C(=O)Nc2ccc(-c3ccccc3S(N)(=O)=O)cc2)c1,False,,7.920818753952375,,
N=C(N)c1cccc(Oc2ccc([N+](=O)[O-])cc2C(=O)Nc2ccc(-c3ccccc3S(N)(=O)=O)cc2)c1,False,,8.721246399047171,,
N=C(N)c1cccc(Oc2ccccc2C(=O)Nc2ccc(-c3ccccc3S(N)(=O)=O)cc2)c1,False,,8.136677139879543,,
N=C(N)c1cccc(Oc2ccccc2NC(=O)c2ccc(-c3ccccc3S(N)(=O)=O)cc2)c1,False,,8.443697499232712,4.958607314841775,
N=C(N)c1ccccc1,False,2.6239708182718195,,,
N=C(N)c1ccccc1N[C@@H](C(=O)Nc1ccc(-c2ccccc2S(N)(=O)=O)cc1)c1ccccc1,False,,7.455931955649724,,
N=C(N)c1ccoc1CNC(=O)[C@@H]1C=CCN1C(=O)[C@@H](CC1CCCCC1)NCC(=O)O,False,,,5.844663962534939,
N=C(N)c1cnc(CNC(=O)[C@@H]2C=CCN2C(=O)[C@@H](CC2CCCCC2)NCC(=O)O)s1,False,,,7.293282217663242,
N=C(N)c1coc(CNC(=O)[C@@H]2C=CCN2C(=O)[C@@H](CC2CCCCC2)NCC(=O)O)c1,False,,6.600326278518962,8.88941028970075,
N=C(N)c1coc(CNC(=O)[C@@H]2C=CCN2C(=O)[C@@H](CC2CCCCC2)NCC(=O)O)n1,False,,,7.681936665037238,
N=C(N)c1csc(CNC(=O)[C@@H]2C=CCN2C(=O)[C@@H](CC2CCCCC2)NCC(=O)O)c1,False,,,8.568636235841012,
N=C(N)c1csc(CNC(=O)[C@@H]2C=CCN2C(=O)[C@@H](CC2CCCCC2)NCC(=O)O)c1Cl,False,,,8.667561540084394,
N=C(N)c1csc(CNC(=O)[C@@H]2C=CCN2C(=O)[C@@H](CC2CCCCC2)NCC(=O)O)n1,False,,6.002176919254275,8.856985199745905,
N=C(N)c1nc(CNC(=O)[C@@H]2C=CCN2C(=O)[C@@H](CC2CCCCC2)NCC(=O)O)cs1,False,,,7.356547323513812,
N=C(N)c1nnc(CNC(=O)[C@@H]2C=CCN2C(=O)[C@@H](CC2CCCCC2)NCC(=O)O)s1,False,,,6.247183568811728,
N=C(N)c1noc(CNC(=O)[C@@H]2C=CCN2C(=O)[C@@H](CC2CCCCC2)NCC(=O)O)n1,False,,,5.863279432843593,
N=C(N)c1sc(CNC(=O)[C@@H]2C=CCN2C(=O)[C@@H](CC2CCCCC2)NCC(=O)O)cc1Cl,False,,,8.368556230986828,
N=C(NC(=O)c1ccccc1NC(=O)c1ccccc1)Nc1nc2ccccc2o1,False,,,4.301029995663981,
N=C(NN)c1ccc(C(=O)Nc2ccccc2C(=O)Nc2ccc(Cl)cn2)cc1,False,,7.6020599913279625,,
N=C(NN)c1ccc(CNC(=O)Cn2c(-c3cccc(N)c3)c(Cl)nc(NC3CCC3)c2=O)cc1,False,,4.0,4.0,
N=C(NO)c1ccc(C(=O)Nc2ccccc2C(=O)Nc2ccc(Cl)cn2)cc1,False,,7.455931955649724,,
N=C(NO)c1cccc(/C(=C(/F)C(=O)Nc2ccc(-c3ccccc3S(N)(=O)=O)cc2)n2cccn2)c1,False,,5.421360790031928,,
N=C(NOC(=O)c1cccc(Cl)c1)c1cccnc1,False,,,4.301029995663981,
N=C(c1ccc(C(=O)N2CCN(S(=O)(=O)c3cc4cc(Cl)ccc4[nH]3)CC2)cc1)N1CCC1,False,,7.619788758288394,,
N=C(c1ccc(C(=O)N2CCN(S(=O)(=O)c3cc4cc(Cl)ccc4[nH]3)CC2)cc1)N1CCCC1,False,,7.075720713938118,,
N=C(c1ccc(C(=O)N2CCN(S(=O)(=O)c3cc4cc(Cl)ccc4[nH]3)CC2)cc1)N1CCCCC1,False,,6.920818753952375,,
N=C(c1ccc(C(=O)N2CCN(S(=O)(=O)c3cc4ccc(Cl)cc4s3)CC2)cc1)N1CCC1,False,,7.6020599913279625,,
N=C(c1ccc(C(=O)N2CCN(S(=O)(=O)c3cc4ccc(Cl)cc4s3)CC2)cc1)N1CCCC1,False,,7.154901959985743,,
N=C(c1ccc(C(=O)N2CCN(S(=O)(=O)c3cc4ccc(Cl)cc4s3)CC2)cc1)N1CCCCC1,False,,7.1487416512809245,,
N=C(c1ccc(C(=O)N2CCN(S(=O)(=O)c3ccc4cc(Br)ccc4c3)CC2)cc1)N1CCCC1,False,,6.4089353929735005,,
N=C(c1ccc(C(=O)N2CCN(S(=O)(=O)c3ccc4cc(Br)ccc4c3)CC2)cc1)N1CCCCC1,False,,6.795880017344075,,
N=C(c1ccc(C(=O)N2CCN(S(=O)(=O)c3ccc4cc(Br)ccc4c3)CC2)cc1)N1CCOCC1,False,,6.1938200260161125,,
N=C(c1ccc(C(=O)Nc2ccc(Cl)cc2C(=O)Nc2ccc(Cl)cn2)cc1)N1CCC(C(=O)O)CC1,False,,8.698970004336019,,
N=C(c1ccc(C(=O)Nc2ccc(Cl)cc2C(=O)Nc2ccc(Cl)cn2)cc1)N1CCC1,False,,8.920818753952375,,
N=C(c1ccc(C(=O)Nc2ccc(Cl)cc2C(=O)Nc2ccc(Cl)cn2)cc1)N1CCCC1,False,,8.698970004336019,,
N=C(c1ccc(C(=O)Nc2ccc(Cl)cc2C(=O)Nc2ccc(Cl)cn2)cc1)N1CCCCC1,False,,8.886056647693163,,
N=C(c1ccc(C(=O)Nc2ccc(Cl)cc2C(=O)Nc2ccc(Cl)cn2)cc1)N1CCOCC1,False,,8.698970004336019,,
N=C(c1ccc(C(=O)Nc2ccccc2C(=O)Nc2ccc(Cl)cn2)cc1)N1CCC1,False,,8.096910013008056,,
N=C(c1ccc(C(=O)Nc2ccccc2C(=O)Nc2ccc(Cl)cn2)cc1)N1CCCC1,False,,8.096910013008056,,
N=C(c1ccc(C(=O)Nc2ccccc2C(=O)Nc2ccc(Cl)cn2)cc1)N1CCCCC1,False,,8.522878745280337,,
N=C(c1ccc(C(=O)Nc2ccccc2C(=O)Nc2ccc(Cl)cn2)cc1)N1CCNCC1,False,,7.42021640338319,,
N=C(c1ccc(C(=O)Nc2ccccc2C(=O)Nc2ccc(Cl)cn2)cc1)N1CCOCC1,False,,8.154901959985743,,
N=C(c1ccc(C(=O)Nc2ccccc2C(=O)Nc2ccc(Cl)cn2)cc1)N1CCS(=O)(=O)CC1,False,,6.59176003468815,,
N=C(c1ccc(C(=O)Nc2ccccc2C(=O)Nc2ccc(Cl)cn2)cc1)N1CCSCC1,False,,7.920818753952375,,
N=C(c1ccc(CN2CCN(S(=O)(=O)c3cc4cc(Cl)ccc4[nH]3)CC2=O)cc1)N1CCC1,False,,8.096910013008056,,
N=C(c1ccc(CN2CCN(S(=O)(=O)c3cc4cc(Cl)ccc4[nH]3)CC2=O)cc1)N1CCCC1,False,,6.619788758288394,,
N=C(c1ccc(CN2CCN(S(=O)(=O)c3cc4cc(Cl)ccc4[nH]3)CC2=O)cc1)N1CCCCC1,False,,6.823908740944319,,
N=C(c1ccc(CN2CCN(S(=O)(=O)c3cc4ccc(Cl)cc4s3)CC2=O)cc1)N1CCC1,False,,7.958607314841775,,
N=C(c1ccc(CN2CCN(S(=O)(=O)c3cc4ccc(Cl)cc4s3)CC2=O)cc1)N1CCCC1,False,,6.853871964321762,,
N=C(c1ccc(CN2CCN(S(=O)(=O)c3cc4ccc(Cl)cc4s3)CC2=O)cc1)N1CCCCC1,False,,7.0,,
N=C(c1ccc(NC(=O)c2cc(C(F)(F)F)nn2-c2cc3ccccc3cc2F)c(F)c1)N1CCCC1,False,,8.0,,
N=C(c1ccc(NC(=O)c2cc(C(F)(F)F)nn2-c2cc3ccccc3cc2F)c(F)c1)N1CCCCC1,False,,7.958607314841775,,
N=C(c1ccc(NC(=O)c2cc(C(F)(F)F)nn2-c2ccc3cc(Cl)ccc3c2)c(F)c1)N1CCCC1,False,,8.698970004336019,,
N=C(c1ccc(NC(=O)c2cc(C(F)(F)F)nn2-c2ccc3cc(Cl)ccc3c2)c(F)c1)N1CCCCC1,False,,8.397940008672037,,
N=C(c1ccc(NC(=O)c2nnnn2-c2cc3ccccc3cc2F)c(F)c1)N1CCCC1,False,,7.619788758288394,,
N=C(c1ccc(NC(=O)c2nnnn2-c2cc3ccccc3cc2F)c(F)c1)N1CCCCC1,False,,7.119186407719209,,
N=C(c1ccc(NC(=O)c2nnnn2-c2ccc3cc(Cl)ccc3c2)c(F)c1)N1CCCC1,False,,8.154901959985743,,
N=C(c1ccc(NC(=O)c2nnnn2-c2ccc3cc(Cl)ccc3c2)c(F)c1)N1CCCCC1,False,,8.096910013008056,,
N=C1NCCN1Cc1ccc(C(=O)Nc2ccc(Cl)cc2C(=O)Nc2ccc(Cl)cn2)cc1,False,,8.823908740944319,4.958607314841775,
N=C1OCCN1Cc1ccc(C(=O)Nc2ccc(Cl)cc2C(=O)Nc2ccc(Cl)cn2)cc1,False,,9.01343607320015,4.958607314841775,
NC(=NOC(=O)c1ccc(Cl)c([N+](=O)[O-])c1)c1ccccn1,False,4.301029995663981,,,
NC(=NS(=O)(=O)c1ccccc1)c1ccc([N+](=O)[O-])cc1,False,,,4.301029995663981,
NC(=O)/C(=N\OC(=O)c1ccco1)c1nc(-c2ccc(Br)cc2)cs1,False,4.678134903069676,,6.033675197907534,
NC(=O)C(=O)N1CC2CC(CN(C(=O)CN3CCC[C@H](NS(=O)(=O)c4ccc5cc(Cl)ccc5c4)C3=O)C2)C1,False,,7.494850021680094,,
NC(=O)C1CCN(Cc2ccc(C(=O)Nc3ccc(Cl)cc3C(=O)Nc3ccc(Cl)cn3)cc2)CC1,False,,7.119186407719209,4.958607314841775,
NC(=O)C1CN(S(=O)(=O)c2ccc3cc(Cl)ccc3c2)CCN1C(=O)c1nc2c(s1)CNCC2,False,,7.080921907623926,,
NC(=O)CC[C@@H](NS(=O)(=O)c1ccc2ccccc2c1)C(=O)N1CCC[C@H]1C(=O)NCCCCN=C(N)N,False,,,4.575118363368933,
NC(=O)CC[C@H](NS(=O)(=O)c1ccc2ccccc2c1)C(=O)N1CCC[C@H]1C(=O)NCCCCN=C(N)N,False,,,5.5376020021010435,
NC(=O)Cc1cn2c(N3CCN(C(=O)CCS(=O)(=O)c4ccc5cc(Cl)ccc5c4)CC3)cccc2n1,False,,7.346787486224656,,
NC(=O)Cc1nnc(N)s1,False,,,5.054183429378087,
NC(=O)Cn1cnc(-c2ccccc2)c1,False,4.301029995663981,,,
NC(=O)N/N=C/C=C/c1ccccc1,False,,,4.301029995663981,
NC(=O)N1CC2CC(C1)CN(C(=O)CN1CCC[C@H](NS(=O)(=O)c3ccc4cc(Cl)ccc4c3)C1=O)C2,False,,7.853871964321762,,
NC(=O)NCc1ccc(N2CC(CNC(=O)c3ccc(Cl)s3)OC2=O)cc1,False,,5.886056647693163,,
NC(=O)[C@@H](Cc1c[nH]c2ccccc12)NC(=O)c1ccc(N2CCCC2=O)cc1,False,,5.045757490560675,,
NC(=O)[C@@H](Cc1csc2ccccc12)NC(=O)c1ccc(N2CCCC2=O)cc1,False,,5.376750709602099,,
NC(=O)[C@@H](Cc1csc2ccccc12)NC(=O)c1ccc(N2CCOCC2)cc1,False,,5.130768280269024,,
NC(=O)[C@@H]1CCCN1C1CCN(C(=O)c2cn3cc(Cl)ccc3n2)CC1,False,,3.5228787452803374,,
NC(=O)c1c(N)sc2c1CCC2,False,4.301029995663981,,,
NC(=O)c1c(NC(=O)C2CCCO2)sc2c1CCC2,False,4.301029995663981,,,
NC(=O)c1c(NC(=O)Cn2nc(C(=O)O)c3ccccc3c2=O)sc2c1CCCC2,False,,,4.613573987780958,
NC(=O)c1ccc(NC(=O)c2ccc(-n3ccccc3=O)cc2)c(NC(=O)c2ccc(Br)cc2)c1,False,,7.586700235918748,,
NC(=O)c1ccc(NC(=O)c2ccc(-n3ccccc3=O)cc2)c(NC(=O)c2ccc(Cl)c(Cl)c2)c1,False,,8.187086643357144,,
NC(=O)c1ccc2cc(C(=O)Nc3ccc(-c4cccc(C(F)(F)F)c4)cc3)ccc2c1,False,,,4.207608310501746,
NC(=O)c1cccc(CNC(=O)c2ccc(Cl)s2)c1,False,,4.721246399047171,,
NC(=O)c1ccsc1NC(=O)CSc1nnc(C2CC2)n1Cc1ccccc1,False,,,4.301029995663981,
NC(=O)c1ccsc1NC(=O)c1nc(-c2ccccc2)n(-c2ccccc2)n1,False,,,5.366510335207797,
NC(=O)n1cc(NC(=O)N2CCC[C@H]2C(=O)Nc2cccc(OC(F)(F)F)c2)c2ccccc21,False,,4.522878745280337,4.522878745280337,
NC(C(=O)N1CCC[C@H]1C(=O)NCc1cc(Cl)cc(Cl)c1)C(c1ccccc1)c1ccccc1,False,,,6.346787486224656,
NC(C(=O)N1CCC[C@H]1C(=O)NCc1ccc(S(N)(=O)=O)cc1)C(c1ccccc1)c1ccccc1,False,,,4.886056647693163,
NC(C(=O)N1CCC[C@H]1C(=O)NCc1cccc(Br)c1)C(c1ccccc1)c1ccccc1,False,,,8.0,
NC(C(=O)N1CCC[C@H]1C(=O)NCc1cccc(Cl)c1)C(c1ccccc1)c1ccccc1,False,,,7.920818753952375,
NC(C(=O)N1CCC[C@H]1C(=O)NCc1cccc(Cl)c1Cl)C(c1ccccc1)c1ccccc1,False,,,6.585026652029182,
NC(C(=O)N1CCC[C@H]1C(=O)NCc1cccc(O)c1)C(c1ccccc1)c1ccccc1,False,,,6.795880017344075,
NC(C(=O)N1CCC[C@H]1C(=O)NCc1ccccc1)C(c1ccccc1)c1ccccc1,False,,,6.886056647693163,
NC(CCN[C@H](NC(=O)[C@H](Cc1ccc(F)c(F)c1)NC(=O)Nc1ccc2c(CN3CCCC3)cn(Cc3c(Cl)cccc3Cl)c2c1)C(=O)NCc1ccccc1)C(=O)O,False,,,6.468521082957745,
NC(N)=NCCCC(NC(=O)[C@@H]1CCCN1C(=O)[C@H](N)Cc1ccccc1)C(=O)c1nc2ccccc2s1,False,,,7.6777807052660805,
NC(N)=NCCCCNC(=O)[C@@H]1CCCN1C(=O)[C@H](N)Cc1ccccc1,False,,,6.267606240177032,
NC(N)=NCCC[C@@H](C=O)NC(=O)CNC(=O)[C@H](N)CCCN=C(N)N,False,,6.721246399047171,4.259637310505756,
NC(N)=NCCC[C@@H](C=O)NC(=O)[C@@H]1CCCN1C(=O)[C@H](N)Cc1ccccc1,False,,,7.309803919971486,
NC(N)=NCCC[C@@H](C=O)NC(=O)[C@@H]1CCCN1C(=O)[C@H](N)c1ccccc1,False,,5.795880017344075,7.7447274948966935,
NC(N)=NCCC[C@@H](CCl)NC(=O)[C@@H]1CCCN1C(=O)[C@H](N)Cc1ccccc1,False,,,8.823908740944319,
NC(N)=NCCC[C@@H](NC(=O)[C@@H]1CCCCN1C(=O)[C@H](N)Cc1ccccc1)C(=O)c1nccs1,False,,,6.136677139879544,
NC(N)=NCCC[C@H](NC(=O)[C@@H]1CCCN1C(=O)[C@@H](N)Cc1ccccc1)C(=O)O,False,,,11.769551078621726,
NC(N)=NCCC[C@H](NC(=O)[C@@H]1CCCN1C(=O)[C@H](N)CC1CCCCC1)C(=O)C[n+]1ccccc1,False,,,8.769551078621726,
NC(N)=NCCC[C@H](NC(=O)[C@@H]1CCCN1C(=O)[C@H](N)CC1CCCCC1)C(=O)Cc1ccccc1,False,,,8.00436480540245,
NC(N)=NCCC[C@H](NC(=O)[C@@H]1CCCN1C(=O)[C@H](N)Cc1ccccc1)C(=O)c1nccs1,False,,,8.823908740944319,
NC(N)=NCCC[C@H](NC(=O)[C@@H]1CCN1C(=O)[C@H](N)Cc1ccccc1)C(=O)c1nccs1,False,,,8.522878745280337,
NC(N)=NCCC[C@H](NC(=O)[C@@H]1C[C@@H](OCc2ccccc2)CN1C(=O)[C@H](N)Cc1ccccc1)C(=O)CCl,False,,,8.522878745280337,
NC(N)=NCCC[C@H](NC(=O)[C@@H]1C[C@H](OCc2ccccc2)CN1C(=O)[C@H](N)Cc1ccccc1)C(=O)CCl,False,,,8.142667503568731,
NC1=NCCCCN1Cc1ccc(C(=O)Nc2ccc(Cl)cc2C(=O)Nc2ccc(Cl)cn2)cc1,False,,8.200659450546418,4.958607314841775,
NC1=NCCCN1Cc1ccc(C(=O)Nc2ccc(Cl)cc2C(=O)Nc2ccc(Cl)cn2)cc1,False,,8.42021640338319,4.958607314841775,
NC1=NCCSc2cc(CNC(=O)Cn3c(-c4cccc(N)c4)c(Cl)nc(NC4CCC4)c3=O)ccc21,False,,4.522878745280337,4.522878745280337,
NC1CCC(CNC(=O)[C@@H]2CCCN2C(=O)C(Cc2ccc(O)cc2)c2ccccc2)CC1,False,,,8.0,
NC1CCC(CNC(=O)[C@@H]2CCCN2C(=O)C(Cc2ccccc2)c2ccccc2)CC1,False,,,7.2441251443275085,
NC1CCC(CNC(=O)[C@@H]2CCCN2C(=O)C23CC4CC(CC(C4)C2)C3)CC1,False,,,6.920818753952375,
NC1CCC(CNC(=O)[C@@H]2CCCN2C(=O)C2CC(=O)N3CCc4ccccc4C23)CC1,False,,,7.045757490560675,
NC1CCC(CNC(=O)[C@@H]2CCCN2C(=O)C2CC2(c2ccccc2)c2ccccc2)CC1,False,,,6.721246399047171,
NC1CCC(CNC(=O)[C@@H]2CCCN2C(=O)C2CCc3ccccc3C2)CC1,False,,,6.040958607678906,
NC1CCC(CNC(=O)[C@@H]2CCCN2C(=O)C2COc3ccccc3O2)CC1,False,,,7.0,
NC1CCC(CNC(=O)[C@@H]2CCCN2C(=O)C2Cc3ccccc32)CC1,False,,,6.638272163982407,
NC1CCC(CNC(=O)[C@@H]2CCCN2C(=O)C2c3ccccc3-c3ccccc32)CC1,False,,,6.42021640338319,
NC1CCC(CNC(=O)[C@@H]2CCCN2C(=O)CC2c3ccccc3-c3ccccc32)CC1,False,,,6.97469413473523,
NC1CCC(CNC(=O)[C@@H]2CCCN2C(=O)[C@@H](N)C2CCCCC2)CC1,False,,,8.522878745280337,
NC1CCC(OC(=O)c2cc3cc(CCl)ccc3oc2=O)CC1,True,,,3.5228787452803374,
NC1CCCN(c2ccc(N3CC(CNC(=O)c4ccc(Cl)s4)OC3=O)cc2F)C1,False,,7.356547323513812,,
NC1CCN(C(=O)CCS(=O)(=O)c2ccc3cc(Cl)ccc3c2)CC1,False,,5.301029995663981,,
NC1CCN(Cc2ccc(C(=O)Nc3ccc(Cl)cc3C(=O)Nc3ccc(Cl)cn3)cc2)CC1,False,,7.823908740944319,4.958607314841775,
NC1CCN(c2ccc(N3CC(CNC(=O)c4ccc(Cl)s4)OC3=O)cc2F)C1,False,,7.886056647693163,,
NC1CCN(c2ccc(N3C[C@H](CNC(=O)c4ccc(Cl)s4)OC3=O)cn2)C1,False,,6.721246399047171,,
NCC(=O)Nc1ccc(N2CC(CNC(=O)c3ccc(Cl)s3)OC2=O)cc1,False,,5.698970004336019,,
NCC1CCC(C(=O)N[C@@H](Cc2ccccc2)C(=O)Nc2ccc(CC(=O)O)cc2)CC1,False,,,3.0,
NCC1CCCN(C(=O)CN2CCC[C@H](NS(=O)(=O)c3ccc4cc(Cl)ccc4c3)C2=O)C1,False,,6.679853713888946,,
NCC1CCN(C(=O)CN2CCC[C@H](NS(=O)(=O)c3ccc4cc(Cl)ccc4c3)C2=O)CC1,False,,5.876148359032914,,
NCCCC(NC(=O)OCc1ccccc1)P(=O)(Oc1ccccc1)Oc1ccccc1,False,,3.6020599913279625,5.6020599913279625,
NCCCCCCNc1cc(C(F)(F)F)ccc1C(=O)Nc1ccc(Cl)cc1C(=O)Nc1ccc(Cl)cn1,False,,6.211124884224583,,
NCCCCCNOC(=O)CN(C(=O)[C@@H](CC1CCCCC1)NCC(=O)O)C1CCCC1,False,,,4.8696662315049934,
NCCCCC[C@H](NC(=O)[C@@H]1CCCN1C(=O)[C@H](N)Cc1ccccc1)C(=O)c1nccs1,False,,,4.853871964321762,
NCCCC[C@@H](NC1CCC2(CC1)CCN(Cc1ccccc1)C2)C(=O)N1CCN(C(=O)Oc2ccc3ccccc3c2Cl)C[C@H]1C(=O)NCc1cccs1,False,7.6439741428068775,,,
NCCCC[C@@H](NC1CCC2(CC1)CCN(Cc1ccccc1)C2)C(=O)N1CCN(C(=O)Oc2cccc3ccccc23)C[C@H]1C(=O)NCc1cccs1,False,7.928117992693875,,,
NCCCC[C@@H](NC1CCC2(CC1)CCN(Cc1ccccc1)C2)C(=O)N1CCN(C(=O)Oc2ccccc2Cl)C[C@H]1C(=O)NCc1cccs1,False,7.680887682005877,,,
NCCCC[C@@H](NC1CCCCC1)C(=O)N1CCN(C(=O)Oc2ccc3ccccc3c2Cl)C[C@H]1C(=O)NCc1cccs1,False,7.525783735923745,,,
NCCCC[C@@H](NC1CCCCC1)C(=O)N1CC[C@@H](NC(=O)N2CCC3(CC2)CC3)[C@@H](C(=O)NCc2ccc(CN)cc2)C1,False,7.7281583934635005,,,
NCCCC[C@@H](NC1CCCCC1)C(=O)N1CC[C@@H](NC(=O)N2CCC3(CC2)CC3)[C@@H](C(=O)NCc2ccccc2)C1,False,7.007446482167865,,,
NCCCC[C@@H](NC1CCCCC1)C(=O)N1CC[C@@H](NC(=O)N2CCC3(CC2)CC3)[C@@H](C(=O)NCc2cccs2)C1,False,7.145086977692144,,,
NCCCC[C@H](N)C(=O)O.O=C(Nc1ccc(Cl)cc1)c1ccc(NC(=O)c2ccc(-c3nc4cc(Cl)c(Cl)cc4[nH]3)cc2)c(C(=O)O)c1,False,,4.400116927926312,4.423658649794207,
NCCCC[C@H](NC(=O)CNC(=O)CCc1ccccc1)B(O)O,False,,,4.045757490560675,
NCCCC[C@H](NC(=O)[C@@H]1CCCN1C(=O)CCCc1ccccc1)C(=O)c1nccs1,False,,,4.337242168318426,
NCCCC[C@H](NC(=O)[C@@H]1CCCN1C(=O)[C@H](N)Cc1ccccc1)C(=O)c1nccs1,False,,,6.585026652029182,
NCCCC[C@H](NC(=O)[C@@H]1CC[C@H]2CN(C(=O)CCc3ccccc3)CC(=O)N21)C(=O)c1nccs1,False,,,7.113509274827518,
NCCCC[C@H](NS(=O)(=O)c1ccc2ccccc2c1)C(=O)N1CCC[C@H]1C(=O)NCCCCN=C(N)N,False,,,5.309803919971486,
NCCCOC(=O)c1cc2cc(CCl)ccc2oc1=O,True,,,3.5228787452803374,
NCCN(C(=O)CCS(=O)(=O)c1ccc2cc(Cl)ccc2c1)C1CCN(c2ccncc2)CC1,False,,7.022276394711152,,
NCCOC(=O)c1cc2cc(CCl)ccc2oc1=O,True,,,3.5466816599529625,
NCC[C@H](NC(=O)[C@H](Cc1ccc(F)c(F)c1)NC(=O)Nc1ccc2c(CN3CCCC3)nn(Cc3c(Cl)cccc3Cl)c2c1)C(=O)NCc1ccccc1,False,,,6.431798275933005,
NC[C@H]1CC[C@H](C(=O)N2C[C@@H](N3CCN(S(=O)(=O)C4CC4)CC3)C[C@H]2C(=O)Nc2ccc(C(=O)O)cc2)CC1,False,,4.0,4.0,
NC[C@H]1CN(c2ccc(N3CCOCC3=O)cc2)C(=O)O1,False,,5.698970004336019,,
NCc1ccc(C(=O)N2C[C@@H](n3cc(C4CC4)nn3)C[C@H]2C(=O)NCC(c2ccccc2)c2ccccc2)cc1,False,,4.1487416512809245,4.026872146400302,
NCc1ccc(C(=O)Nc2ccc(Cl)cc2C(=O)Nc2ccc(Cl)cn2)cc1,False,,8.0,4.958607314841775,
NCc1ccc(CCCNCCNS(=O)(=O)c2ccc3ccccc3c2Cl)cc1,False,,4.0,4.0,
NCc1ccc(CCOc2cccc(OS(=O)(=O)c3ccccc3)c2)cc1O,False,,,4.970000123715015,
NCc1ccc(CNC(=O)Cn2c(-c3cccc(N)c3)c(Cl)nc(NC3CCC3)c2=O)cc1,False,,4.522878745280337,4.522878745280337,
NCc1ccc(CNC(=O)[C@@H]2CC[C@H]3[C@@H](OCc4ccccc4)CCC(=O)N23)cc1.O=C(O)C(F)(F)F,False,,,4.900000142057633,
NCc1ccc(CNC(=O)[C@@H]2CC[C@H]3[C@@H](OCc4ccccc4)C[C@H](O)C(=O)N23)cc1.O=C(O)C(F)(F)F,False,,,4.900000142057633,
NCc1ccc(CNC(=O)[C@@H]2CN(C(=O)Oc3cccc4ccccc34)CCN2C(=O)[C@@H](CC2CCCCC2)NC2CCCCC2)cc1,False,8.075720713938118,,,
NCc1ccc(CNC(=O)[C@@H]2CN(C(=O)Oc3ccccc3Cl)CCN2C(=O)[C@@H](CC2CCCCC2)NC2CCCCC2)cc1,False,8.229147988357855,,,
NCc1ccc(CNC(=O)[C@@H]2CN(C(=O)Oc3ccccc3Cl)CCN2C(=O)[C@H](N)CC2CCCCC2)cc1Cl,False,7.534617148551582,,,
NCc1ccc(CNC(=O)[C@H](Cc2ccccc2)NC(=O)C(Cc2ccc(OCC(F)(F)F)cc2)NC(=O)c2ccccc2)cc1,False,5.0,,,
NCc1ccc(CNC(=O)[C@H]2CN(C(=O)[C@@H](CC3CC3)NC3CCCCC3)CC[C@H]2NC(=O)N2CCC3(CC2)CC3)cc1,False,7.379863945026242,,,
NCc1ccc(CNC(=O)c2cn(Cc3ccccc3)nc2-c2ccccc2)cc1,False,5.0,,4.3979400086720375,
NCc1ccc(CNC(=O)c2cn(Cc3csc(-c4ccccc4)n3)nc2C(F)(F)F)cc1,False,5.070070439915412,,4.3979400086720375,
NCc1ccc(Cl)c(NC(=O)CN2CCCCC(NC(=O)c3ccc(-c4ccccc4)cc3)C2=O)c1,False,,6.060480747381382,6.060480747381382,
NCc1ccc(NC(=O)c2c([O-])ccc[n+]2Cc2nccn2Cc2ccccc2)cc1,False,,4.301029995663981,4.301029995663981,
NCc1ccc(OC(=O)N2CCN(C(=O)[C@@H](CC3CCCCC3)NC3CCC4(CC3)CCN(Cc3ccccc3)C4)[C@H](C(=O)NCc3cccs3)C2)c2ccccc12,False,8.337242168318426,,,
NCc1ccc(OC(=O)N2CCN(C(=O)[C@@H](CC3CCCCC3)NC3CCCCC3)[C@H](C(=O)NCc3cccs3)C2)c(Cl)c1,False,8.173925197299173,,,
NCc1ccc(OC(=O)N2CCN(C(=O)[C@@H](CC3CCCCC3)NC3CCCCC3)[C@H](C(=O)NCc3cccs3)C2)c2ccccc12,False,7.892790030352131,,,
NCc1ccc2[nH]c(C(Cc3ccccc3F)c3ccccc3F)cc2c1,False,,,4.229147988357856,
NCc1cccc(C2CCN(C(=O)c3ccc(C#Cc4ccccc4)o3)CC2)c1.O=C(O)C(F)(F)F,False,,4.0,4.0,
NCc1cccc(C2CCN(C(=O)c3ccc(C#Cc4ccccc4F)o3)CC2)c1.O=C(O)C(F)(F)F,False,,4.0,4.0,
NCc1cccc(C2CCN(C(=O)c3ccc(C#Cc4ccccn4)o3)CC2)c1.O=C(O)C(F)(F)F,False,,5.045757490560675,4.0,
NCc1cccc(C[C@@H](NC2CCCCC2)C(=O)N2CCN(C(=O)Oc3cccc4ccccc34)C[C@H]2C(=O)NCc2cccs2)c1,False,7.72584215073632,,,
NCc1cccc(NC(=O)CN2CCCCC(NC(=O)CC(c3ccccc3)c3ccccc3)C2=O)c1,False,,6.769551078621726,6.769551078621726,
NCc1cccc(NC(=O)CN2CCCCC(NC(=O)c3ccc(-c4ccccc4)cc3)C2=O)c1,False,,6.886056647693163,6.886056647693163,
NCc1cccc(OC(=O)N2CCN(C(=O)[C@@H](CC3CCCCC3)NC3CCCCC3)[C@H](C(=O)NCc3cccs3)C2)c1Cl,False,8.958607314841775,,,
NCc1ccccc1-c1ccc(C(=O)Nc2ccc(Cl)cc2C(=O)Nc2ccc(Cl)cn2)cc1,False,,8.886056647693163,,
NCc1ccccc1-c1ccc(C(=O)Nc2ccccc2C(=O)Nc2ccc(Cl)cn2)cc1,False,,7.173925197299173,,
NNC(=O)CN1C(=O)CN=C(c2ccccc2)c2cc(Br)ccc21,False,4.301029995663981,,,
NNC(=O)CN1C(=O)Nc2ccc(Br)cc2C1c1ccccc1,False,,,4.301029995663981,
NNC(=O)c1ccc(CSc2nc3ccccc3s2)cc1,False,4.301029995663981,,,
NNCc1ccc(C(=O)Nc2ccc(Cl)cc2C(=O)Nc2ccc(Cl)cn2)cc1,False,,7.3979400086720375,4.958607314841775,
NOC(=O)CN(CCCS(=O)(=O)c1ccc2cc(Cl)ccc2c1)C(=O)C1CCN(c2ccncc2)CC1,False,,6.920818753952375,,
NS(=O)(=O)c1ccc(CCNC(=O)Cc2ccccc2[N+](=O)[O-])cc1,False,4.301029995663981,,4.301029995663981,
NS(=O)(=O)c1ccc(Cl)cc1[N+](=O)[O-],False,4.301029995663981,,,
NS(=O)(=O)c1ccc(NNC(=O)c2sccc2Cl)cc1,False,4.301029995663981,,,
NS(=O)(=O)c1ccccc1-c1ccc(C(=O)N2CCN(S(=O)(=O)c3ccc4cc(Br)ccc4c3)CC2)cc1,False,,6.619788758288394,,
NS(=O)(=O)c1ccccc1-c1ccc(C(=O)N2CC[C@@H](CNS(=O)(=O)/C=C/c3ccc(Cl)s3)C2)cc1,False,,5.721246399047171,,
NS(=O)(=O)c1ccccc1-c1ccc(C(=O)NCCC(=O)Nc2ccc(Br)cn2)cc1,False,,7.920818753952375,,
NS(=O)(=O)c1ccccc1-c1ccc(C(=O)Nc2ccc(-n3ccnc3)cc2C(=O)Nc2ccc(Br)cn2)cc1,False,,6.892790030352131,,
NS(=O)(=O)c1ccccc1-c1ccc(C(=O)Nc2ccccc2C(=O)Nc2ccc(Br)cn2)cc1,False,,8.468521082957745,5.0,
NS(=O)(=O)c1ccccc1-c1ccc(C(=O)Nc2ccccc2C(=O)Nc2ccc(Cl)cn2)cc1,False,,8.173925197299173,,
NS(=O)(=O)c1ccccc1-c1ccc(C(=O)Nc2cccnc2C(=O)Nc2ccc(Cl)cn2)cc1,False,,7.585026652029182,,
NS(=O)(=O)c1ccccc1-c1ccc(C(=O)Nc2ccncc2C(=O)Nc2ccc(Cl)cn2)cc1,False,,7.7447274948966935,,
NS(=O)(=O)c1ccccc1-c1ccc(C(=O)Nc2cnccc2C(=O)Nc2ccc(Cl)cn2)cc1,False,,7.638272163982407,,
NS(=O)(=O)c1ccccc1-c1ccc(C(=O)Nc2ncccc2C(=O)Nc2ccc(Cl)cn2)cc1,False,,7.318758762624412,,
NS(=O)(=O)c1ccccc1-c1ccc(NC(=O)[C@H]2CC=NN2C(=O)Nc2ccc(Cl)cc2)c(F)c1,False,,8.096910013008056,,
NS(=O)(=O)c1ccccc1-c1ccc(NC(=O)[C@H]2CCCN2C(=O)Nc2ccc(Cl)cc2)c(F)c1,False,,7.7447274948966935,,
NS(=O)(=O)c1ccccc1-c1ccc(NC(=O)c2cc(C(F)(F)F)nn2-c2cc3ccccc3cc2F)cc1,False,,7.568636235841013,,
NS(=O)(=O)c1ccccc1-c1ccc(NC(=O)c2cc(C(F)(F)F)nn2-c2ccc3cc(Cl)ccc3c2)cc1,False,,8.397940008672037,,
NS(=O)(=O)c1ccccc1-c1ccc2c(c1)OC[C@H]1[C@H](CNC(=O)c3ccc(Cl)s3)OC(=O)N21,False,,7.21983144156217,,
N[C@@H](C(=O)N1CCC[C@H]1C(=O)NC[C@H]1CC[C@H](N)CC1)C(c1ccccc1)c1ccccc1,False,,,10.0,
N[C@@H](CCCCNC(=O)CN1CC=C(c2cccc3c2CCN(C(=O)[C@H]2CC(c4cccc(Cl)c4F)=NO2)[C@@H]3C(=O)Nc2ccc(C(=O)O)cc2)CC1)C(=O)O,False,,5.0,,
N[C@@H](Cc1ccccc1)[C@H](O)CNS(=O)(=O)c1ccc2ccccc2c1,False,,,4.0,
N[C@@H]1C[C@@H](c2nc(C(=O)NCc3ncn4ccc(Cl)cc34)cs2)N(C(=O)c2cn3cc(Cl)ccc3n2)C1,False,,5.0,,
N[C@H]1CC[C@H](CNC(=O)[C@@H]2CCCN2C(=O)C2(O)c3ccccc3-c3ccccc32)CC1,False,,,8.397940008672037,
N[C@H]1CC[C@H]([C@H](NC(=O)[C@@H]2CC[C@H]3CN(C(=O)CCc4ccccc4)CC(=O)N32)C(=O)c2nccs2)CC1,False,,,7.481486060122112,
Nc1[nH]c(N=Nc2nc(-c3ccc(Cl)cc3)cs2)c2ccccc12,False,4.301029995663981,,,
Nc1[nH]cnc2nc(SCCN3CCCCC3)nc1-2,False,,,4.301029995663981,
Nc1[nH]nc2ccc(C(=O)N[C@@H](C(=O)Nc3ccc(-c4ccccc4S(N)(=O)=O)cc3)c3ccccc3)cc12,False,,5.462180904926726,5.0,
Nc1[nH]nc2ccc(C(=O)N[C@H](C(=O)Nc3ccc(-c4ccccc4S(N)(=O)=O)cc3)c3ccccc3)cc12,False,,5.0,5.0,
Nc1c(C(=O)NCc2cccnc2)sc(=S)n1-c1ccccc1,False,4.301029995663981,,,
Nc1c2c(nn1C(=O)C1CCNc3ccc(F)cc31)CCOC2,False,7.096910013008056,,4.301029995663981,
Nc1c2c(nn1C(=O)C1CCNc3ccc(F)cc31)CN(S(=O)(=O)C(F)F)CC2,False,6.886056647693163,,4.154901959985743,
Nc1c2c(nn1C(=O)C1CCNc3ccc(F)cc31)CN(S(=O)(=O)C1CC1)CC2,False,6.638272163982407,,4.096910013008056,
Nc1c2c(nn1C(=O)C1CCNc3ccc(F)cc31)CN(S(=O)(=O)CC(F)F)CC2,False,6.698970004336019,,4.3979400086720375,
Nc1c2c(nn1C(=O)C1CCNc3ccc(F)cc31)CN(S(=O)(=O)CF)CC2,False,6.886056647693163,,4.221848749616356,
Nc1c2c(nn1C(=O)C1CCNc3ccc(F)cc31)CN(S(=O)(=O)c1cccnc1)CC2,False,6.154901959985743,,4.823908740944319,
Nc1c2c(nn1C(=O)C1CCNc3ccc(F)cc31)CN(S(=O)(=O)c1ccncc1)CC2,False,5.920818753952375,,,
Nc1c2c(nn1C(=O)C1CCNc3ccc(F)cc31)CN(c1ccccc1)CC2,False,6.795880017344075,,4.455931955649724,
Nc1c2c(nn1C(=O)C1CCNc3ccc(F)cc31)CN(c1ccccn1)CC2,False,4.221848749616356,,3.9208187539523753,
Nc1c2c(nn1C(=O)C1CCNc3ccc(F)cc31)COCC2,False,6.795880017344075,,4.154901959985743,
Nc1c2c(nn1C(=O)C1CCNc3ccccc31)CN(C(=O)OCc1ccccc1)CC2,False,6.0,,4.769551078621726,
Nc1c2c(nn1C(=O)C1CCNc3ccccc31)CN(C(=O)c1ccccc1)CC2,False,6.096910013008056,,4.1249387366083,
Nc1c2c(nn1C(=O)C1CCNc3ccccc31)CN(S(=O)(=O)c1ccccc1)CC2,False,6.0,,4.0,
Nc1c2c(nn1C(=O)C1CCNc3ccccc31)CNCC2,False,6.221848749616356,,4.0,
Nc1c2c(nn1C(=O)[C@@H]1CCNc3c(Cl)cccc31)COCC2,False,4.795880017344075,,,
Nc1c2c(nn1C(=O)[C@@H]1CCNc3ccc(F)cc31)CNCC2,False,5.0,,,
Nc1c2c(nn1C(=O)[C@@H]1CCNc3ccc(F)cc31)COCC2,False,4.3979400086720375,,,
Nc1c2c(nn1C(=O)[C@H]1CCNc3c(Cl)cccc31)COCC2,False,7.045757490560675,,,
Nc1c2c(nn1C(=O)[C@H]1CCNc3ccc(F)cc31)CNCC2,False,7.154901959985743,,4.045757490560675,
Nc1c2c(nn1C(=O)[C@H]1CCNc3ccc(F)cc31)COCC2,False,7.096910013008056,,4.022276394711152,
Nc1cc(C(=O)NC[C@H]2CN(c3ccc(N4CCOCC4=O)cc3)C(=O)O2)sc1Cl,False,,8.070581074285707,,
Nc1cc(N2C[C@H](CNC(=O)c3ccc(Cl)s3)OC2=O)ccc1N1CCOCC1=O,False,,9.070545776626023,,
Nc1cc(OC(=O)c2ccco2)nn1S(=O)(=O)c1ccc(F)cc1,False,4.91967733689755,,,
Nc1ccc(C(=O)Nc2ccc(Br)cn2)c(NC(=O)c2ccc(-c3ccccc3S(N)(=O)=O)cc2)c1,False,,8.207608310501746,,
Nc1ccc(C(NC(=O)OCc2ccccc2)P(=O)(Oc2ccccc2)Oc2ccccc2)cc1,False,,5.0,5.0,
Nc1ccc(CC(NC(=O)OCc2ccccc2)P(=O)(Oc2ccccc2)Oc2ccccc2)cc1,False,,5.0,4.207608310501746,
Nc1ccc(N2CC(CNC(=O)c3ccc(Cl)s3)OC2=O)cc1F,False,,5.698970004336019,,
Nc1ccc(NC(=O)c2ccc(-c3ccccc3S(N)(=O)=O)cc2)c(C(=O)Nc2ccc(Br)cn2)c1,False,,8.337242168318426,,
Nc1ccc(NC(=O)c2ccc(-c3ccccc3S(N)(=O)=O)cc2)c(C(=O)Nc2ccc(Cl)cn2)c1,False,,8.173925197299173,,
Nc1ccc(OC(=O)c2cc3cc(CCl)ccc3oc2=O)cc1,True,,,4.318758762624412,
Nc1cccc(-c2c(Cl)nc(NC3CCC3)c(=O)n2CC(=O)NCCc2cnc(N)[nH]2)c1,False,,4.522878745280337,4.522878745280337,
Nc1cccc(-c2c(Cl)nc(NC3CCC3)c(=O)n2CC(=O)NCCc2cnc[nH]2)c1,False,,4.522878745280337,4.522878745280337,
Nc1cccc(-c2c(Cl)nc(NC3CCC3)c(=O)n2CC(=O)NCc2ccc(C3=NCCN3)cc2)c1,False,,4.522878745280337,4.522878745280337,
Nc1cccc(-c2c(Cl)nc(NC3CCC3)c(=O)n2CC(=O)NCc2ccc3c(N)n[nH]c(=O)c3c2)c1,False,,4.522878745280337,4.522878745280337,
Nc1cccc(-c2c(Cl)nc(NC3CCC3)c(=O)n2CC(=O)NCc2ccc3c(N)nccc3c2)c1,False,,4.522878745280337,4.522878745280337,
Nc1cccc(-c2c(Cl)nc(NC3CCC3)c(=O)n2CC(=O)NCc2ccc3c(N)noc3c2)c1,False,,4.522878745280337,4.522878745280337,
Nc1cccc(-c2c(Cl)nc(NC3CCC3)c(=O)n2CC(=O)NCc2ccc3c(N)nsc3c2)c1,False,,4.522878745280337,4.522878745280337,
Nc1cccc(-c2c(Cl)nc(NC3CCC3)c(=O)n2CC(=O)NCc2ccccc2)c1,False,,7.3979400086720375,4.97469413473523,
Nc1cccc(-c2c(Cl)nc(NC3CCC3)c(=O)n2CC(=O)NCc2ccnc(N)n2)c1,False,,4.522878745280337,4.522878745280337,
Nc1cccc(-c2ccc(C(=O)Nc3ccc(Cl)cc3C(=O)Nc3ccc(Cl)cn3)cc2)c1,False,,8.721246399047171,,
Nc1cccc(OC(=O)c2cc3cc(CCl)ccc3oc2=O)c1,True,,,5.703334809738469,
Nc1cccc2c1=NC1(CCCCC1)[N+]=2[O-],False,,,4.301029995663981,
Nc1cccc2c1C(=O)N(C(=O)c1ccco1)C2=O,False,,,5.064252981138845,
Nc1ccccc1-c1ccc(C(=O)Nc2ccc(Cl)cc2C(=O)Nc2ccc(Cl)cn2)cc1,False,,8.886056647693163,,
Nc1ccccc1C(=O)n1nc(-c2ccccn2)cc1NCc1ccc(Cl)s1,False,,,8.397940008672037,
Nc1ccnn1Cc1cccs1,False,4.301029995663981,,,
Nc1cnc2cccc(N3CCN(C(=O)CCS(=O)(=O)c4ccc5cc(Cl)ccc5c4)CC3)n12,False,,7.455931955649724,,
Nc1n[nH]c(-c2ccccc2)n1,False,5.301029995663981,5.301029995663981,5.301029995663981,
Nc1n[nH]c(-c2ccccn2)n1,False,5.301029995663981,5.301029995663981,5.301029995663981,
Nc1n[nH]c(-c2ccncc2)n1,False,5.301029995663981,5.301029995663981,5.301029995663981,
Nc1n[nH]c(CCCNOC(=O)CN(C(=O)[C@@H](CC2CCCCC2)NCC(=O)O)C2CCCC2)n1,False,,,4.0,
Nc1n[nH]c(CCNOC(=O)CN(C(=O)[C@@H](CC2CCCCC2)NCC(=O)O)C2CCCC2)n1,False,,,4.0,
Nc1n[nH]c(SCn2nnc3ccccc3c2=O)n1,False,4.301029995663981,,,
Nc1n[nH]c2cc(N[C@@H](C(=O)Nc3ccc(-c4ccccc4S(N)(=O)=O)cc3)c3ccccc3)ccc12,False,,5.462180904926726,,
Nc1n[nH]cc1C(=O)N1CC2CC(CN(C(=O)CN3CCC[C@H](NS(=O)(=O)c4ccc5cc(Cl)ccc5c4)C3=O)C2)C1,False,,8.154901959985743,,
Nc1nc(-c2ccc(CNC(=O)Cc3ccc(NS(=O)(=O)c4ccccc4)cc3)cc2)c[nH]1,False,,4.301029995663981,6.0996328713435295,
Nc1nc(-c2ccc(CNC(=O)Cc3ccc(NS(=O)(=O)c4ccccc4)nc3)cc2)c[nH]1,False,,4.0,5.6777807052660805,
Nc1nc(-c2ccc(CNC(=O)Cc3ncc(NS(=O)(=O)c4ccccc4)cn3)cc2)c[nH]1,False,,4.0,4.0,
Nc1nc(-c2ccc(Cl)cc2)nn1C(=O)c1cccnc1,False,5.255455120892027,,5.863942475561201,
Nc1nc(-c2ccccc2)nn1C(=O)Cc1ccccc1,False,5.493915936614224,,5.820382150544914,
Nc1nc(-c2ccccc2)nn1C(=O)c1cccc([N+](=O)[O-])c1,False,4.870310107800699,,,
Nc1nc(-c2ccccn2)nn1C(=O)/C=C/c1ccccc1,False,5.007800070204415,5.301029995663981,5.806318970458719,
Nc1nc(-c2ccccn2)nn1C(=O)C1CCCCC1,False,6.0,5.301029995663981,5.301029995663981,
Nc1nc(-c2ccccn2)nn1C(=O)C1CCOCC1,False,4.916139199133427,5.301029995663981,5.301029995663981,
Nc1nc(-c2ccccn2)nn1C(=O)CNC(=O)c1ccccc1,False,4.87942606879415,5.301029995663981,3.87942606879415,
Nc1nc(-c2ccccn2)nn1C(=O)Cc1ccccc1,False,6.6777807052660805,5.301029995663981,6.293282217663242,
Nc1nc(-c2ccccn2)nn1C(=O)Cc1ccccc1I,False,7.2076083105017466,5.301029995663981,5.740167300936516,
Nc1nc(-c2ccccn2)nn1C(=O)[C@H]1CCCc2ccccc21,False,6.872895201635193,5.301029995663981,6.375717904164332,
Nc1nc(-c2ccccn2)nn1C(=O)c1ccc(Br)cc1,False,6.100726812682396,5.301029995663981,6.621602099051862,
Nc1nc(-c2ccccn2)nn1C(=O)c1ccc(C(F)(F)F)cc1,False,5.4939010400715595,5.301029995663981,5.339893778276756,
Nc1nc(-c2ccccn2)nn1C(=O)c1ccc(F)cc1,False,6.51427857351842,5.301029995663981,6.317854923626168,
Nc1nc(-c2ccccn2)nn1C(=O)c1ccc(N2CCC3(CC2)OCCO3)cc1,False,6.694648630553377,,,
Nc1nc(-c2ccccn2)nn1C(=O)c1ccc(N2CCN(C3CC3)CC2)c2ccccc12,False,7.3979400086720375,,,
Nc1nc(-c2ccccn2)nn1C(=O)c1ccc(N2CCN(C3CCCC3)CC2)c2ccccc12,False,7.301029995663981,,,
Nc1nc(-c2ccccn2)nn1C(=O)c1ccc(N2CCN(C3CCCCC3)CC2)c2ccccc12,False,7.251811972993799,,,
Nc1nc(-c2ccccn2)nn1C(=O)c1ccc(N2CCN(C3COC3)CC2)c2ccccc12,False,7.4089353929735005,4.6020599913279625,4.698970004336019,
Nc1nc(-c2ccccn2)nn1C(=O)c1ccc(NC(=O)C(F)(F)F)cc1,False,6.847711655616943,5.301029995663981,5.469544156415323,
Nc1nc(-c2ccccn2)nn1C(=O)c1ccc(NC(=O)c2ccccc2)cc1,False,6.904319799904932,5.301029995663981,4.804100347590766,
Nc1nc(-c2ccccn2)nn1C(=O)c1ccc([N+](=O)[O-])cc1,False,5.226652458019177,5.301029995663981,5.301029995663981,
Nc1nc(-c2ccccn2)nn1C(=O)c1ccc2ccccc2c1,False,6.860120913598763,,7.568636235841013,
Nc1nc(-c2ccccn2)nn1C(=O)c1cccc2ccccc12,False,7.5103786532839365,5.301029995663981,6.434833115752497,
Nc1nc(-c2ccccn2)nn1C(=O)c1ccccc1[N+](=O)[O-],False,5.806875401645538,5.301029995663981,5.301029995663981,
Nc1nc(-c2ccccn2)nn1C(=O)c1cccnc1,False,5.7942544590573375,5.301029995663981,6.306273051076353,
Nc1nc(-c2ccccn2)nn1C(=O)c1ccco1,False,6.014124642691606,5.301029995663981,5.752517739322946,
Nc1nc(-c2cccnc2)nn1C(=O)Cc1ccccc1,False,5.819379487887264,,7.1233780839657275,
Nc1nc(-c2cccnc2)nn1C(=O)c1ccc(Cl)cc1,False,5.722223049783286,,6.107421261874302,
Nc1nc(-c2cccnc2)nn1C(=O)c1ccc(F)cc1,False,7.09231997575758,,5.697082758369104,
Nc1nc(-c2cccnc2)nn1C(=O)c1cccc([N+](=O)[O-])c1,False,5.07727454200674,,,
Nc1nc(-c2cccnc2)nn1C(=O)c1ccccc1,False,6.2790207931530215,,,
Nc1nc(-c2cccnc2)nn1C(=O)c1ccccc1Cl,False,7.04638525830936,,7.080294465450879,
Nc1nc(-c2cccnc2)nn1C(=O)c1ccco1,False,4.880519852532248,,,
Nc1nc(-c2ccco2)nn1C(=O)CCc1ccccc1,False,,,7.719649306953994,
Nc1nc(-c2ccco2)nn1C(=O)c1ccc(Cl)cc1,False,5.066114538375282,,5.83512986855938,
Nc1nc(-c2ccco2)nn1C(=O)c1ccc(F)cc1,False,6.626003615737673,,,
Nc1nc(-c2ccco2)nn1C(=O)c1ccccc1,False,6.191464946855351,,6.033224894150009,
Nc1nc(-c2ccco2)nn1C(=O)c1ccccc1Cl,False,6.623806413115715,,4.8554005760235155,
Nc1nc(-c2ccco2)nn1C(=O)c1cccnc1,False,,,6.229759375146039,
Nc1nc(-c2nccc3ccccc23)nn1C(=O)c1ccc2ccccc2c1,False,,,7.6020599913279625,
Nc1nc(C(=O)N2CCOCC2)nn1C(=O)c1ccc(Cl)cc1,False,5.346530845774949,,8.290730039024169,
Nc1nc(CN2CCCCC2)cs1,False,,,4.301029995663981,
Nc1nc2ccccc2n1C(=O)c1ccco1,False,,,4.301029995663981,
Nc1nccc2c(F)c(C[C@H](C(=O)O)N3CC[C@H](NS(=O)(=O)c4ccc(N5CCCC5)nc4)C3=O)ccc12,False,,5.329754146925876,,
Nc1nccc2c(NCC34COC(COc5ccn6ccnc6c5)(C3)C4)cccc12,False,7.0,,,
Nc1nccc2cc(-c3cccc(B(O)O)c3)ccc12,False,6.721246399047171,,,
Nc1nccc2cc(CC(NC(=O)CNS(=O)(=O)c3ccc4ccccc4c3)C(=O)N3CCCCC3)ccc12,False,,,4.259637310505756,
Nc1nccc2cc(CNC(=O)[C@@H]3CCCN3C(=O)[C@@H](CC3CC3)NC3CCCCC3)ccc12,False,,,8.221848749616356,
Nc1nccc2cc(CNC(=O)[C@@H]3CCCN3C(=O)[C@@H](CC3CCCCC3)NC3CCCCC3)ccc12,False,,,9.0,
Nc1nccc2cc(CNC(=O)[C@@H]3CCCN3C(=O)[C@H](NC3CCCCC3)C3CCCCC3)ccc12,False,,,8.221848749616356,
Nc1nccc2cc(CNC(=O)[C@@H]3CCCN3C(=O)[C@H](NC3CCCCC3)C3CCOCC3)ccc12,False,,,8.698970004336019,
Nc1nccc2cc(C[C@H](C(=O)O)N3CC[C@H](NS(=O)(=O)c4cnc(N5CCC(F)(F)C5)s4)C3=O)c(C(F)(F)F)cc12,False,,5.661543506395395,,
Nc1nccc2cc(C[C@H](C(=O)O)N3CC[C@H](NS(=O)(=O)c4cnc(N5CCC(F)(F)C5)s4)C3=O)c(Cl)cc12,False,,6.721246399047171,,
Nc1nccc2cc(C[C@H](C(=O)O)N3CC[C@H](NS(=O)(=O)c4cnc(N5CCC(F)(F)C5)s4)C3=O)c(F)cc12,False,,5.920818753952375,,
Nc1nccc2cc(C[C@H](C(=O)O)N3CC[C@H](NS(=O)(=O)c4cnc(N5CCC(F)(F)C5)s4)C3=O)c(OC(F)(F)F)cc12,False,,6.251811972993799,,
Nc1nccc2cc(C[C@H](C(=O)O)N3CC[C@H](NS(=O)(=O)c4cnc(N5CCC5)s4)C3=O)c(C(F)(F)F)cc12,False,,6.251811972993799,,
Nc1nccc2cc(C[C@H](C(=O)O)N3CC[C@H](NS(=O)(=O)c4cnc(N5CCC5)s4)C3=O)c(Cl)cc12,False,,7.721246399047171,,
Nc1nccc2cc(C[C@H](C(=O)O)N3CC[C@H](NS(=O)(=O)c4cnc(N5CCC5)s4)C3=O)c(OC(F)(F)F)cc12,False,,7.455931955649724,,
Nc1nccc2cc(C[C@H](C(=O)O)N3CC[C@H](NS(=O)(=O)c4cnc(N5CCCC5)s4)C3=O)c(C(F)(F)F)cc12,False,,6.431798275933005,,
Nc1nccc2cc(C[C@H](C(=O)O)N3CC[C@H](NS(=O)(=O)c4cnc(N5CCCC5)s4)C3=O)c(Cl)cc12,False,,7.568636235841013,,
Nc1nccc2cc(C[C@H](C(=O)O)N3CC[C@H](NS(=O)(=O)c4cnc(N5CCCC5)s4)C3=O)c(F)cc12,False,,7.327902142064283,,
Nc1nccc2cc(C[C@H](C(=O)O)N3CC[C@H](NS(=O)(=O)c4cnc(N5CCCC5)s4)C3=O)c(OC(F)(F)F)cc12,False,,7.376750709602099,,
Nc1nccc2ccc(C(=O)N3Cc4ccccc4C[C@H]3C(=O)Nc3ccc(-c4ccccc4S(N)(=O)=O)cc3)cc12,False,,5.557520230935552,5.0,
Nc1nccc2ccc(CN3CC[C@H](NS(=O)(=O)c4cc5ncccc5s4)C3=O)cc12,False,,7.463537426875519,,
Nc1nccc2ccc(OCC(Cc3ccccc3)N3Cc4cc(-c5ccccc5S(N)(=O)=O)ccc4C3=O)cc12,False,,6.645891560852599,,
Nc1nccc2ccc(OCC(c3ccccc3)N3Cc4cc(-c5ccccc5S(N)(=O)=O)ccc4C3=O)cc12,False,,6.205511953340831,,
Nc1nccc2ccc(OCCN3Cc4cc(-c5ccccc5S(N)(=O)=O)ccc4C3=O)cc12,False,,7.657577319177793,,
Nc1nccc2ccc(Oc3ccc(C(F)(F)F)cc3NC(=O)c3ccc(-c4ccccc4S(N)(=O)=O)cc3)cc12,False,,5.7423214251308154,,
Nc1nccc2ccc(Oc3ccc(F)cc3NC(=O)c3ccc(-c4ccccc4S(N)(=O)=O)cc3)cc12,False,,5.87942606879415,,
Nc1nccc2ccc(Oc3ccccc3NC(=O)c3ccc(-c4ccccc4S(N)(=O)=O)cc3)cc12,False,,6.189767482004916,,
Nc1nccc2ccccc12,False,3.398048595866478,,,
Nc1ncnc2cc(CN3C(=O)CN(S(=O)(=O)c4cc5ccc(Cl)cc5s4)CC3C(=O)O)ccc12,False,,9.175544408479427,,
Nc1nn(C(=O)C2CCNc3c(Cl)cccc32)c2c1CCNC2,False,5.301029995663981,,,
Nc1nn(C(=O)C2CCNc3ccc(F)cc32)c2c1CCN(S(=O)(=O)C(F)F)C2,False,4.795880017344075,,,
Nc1nn(C(=O)C2CCNc3ccc(F)cc32)c2c1CCN(S(=O)(=O)CC(F)F)C2,False,4.769551078621726,,,
Nc1nn(C(=O)C2CCNc3ccc(F)cc32)c2c1CCN(S(=O)(=O)CF)C2,False,4.508638306165727,,,
Nc1nn(C(=O)C2CCNc3ccc(F)cc32)c2c1CCN(S(=O)(=O)c1cccnc1)C2,False,4.431798275933005,,,
Nc1nn(C(=O)C2CCNc3ccc(F)cc32)c2c1CCN(S(=O)(=O)c1ccncc1)C2,False,4.853871964321762,,,
Nc1nn(C(=O)C2CCNc3ccc(F)cc32)c2c1CCN(c1ccccc1)C2,False,4.221848749616356,,,
Nc1nn(C(=O)C2CCNc3ccc(F)cc32)c2c1CCNC2,False,4.698970004336019,,,
Nc1nn(C(=O)C2CCNc3ccc(F)cc32)c2c1COCC2,False,4.6020599913279625,,,
Nc1nn(C(=O)C2CCNc3ccccc32)c2c1CCN(C(=O)OCc1ccccc1)C2,False,4.346787486224656,,5.301029995663981,
Nc1nn(C(=O)C2CCNc3ccccc32)c2c1CCN(C(=O)c1ccccc1)C2,False,4.221848749616356,,4.187086643357144,
Nc1nn(C(=O)C2CCNc3ccccc32)c2c1CCN(S(=O)(=O)c1ccccc1)C2,False,4.301029995663981,,4.154901959985743,
Nc1nn(C(=O)[C@@H]2CCNc3c(Cl)cccc32)c2c1CCNC2,False,5.154901959985743,,,
Nc1nn(C(=O)[C@H]2CCNc3c(Cl)cccc32)c2c1CCNC2,False,7.154901959985743,,,
Nc1nn(Cc2ccc(Cn3ccccc3=O)cc2)cc1C(=O)NCc1cc(Cl)ccc1-n1cnnn1,False,5.3979400086720375,,,
Nc1nnc(SCCCC(=O)c2ccccc2)s1,False,,,4.301029995663981,
Nc1nncn1C(=O)CCc1ccccc1,False,,,6.218129785793241,
Nc1noc2c(N3CCC(NC(=O)c4ccc(-n5cnnc5)cc4Cl)C3)cc(Cl)cc12,False,,4.0,,
Nc1noc2c(N3CCC(NC(=O)c4ccc(-n5cnnc5)cc4Cl)C3)cccc12,False,,4.0,,
Nc1noc2c(N3CCC(NC(=O)c4ccc(-n5cnnc5)cc4Cl)C3)nccc12,False,,4.0,,
Nc1noc2c(N3CC[C@@H](NC(=O)c4ccc(-c5cncnc5)cc4Cl)C3)ncc(Cl)c12,False,,4.0,,
Nc1noc2c(N3CC[C@@H](NC(=O)c4ccc(-c5ncccn5)cc4Cl)C3)ncc(Cl)c12,False,,4.0,,
Nc1noc2c(N3CC[C@@H](NC(=O)c4ccc(-n5cnc(CCO)c5)cc4Cl)C3)ncc(Cl)c12,False,,4.0,,
Nc1noc2c(N3CC[C@@H](NC(=O)c4ccc(-n5cnc6ccccc65)cc4Cl)C3)ncc(Cl)c12,False,,4.0,,
Nc1noc2c(N3CC[C@@H](NC(=O)c4ccc(-n5cnc6ncccc65)cc4Cl)C3)ncc(Cl)c12,False,,4.6020599913279625,,
Nc1noc2c(N3CC[C@@H](NC(=O)c4ccc(-n5cnnc5)cc4Cl)C3)cc(Cl)c(Cl)c12,False,,4.5376020021010435,,
Nc1noc2c(N3CC[C@@H](NC(=O)c4ccc(-n5cnnc5)cc4Cl)C3)ccc(Cl)c12,False,,4.522878745280337,,
Nc1noc2c(N3CC[C@@H](NC(=O)c4ccc(-n5cnnc5)cc4Cl)C3)ccc(F)c12,False,,4.0,,
Nc1noc2c(N3CC[C@@H](NC(=O)c4ccc(-n5cnnc5)cc4Cl)C3)ncc(Cl)c12,False,,4.107905397309519,,
Nc1noc2c(N3CC[C@@H](NC(=O)c4ccc(-n5cnnc5C(F)F)cc4Cl)C3)ncc(Cl)c12,False,,4.0,,
Nc1noc2ccc(C(=O)N[C@@H](C(=O)Nc3ccc(-c4ccccc4S(N)(=O)=O)cc3)c3ccccc3)cc12,False,,5.0,5.0,
Nn1c(C2CCCCC2)nc2ccccc2c1=O,False,4.301029995663981,,,
Nn1c(Cc2cccc3ccccc23)nnc1SCCOc1ccc(F)cc1,False,4.301029995663981,,,
O=C(/C=C/c1cc(Cl)ccc1-n1cnnn1)C1C[C@@H](N2CCN(S(=O)(=O)c3ccccc3)CC2)C[C@H]1C(=O)Nc1ccccc1,False,,4.0,,
O=C(/C=C/c1cc(Cl)ccc1-n1cnnn1)N[C@@H](CC(=O)N1CCN(c2ccccc2)CC1)C(=O)Nc1ccc(C(=O)O)cc1,False,,3.4685210829577446,3.337242168318426,
O=C(/C=C/c1cc(Cl)ccc1-n1cnnn1)N[C@@H](CC(=O)N1CCSCC1)C(=O)Nc1ccc(C(=O)O)cc1,False,,3.0087739243075053,,
O=C(C(=O)N1CCC[C@H]1CN1CCCC1)N1CC[C@@H](CNS(=O)(=O)/C=C/c2ccc(Cl)s2)C1,False,,6.360513510731414,,
O=C(C(=O)N1CCC[C@H]1CN1CCCC1)N1CC[C@H](CNS(=O)(=O)/C=C/c2ccc(Cl)s2)C1,False,,7.154901959985743,,
O=C(C1CC(c2ccc(Cl)c(Cl)c2)=NO1)N1CCC2(CC1)OCCO2,False,4.301029995663981,,,
O=C(C1CCC1)N(CCc1ccccc1)Cc1nc(O)c2ccccc2n1,False,4.301029995663981,,,
O=C(C1CCN(c2ccncc2)CC1)N1CCC(CNS(=O)(=O)/C=C/c2ccc(Br)s2)C1,False,,7.0655015487564325,,
O=C(C1CCN(c2ccncc2)CC1)N1CCC(CNS(=O)(=O)/C=C/c2ccc(Cl)cc2)C1,False,,6.30715308072277,,
O=C(C1CCN(c2ccncc2)CC1)N1CCC(CNS(=O)(=O)/C=C/c2cccc(Cl)c2)C1,False,,5.366531544420414,,
O=C(C1CCN(c2ccncc2)CC1)N1CCC(CNS(=O)(=O)c2cc3ccc(Cl)cc3s2)C1,False,,6.5934598195660445,,
O=C(C1CCN(c2ccncc2)CC1)N1CCC(CNS(=O)(=O)c2ccc3cc(Cl)ccc3c2)C1,False,,6.607303046740334,,
O=C(C1CCN(c2ccncc2)CC1)N1CCC(CNS(=O)(=O)c2ccc3ccccc3c2)C1,False,,5.958607314841775,,
O=C(C1CCN(c2ccncc2)CC1)N1CCN(S(=O)(=O)c2ccc3cc(Cl)ccc3c2)CC1,False,,7.481486060122112,,
O=C(C1CCN(c2ccncc2)CC1)N1CC[C@@H](CNS(=O)(=O)/C=C/c2ccc(-c3ccc(Cl)s3)s2)C1,False,,7.7447274948966935,,
O=C(C1CCN(c2ccncc2)CC1)N1CC[C@@H](CNS(=O)(=O)/C=C/c2ccc(Br)s2)C1,False,,7.657577319177793,,
O=C(C1CCN(c2ccncc2)CC1)N1CC[C@@H](CNS(=O)(=O)/C=C/c2ccc(Cl)s2)C1,False,,8.259637310505756,,
O=C(C1CCN(c2ccncc2)CC1)N1CC[C@H](CNS(=O)(=O)/C=C/c2ccc(Cl)s2)C1,False,,6.823908740944319,,
O=C(C1CCOCC1)n1nc(-c2ccccn2)cc1NCc1ccc(Cl)s1,False,,,6.7594507517174005,
O=C(CC(Nc1ccc(F)cc1)C(=O)OCC(=O)c1cccs1)c1ccccc1,False,,,5.549421445677583,
O=C(CC(c1ccc(F)cc1)c1ccco1)N1CCOCC1,False,,,4.301029995663981,
O=C(CC1(O)C(=O)Nc2ccc(Br)cc21)c1ccc2c(c1)OCO2,False,,,5.638840895512102,
O=C(CCC(=O)N/N=C/c1ccc(Br)s1)NCc1ccccc1,False,4.301029995663981,,,
O=C(CCC(=O)N1CCCCC1)Nc1ccc2c(c1)C(=O)C(=O)NC2=O,False,,,5.301029995663981,
O=C(CCC1CCCN(C(=O)C2(c3ccccc3)CC2)C1)N1CCN(c2ccccn2)CC1,False,,,4.301029995663981,
O=C(CCC1COc2ccccc2O1)NCc1ccco1,False,4.301029995663981,,,
O=C(CCCCNC(=O)OCc1ccccc1)OCN1C(=O)c2ccccc2S1(=O)=O,False,,4.481486060122112,4.481486060122112,
O=C(CCCN1C(=O)c2cccc3cccc(c23)C1=O)NCc1cccnc1,False,4.301029995663981,,,
O=C(CCCl)Nc1ccc2c(c1)C(=O)C(=O)NC2=O,False,,,5.301029995663981,
O=C(CCN1CCCC1)Nc1cccc(Br)c1,False,4.301029995663981,,,
O=C(CCNC(=O)OCc1ccccc1)OCN1C(=O)c2ccccc2S1(=O)=O,False,,4.481486060122112,4.481486060122112,
O=C(CCNC(=O)c1ccc(Cl)s1)Nc1ccc(N2CCOCC2=O)c(C(F)(F)F)c1,False,,8.53128585093184,,
O=C(CCNC(=O)c1ccc(Cl)s1)Nc1ccc(N2CCOCC2=O)cc1,False,,8.11153786512734,,
O=C(CCS(=O)(=O)c1ccc2cc(Cl)ccc2c1)N1CCC(N2CCCNC2=O)CC1,False,,7.958607314841775,,
O=C(CCS(=O)(=O)c1ccc2cc(Cl)ccc2c1)N1CCC(N2Cc3cnc(CO)n3C2=O)CC1,False,,8.096910013008056,,
O=C(CCS(=O)(=O)c1ccc2cc(Cl)ccc2c1)N1CCC(c2cnc3ccccn23)CC1,False,,7.920818753952375,,
O=C(CCS(=O)(=O)c1ccc2cc(Cl)ccc2c1)N1CCC(c2cnc3n2CCCC3)CC1,False,,7.638272163982407,,
O=C(CCS(=O)(=O)c1ccc2cc(Cl)ccc2c1)N1CCC(c2cnc[nH]2)CC1,False,,6.769551078621726,,
O=C(CCS(=O)(=O)c1ccc2cc(Cl)ccc2c1)N1CCC(c2ncc[nH]2)CC1,False,,5.795880017344075,,
O=C(CCS(=O)(=O)c1ccc2cc(Cl)ccc2c1)N1CCC(n2ccnc2)CC1,False,,5.853871964321762,,
O=C(CCS(=O)(=O)c1ccc2cc(Cl)ccc2c1)N1CCN(c2ccc3nccn3c2)CC1,False,,7.060480747381382,,
O=C(CCS(=O)(=O)c1ccc2cc(Cl)ccc2c1)N1CCN(c2cccc3nc(CO)cn23)CC1,False,,8.029492878147215,,
O=C(CCS(=O)(=O)c1ccc2cc(Cl)ccc2c1)N1CCN(c2cccc3ncc(CO)n23)CC1,False,,7.5376020021010435,,
O=C(CCS(=O)(=O)c1ccc2cc(Cl)ccc2c1)N1CCN(c2cccc3ncc([N+](=O)[O-])n23)CC1,False,,7.619788758288394,,
O=C(CCS(=O)(=O)c1ccc2cc(Cl)ccc2c1)N1CCN(c2cccc3nccn23)CC1,False,,7.6777807052660805,,
O=C(CCS(=O)(=O)c1ccc2cc(Cl)ccc2c1)N1CCN(c2ccn3ccnc3c2)CC1,False,,7.107905397309519,,
O=C(CCS(=O)(=O)c1ccc2cc(Cl)ccc2c1)N1CCN(c2ccncc2)CC1,False,,6.795880017344075,,
O=C(CCSc1nnc2ccc3ccccc3n12)Nc1ccc(F)cc1,False,4.301029995663981,,,
O=C(CCc1ccc(O)cc1)N/N=C/c1coc2ccccc2c1=O,False,,,5.204022016870932,
O=C(CCc1ccc2[nH]c(-c3ccc(Br)s3)nc2c1)NCC1CCN(c2ccncc2)CC1,False,,7.236572006437063,5.0,
O=C(CCc1ccc2[nH]c(-c3ccc(Cl)s3)nc2c1)Nc1ccc(-n2ccccc2=O)c(F)c1,False,,8.119186407719209,5.0,
O=C(CCc1ccc2[nH]c(-c3ccc(Cl)s3)nc2c1)Nc1ccc(N2CCOCC2=O)c(Cl)c1,False,,8.154901959985743,5.0,
O=C(CCc1ccc2[nH]c(-c3ccc(Cl)s3)nc2c1)Nc1ccc(N2CCOCC2=O)cc1,False,,8.0,5.0,
O=C(CCc1ccc2[nH]c(-c3ccc(Cl)s3)nc2c1)Nc1ccc(N2CCOCC2=O)cc1F,False,,7.229147988357855,5.0,
O=C(CCc1ccccc1)n1nc(-c2ccco2)nc1SCc1ccccc1,False,,,6.876540380556662,
O=C(CN(C(=O)c1ccccc1Cl)C1CCCCC1)Nc1ccc(Cl)c([N+](=O)[O-])c1,False,4.301029995663981,,,
O=C(CN(CC1CC1)C(=O)Nc1ccc(Cl)cc1)Nc1ccc(-n2ccccc2=O)cc1F,False,,8.397940008672037,,
O=C(CN(CCCS(=O)(=O)c1ccc2cc(Cl)ccc2c1)C(=O)C1CCN(c2ccncc2)CC1)ON1CCOCC1,False,,7.070581074285707,,
O=C(CN(Cc1cccs1)C(=O)CCC(=O)Nc1nccs1)NCc1ccccc1,False,4.301029995663981,,,
O=C(CN1C(=O)C2C3C=CC(C3)C2C1=O)NCCC1=CCCCC1,False,4.301029995663981,,,
O=C(CN1C(=O)C2CC=CCC2C1=O)Nc1ccc(S(=O)(=O)NC2=NCCCCC2)cc1,False,4.301029995663981,,,
O=C(CN1C(=O)CSc2ccccc21)N1CCc2ccccc21,False,,,4.301029995663981,
O=C(CN1C(=O)c2cccc3cccc1c23)NCc1ccc2c(c1)OCO2,False,4.301029995663981,,,
O=C(CN1C(=O)c2ccccc2S1(=O)=O)N1CCN(c2ccccc2F)CC1,False,4.301029995663981,,,
O=C(CN1CC(O)C(NC(=O)c2ccc(Cl)s2)C1)Nc1ccc(-n2ccccc2=O)cc1F,False,,8.826570485934765,,
O=C(CN1CCCCC(NS(=O)(=O)Cc2ccccc2)C1=O)N[C@@H](CC1CCNCC1)C(=O)C(=O)NCc1ccccc1,False,,5.2839966563652006,5.853871964321762,
O=C(CN1CCCC[C@H](N/C(=C/[N+](=O)[O-])Nc2ccc3c(c2)CCO3)C1=O)N1CCCC1,False,,5.823908740944319,,
O=C(CN1CCCC[C@H](N/C(=C/[N+](=O)[O-])Nc2ccc3ccccc3c2)C1=O)N1CCCC1,False,,6.0,,
O=C(CN1CCCC[C@H](N/C(=C/[N+](=O)[O-])Nc2ccc3occc3c2)C1=O)N1CCCC1,False,,6.268411234813261,,
O=C(CN1CCCC[C@H](N/C(=C/[N+](=O)[O-])Nc2ccccc2)C1=O)N1CCCC1,False,,4.782516055786093,,
O=C(CN1CCC[C@H](NS(=O)(=O)/C=C/c2ccc(Cl)s2)C1=O)N1CCCC1,False,,7.214670164989233,,
O=C(CN1CCC[C@H](NS(=O)(=O)c2cc3cc(Cl)ccc3s2)C1=O)N1CCCC1,False,,7.221848749616356,,
O=C(CN1CCC[C@H](NS(=O)(=O)c2cc3ccc(Cl)cc3s2)C1=O)N1CCCC1,False,,6.913640169325252,,
O=C(CN1CCC[C@H](NS(=O)(=O)c2cc3ccc(Cl)nc3s2)C1=O)N1CCCC1,False,,7.853871964321762,,
O=C(CN1CCC[C@H](NS(=O)(=O)c2cc3ccccc3s2)C1=O)N1CCCC1,False,,5.553773598221837,,
O=C(CN1CCC[C@H](NS(=O)(=O)c2ccc(-c3ccc(Cl)s3)s2)C1=O)N1CCCC1,False,,7.292429823902063,,
O=C(CN1CCC[C@H](NS(=O)(=O)c2ccc(Br)cc2)C1=O)N1CCCC1,False,,5.010995384301463,,
O=C(CN1CCC[C@H](NS(=O)(=O)c2ccc(Cl)s2)C1=O)N1CCCC1,False,,4.9299621333922445,,
O=C(CN1CCC[C@H](NS(=O)(=O)c2ccc3c(Cl)cccc3c2)C1=O)N1CCCC1,False,,5.654038458186859,,
O=C(CN1CCC[C@H](NS(=O)(=O)c2ccc3cc(Br)ccc3c2)C1=O)N1CCCC1,False,,7.721246399047171,,
O=C(CN1CCC[C@H](NS(=O)(=O)c2ccc3cc(Cl)ccc3c2)C1=O)N1CC2CC(C1)CN(C(=O)C1CCNCC1)C2,False,,7.886056647693163,,
O=C(CN1CCC[C@H](NS(=O)(=O)c2ccc3cc(Cl)ccc3c2)C1=O)N1CC2CNCC(C2)C1,False,,7.657577319177793,,
O=C(CN1CCC[C@H](NS(=O)(=O)c2ccc3cc(Cl)ccc3c2)C1=O)N1CCC(c2cccnc2)C1,False,,6.4723700991286615,,
O=C(CN1CCC[C@H](NS(=O)(=O)c2ccc3cc(Cl)ccc3c2)C1=O)N1CCCC1,False,,7.494850021680094,,
O=C(CN1CCC[C@H](NS(=O)(=O)c2ccc3cc(Cl)ccc3c2)C1=O)N1CCCCC1,False,,6.91721462968355,,
O=C(CN1CCC[C@H](NS(=O)(=O)c2ccc3cc(Cl)ccc3c2)C1=O)N1CCOCC1,False,,6.17134010346468,,
O=C(CN1CCC[C@H](NS(=O)(=O)c2ccc3cc(Cl)ccc3c2)C1=O)N1CCSC1,False,,7.236572006437063,,
O=C(CN1CCC[C@H](NS(=O)(=O)c2ccc3cc(Cl)ccc3c2)C1=O)N1C[C@@H]2C[C@H](C1)c1cccc(=O)n1C2,False,,7.886056647693163,,
O=C(CN1CCC[C@H](NS(=O)(=O)c2ccc3ccc(Cl)cc3c2)C1=O)N1CCCC1,False,,5.995678626217358,,
O=C(CN1CCC[C@H](NS(=O)(=O)c2ccc3ccccc3c2)C1=O)N1CCCC1,False,,5.767512133647013,,
O=C(CN1CCC[C@H](NS(=O)(=O)c2nc3ccc(Cl)cc3[nH]2)C1=O)N1CCCC1,False,,7.494850021680094,,
O=C(CN1CCN(c2ccccn2)CC1)Nc1ccc(Oc2ccccc2)cc1,False,4.301029995663981,,,
O=C(CN1CC[C@@H](NC(=O)c2ccc(Cl)s2)C1)Nc1ccc(-n2ccccc2=O)cc1F,False,,8.727652410146963,,
O=C(CN1C[C@H](NC(=O)c2ccc(Cl)s2)[C@@H](F)C1)Nc1ccc(-n2ccccc2=O)cc1F,False,,8.115305070843812,,
O=C(CN=C(S)N(Cc1ccccc1)Cc1ccccc1F)NCCc1ccccc1,False,4.301029995663981,,,
O=C(CNC(=O)Nc1ccc(Cl)cc1)Nc1ccc(N2CCOCC2=O)cc1,False,,7.494850021680094,5.0,
O=C(CNC(=O)c1ccc(Cl)s1)Nc1ccc(N2CCOCC2=O)cc1,False,,3.154901959985743,5.0,
O=C(CNCc1ccccn1)Nc1cc(C(F)(F)F)ccc1N1CCOCC1.O=C(O)C(=O)O,False,4.301029995663981,,,
O=C(COC(=O)/C=C/c1ccco1)Nc1cccc([N+](=O)[O-])c1,False,4.301029995663981,,,
O=C(COC(=O)C12CC3CC(CC(O)(C3)C1)C2)NCCc1ccc(Cl)cc1,False,,,4.301029995663981,
O=C(COC(=O)C1CC(=O)N(Cc2ccco2)C1)c1ccc(OC(=O)c2ccco2)cc1,False,4.875600448836506,,,
O=C(COC(=O)CCC(=O)c1cccs1)Nc1ccccc1[N+](=O)[O-],False,,,5.159323170931737,
O=C(COC(=O)CCOc1ccccc1)Nc1ccc(Cl)cn1,False,,,4.510777211356689,
O=C(COC(=O)CCc1ccccc1)Nc1ncc(Cl)cc1Cl,False,,,5.095060604680808,
O=C(COC(=O)COc1ccccc1Cl)Nc1ccccc1OC(F)F,False,4.301029995663981,,,
O=C(COC(=O)Cn1cnc2ccccc2c1=O)Nc1cc(Cl)ccc1[N+](=O)[O-],False,,,5.474667487162663,
O=C(COC(=O)c1[nH]nc2ccccc12)Nc1cccc(S(=O)(=O)N2CCOCC2)c1,False,,,5.956099608939145,
O=C(COC(=O)c1cc(Br)ccc1O)Nc1cc(S(=O)(=O)N2CCCC2)ccc1Cl,False,,,5.1442156241010215,
O=C(COC(=O)c1ccc(O)cc1)NCCCc1ccccc1,False,4.301029995663981,,4.301029995663981,
O=C(COC(=O)c1ccc([N+](=O)[O-])s1)Nc1cccc(S(=O)(=O)NC2=NCCCCC2)c1,False,,,4.301029995663981,
O=C(COC(=O)c1ccccc1Br)Nc1ccc(F)cc1,False,4.301029995663981,,,
O=C(COc1cc(Cl)c(Cl)cc1Cl)N1CCN(c2ccccn2)CC1,False,,,4.301029995663981,
O=C(COc1ccc(S(=O)(=O)Nc2ccccc2)cc1)N1CCOCC1,False,,,4.301029995663981,
O=C(COc1ccc2[nH]c(-c3ccc(Cl)s3)nc2c1)Nc1ccc(N2CCOCC2=O)cc1,False,,6.823908740944319,5.0,
O=C(COc1ccccc1)NCC(=O)N/N=C/c1ccccc1,False,4.301029995663981,,,
O=C(COc1ccccc1C(=O)O)Nc1ccc(SC(F)F)cc1,False,,,4.301029995663981,
O=C(CS(=O)(=O)c1cn(Cc2ccc(Cl)cc2)c2ccccc12)N1CCOCC1,False,4.301029995663981,,,
O=C(CSC1=NCCS1)Nc1nc2c(s1)CCCC2,False,4.301029995663981,,,
O=C(CSC1CCCCC1)Nc1nccs1,False,,,4.301029995663981,
O=C(CSCCCl)NC[C@@H]1OC(=O)N2c3ccc(N4CCOCC4=O)cc3OC[C@@H]12,False,,4.0,,
O=C(CSc1nc(-c2ccccc2)nn1C(=O)c1ccccc1)Nc1cccc([N+](=O)[O-])c1,False,,,5.858186637612659,
O=C(CSc1nc(-c2ccco2)cc(C(F)(F)F)n1)NCCN1CCOCC1,False,4.301029995663981,,,
O=C(CSc1nc(O)c2cnn(-c3ccc(Cl)cc3)c2n1)N1CCCc2ccccc21,False,4.301029995663981,,,
O=C(CSc1nc(O)c2cnn(-c3ccc(F)cc3)c2n1)N1CCCCCC1,False,,,4.301029995663981,
O=C(CSc1nc2ccccc2o1)c1cc2ccccc2oc1=O,True,,,4.301029995663981,
O=C(CSc1nc2ccccc2s1)NC1CCCC1,False,4.301029995663981,,,
O=C(CSc1nc2ncnc-2c(O)[nH]1)NC1CCCCC1,False,,,4.301029995663981,
O=C(CSc1nc2nncc-2c(O)[nH]1)N1CCCCC1,False,,,4.301029995663981,
O=C(CSc1nnc(-c2ccccc2)c(-c2ccccc2)n1)Nc1ccc(Br)cn1,False,,,4.301029995663981,
O=C(CSc1nnc(COc2ccccc2)n1Cc1ccco1)c1ccc(F)cc1,False,4.301029995663981,,,
O=C(CSc1nnc(Cn2nnc(-c3ccccc3)n2)n1-c1ccccc1)Nc1ccc(F)cc1,False,,,4.301029995663981,
O=C(C[n+]1cc(-c2ccccc2)n2c1CCC2)Nc1nc(-c2ccccc2)cs1.[Cl-],False,4.301029995663981,,,
O=C(Cc1c(F)ccc(NS(=O)(=O)Cc2ccccc2)c1F)NCC1CCNCC1,False,,4.522878745280337,,
O=C(Cc1c(F)ccc(NS(=O)(=O)Cc2ccccc2)c1F)NCCCn1ccnc1,False,,4.522878745280337,,
O=C(Cc1c(F)ccc(NS(=O)(=O)Cc2ccccc2)c1F)NCc1ccncc1,False,,4.522878745280337,,
O=C(Cc1ccc(-n2cccc2)cc1)N1CCc2ccccc21,False,4.301029995663981,,,
O=C(Cc1ccc(N2CCOCC2=O)cc1)Nc1ccc2[nH]c(-c3ccc(Cl)s3)nc2c1,False,,5.920818753952375,5.0,
O=C(Cc1ccc2[nH]c(-c3ccc(Br)s3)nc2c1)NCC1CCN(c2ccncc2)CC1,False,,8.2839966563652,5.0,
O=C(Cc1ccc2[nH]c(-c3ccc(Br)s3)nc2c1)Nc1ccc(-n2ccccc2=O)cc1,False,,7.200659450546418,5.0,
O=C(Cc1ccc2[nH]c(-c3ccc(Cl)s3)nc2c1)NCC1CCN(c2ccncc2)CC1,False,,7.853871964321762,5.0,
O=C(Cc1ccc2[nH]c(-c3ccc(Cl)s3)nc2c1)NCc1ccc(N2CCOCC2=O)cc1,False,,6.769551078621726,5.0,
O=C(Cc1ccc2[nH]c(-c3ccc(Cl)s3)nc2c1)Nc1ccc(N2CCCC2=O)cc1,False,,6.275724130399211,5.0,
O=C(Cc1ccc2[nH]c(-c3ccc(Cl)s3)nc2c1)Nc1ccc(N2CCCCC2=O)cc1,False,,6.585026652029182,5.0,
O=C(Cc1ccc2[nH]c(-c3ccc(Cl)s3)nc2c1)Nc1ccc(N2CCOCC2=O)cc1,False,,6.638272163982407,5.0,
O=C(Cc1ccccc1)NC(NC(=S)Nc1cc(Cl)ccc1Cl)C(Cl)(Cl)Cl,False,4.301029995663981,,,
O=C(Cc1ccccc1)n1nc(-c2ccccc2)nc1NCc1ccco1,False,,,7.0,
O=C(Cc1ccccc1[N+](=O)[O-])Nc1ccccc1C(=O)N1CCCC1,False,4.301029995663981,,,
O=C(Cc1cccs1)Nc1nnc(CCc2ccccc2)s1,False,,,4.595636567652955,
O=C(Cn1[nH]c(=O)c2ccccc2c1=O)Nc1cccc(S(=O)(=O)N2CCCCCC2)c1,False,4.301029995663981,,,
O=C(Cn1c(-c2ccccc2)c(Cl)nc(NCCc2ccccc2)c1=O)NCC1CCNCC1,False,,,4.0,
O=C(Cn1c(-c2ccccc2)c(Cl)nc(NCCc2ccccc2)c1=O)NCCCn1ccnc1,False,,,4.0,
O=C(Cn1c(-c2ccccc2)c(Cl)nc(NCCc2ccccc2)c1=O)NCCc1ccncc1,False,,,4.0,
O=C(Cn1c(-c2ccccc2)c(Cl)nc(NCCc2ccccc2)c1=O)NCc1nc2ccccc2[nH]1,False,,,4.0,
O=C(Cn1c(/C=C/c2ccccc2)nc2ccccc21)Nc1ccc(F)cc1,False,4.301029995663981,,,
O=C(Cn1c(C(=O)Nc2ccc(-n3ccncc3=O)cc2)nc2ccccc21)Nc1ccc(Cl)cn1,False,,7.8914160508457,,
O=C(Cn1c2c(c(-c3cccc(Cl)c3)cc1=O)C(=O)NC2)Nc1ccc(-c2nnn[nH]2)cc1,False,,4.301029995663981,4.301029995663981,
O=C(Cn1cccc(NS(=O)(=O)Cc2ccccc2)c1=O)N[C@@H](CC1CCNCC1)C(=O)C(=O)NCc1ccccc1,False,,5.443697499232712,6.229147988357855,
O=C(Cn1cn[n+](CC(=O)c2ccc(Cl)cc2Cl)c1)c1ccc([N+](=O)[O-])cc1.[Br-],False,,,5.769944676632536,
O=C(Cn1cnc(NC(=O)c2ccc(Cl)s2)n1)Nc1ccc(-n2ccccc2=O)cc1F,False,,8.842279250569572,,
O=C(Cn1nc(C(F)F)cc1C(F)F)NN=C(S)Nc1ccc(F)cc1,False,,,4.301029995663981,
O=C(Cn1nnc(-c2ccccc2)n1)OCc1csc(-c2ccccc2)n1,False,4.301029995663981,,,
O=C(N/N=C/c1ccc(O)c(O)c1O)/C(=C/c1ccc([N+](=O)[O-])cc1)NC(=O)c1ccccc1,False,4.301029995663981,,,
O=C(N/N=C/c1ccc(OCc2cnc(Cl)s2)cc1)c1ccncc1,False,4.301029995663981,,4.301029995663981,
O=C(N/N=C/c1cccc(F)c1)c1c(O)nc2ccccc2c1O,False,,,4.301029995663981,
O=C(N/N=C/c1ccccc1[N+](=O)[O-])c1ccc2[nH]cnc2c1,False,5.481957459577533,,5.631428638456995,
O=C(N1CCCC1)N1CC[C@H](CNS(=O)(=O)c2ccc(-c3ccc(Cl)s3)s2)C1,False,,6.886056647693163,,
O=C(N1CC[C@H](CNS(=O)(=O)c2ccc(-c3ccc(Cl)s3)s2)C1)N1CCC[C@H]1CN1CCCC1,False,,7.3979400086720375,,
O=C(NC(=S)Nc1ccc(S(=O)(=O)Nc2nccs2)cc1)c1ccccc1F,False,4.301029995663981,,,
O=C(NC(=S)Nn1cnnc1)c1ccccc1Cl,False,,,4.301029995663981,
O=C(NC(B(O)O)c1cccc(Cl)c1)c1cnn(Cc2ccccc2)c1,False,3.3979400086720375,,,
O=C(NC(c1ccc(O)cc1)P(=O)(Oc1ccccc1)Oc1ccccc1)OCc1ccccc1,False,,5.0,5.0,
O=C(NC1CCCCC1)C1CCN(c2nnnn2-c2ccccc2)CC1,False,,,4.301029995663981,
O=C(NC1CCCc2ccccc21)C1CCN(S(=O)(=O)c2ccccc2F)CC1,False,4.301029995663981,,,
O=C(NC1CCN(C(=O)N2c3ccccc3Sc3ccccc32)CC1)c1ccccc1F,False,4.301029995663981,,,
O=C(NC1CCN(C2CC2)CC1)c1cc2ccccc2n1Cc1cc(-c2ccc(Cl)s2)on1,False,,,5.747146969020107,
O=C(NC1CCN(c2ccncc2)CC1)c1cc2ccccc2n1Cc1cc(-c2ccc(Cl)s2)on1,False,,,6.638272163982407,
O=C(NC1CN(c2ccncc2)C1)c1cc2ccccc2n1Cc1cc(-c2ccc(Cl)s2)on1,False,,,6.431798275933005,
O=C(NCC(=O)N1CCN(S(=O)(=O)/C=C/c2ccccc2)CC1)c1ccccc1F,False,4.301029995663981,,,
O=C(NCC1CCCO1)c1ccc(COCC(F)(F)C(F)F)cc1,False,4.301029995663981,,,
O=C(NCC1CCNCC1)[C@@H]1CC[C@H]2[C@@H](OCc3ccccc3)CCC(=O)N12.O=C(O)C(F)(F)F,False,,,4.900000142057633,
O=C(NCC1CCNCC1)[C@@H]1CC[C@H]2[C@@H](OCc3ccccc3)C[C@H](O)C(=O)N12.O=C(O)C(F)(F)F,False,,,4.900000142057633,
O=C(NCC1CCNCC1)c1cc(NS(=O)(=O)Cc2ccccc2)ccc1Sc1ccccc1,False,,4.522878745280337,,
O=C(NCC1CN(c2ccc(-n3cccc3)cc2)C(=O)O1)c1ccc(Cl)s1,False,,5.769551078621726,,
O=C(NCC1CN(c2ccc(C3CCCCC3)cc2)C(=O)O1)c1ccc(Cl)s1,False,,6.070581074285707,,
O=C(NCC1CN(c2ccc(N3CCC(O)C3)c(F)c2)C(=O)O1)c1ccc(Cl)s1,False,,7.2076083105017466,,
O=C(NCC1CN(c2ccc(N3CCC3)c(F)c2)C(=O)O1)c1ccc(Cl)s1,False,,6.920818753952375,,
O=C(NCC1CN(c2ccc(N3CCCC(O)C3)c(F)c2)C(=O)O1)c1ccc(Cl)s1,False,,6.318758762624412,,
O=C(NCC1CN(c2ccc(N3CCCC3=O)cc2)C(=O)O1)c1ccc(Br)s1,False,,7.853871964321762,,
O=C(NCC1CN(c2ccc(N3CCCC3=O)cc2)C(=O)O1)c1cccs1,False,,5.886056647693163,,
O=C(NCC1CN(c2ccc(N3CCCS3(=O)=O)cc2)C(=O)O1)c1ccc(Cl)s1,False,,6.853871964321762,,
O=C(NCC1CN(c2ccc(NCCCO)cc2)C(=O)O1)c1ccc(Cl)s1,False,,6.376750709602099,,
O=C(NCC1CN(c2ccc(NS(=O)(=O)CCCCl)cc2)C(=O)O1)c1ccc(Cl)s1,False,,5.769551078621726,,
O=C(NCC1CN(c2ccc(S(=O)(=O)N3CCCC3)cc2)C(=O)O1)c1ccc(Cl)s1,False,,6.301029995663981,,
O=C(NCC1CN(c2ccccc2)C(=O)O1)c1ccc(Cl)s1,False,,5.698970004336019,,
O=C(NCCCN1CCCC1)c1ccc2c(Cl)c3c(nc2c1)CCCC3,False,4.301029995663981,,,
O=C(NCCCS(=O)(=O)c1ccc2cc(Cl)ccc2c1)C1CCN(c2ccncc2)CC1,False,,6.327902142064283,,
O=C(NCCN1C(=O)C2C3C=CC(C3)C2C1=O)Nc1ccccc1,False,4.301029995663981,,,
O=C(NCCN1CCc2ccccc2C1)C1CC(=O)N(C2CCCC2)C1,False,4.301029995663981,,,
O=C(NCCS(=O)(=O)Nc1ccc(-n2ccncc2=O)cc1)c1ccc(Cl)s1,False,,7.479411476157786,,
O=C(NCCc1ccccc1)c1cc(=O)c2ccccc2o1,False,4.301029995663981,,,
O=C(NC[C@@H]1CN(c2ccc(N3CCOCC3=O)cc2)C(=O)O1)c1ccc(Cl)s1,False,,7.355195047022188,,
O=C(NC[C@@H]1OC(=O)N2c3ccc(N4CCC5(CC4=O)OCCO5)cc3OC[C@@H]12)c1ccc(Cl)s1,False,,5.600326278518962,,
O=C(NC[C@@H]1OC(=O)N2c3ccc(N4CCCCC4=O)cc3CC[C@@H]12)c1ccc(Cl)s1,False,,8.201481667511173,,
O=C(NC[C@@H]1OC(=O)N2c3ccc(N4CCCCC4=O)cc3NC[C@@H]12)c1ccc(Cl)s1,False,,7.821032576499773,,
O=C(NC[C@@H]1OC(=O)N2c3ccc(N4CCCCC4=O)cc3OC[C@@H]12)c1ccc(Cl)s1,False,,7.207732623896094,,
O=C(NC[C@@H]1OC(=O)N2c3ccc(N4CCCCC4=O)cc3S(=O)(=O)C[C@@H]12)c1ccc(Cl)s1,False,,7.298783326890344,,
O=C(NC[C@@H]1OC(=O)N2c3ccc(N4CCCCC4=O)cc3SC[C@@H]12)c1ccc(Cl)s1,False,,8.354315574774208,,
O=C(NC[C@@H]1OC(=O)N2c3ccc(N4CCN(Cc5ccccc5)CC4=O)cc3OC[C@@H]12)c1ccc(Cl)s1,False,,4.9446216686249995,,
O=C(NC[C@@H]1OC(=O)N2c3ccc(N4CCN(S(=O)(=O)c5ccccc5)CC4=O)cc3OC[C@@H]12)c1ccc(Cl)s1,False,,5.257274868695301,,
O=C(NC[C@@H]1OC(=O)N2c3ccc(N4CCNCC4=O)cc3OC[C@@H]12)c1ccc(Cl)s1,False,,6.721246399047171,,
O=C(NC[C@@H]1OC(=O)N2c3ccc(N4CCOC4=O)cc3OC[C@@H]12)c1ccc(Cl)s1,False,,5.470388743735155,,
O=C(NC[C@@H]1OC(=O)N2c3ccc(N4CCOCC4=O)cc3CC[C@@H]12)c1ccc(Cl)s1,False,,8.362459550771572,4.0,
O=C(NC[C@@H]1OC(=O)N2c3ccc(N4CCOCC4=O)cc3NC[C@@H]12)c1ccc(Cl)s1,False,,8.29843973941209,4.0,
O=C(NC[C@@H]1OC(=O)N2c3ccc(N4CCOCC4=O)cc3OC[C@@H]12)C(=O)Nc1ccc(Cl)cc1,False,,6.508638306165727,,
O=C(NC[C@@H]1OC(=O)N2c3ccc(N4CCOCC4=O)cc3OC[C@@H]12)C(=O)Nc1ccc(Cl)cn1,False,,5.91721462968355,,
O=C(NC[C@@H]1OC(=O)N2c3ccc(N4CCOCC4=O)cc3OC[C@@H]12)C(=O)Nc1ccc(Cl)s1,False,,6.251811972993799,,
O=C(NC[C@@H]1OC(=O)N2c3ccc(N4CCOCC4=O)cc3OC[C@@H]12)C(Cl)Cl,False,,4.278271801427212,,
O=C(NC[C@@H]1OC(=O)N2c3ccc(N4CCOCC4=O)cc3OC[C@@H]12)Nc1ccc(Cl)cc1,False,,7.493765640387874,,
O=C(NC[C@@H]1OC(=O)N2c3ccc(N4CCOCC4=O)cc3OC[C@@H]12)Nc1ccc(Cl)s1,False,,7.052909535780378,,
O=C(NC[C@@H]1OC(=O)N2c3ccc(N4CCOCC4=O)cc3OC[C@@H]12)c1cc(Cl)c(Cl)s1,False,,5.092588639225414,,
O=C(NC[C@@H]1OC(=O)N2c3ccc(N4CCOCC4=O)cc3OC[C@@H]12)c1cc2c(Cl)cccc2s1,False,,4.0,,
O=C(NC[C@@H]1OC(=O)N2c3ccc(N4CCOCC4=O)cc3OC[C@@H]12)c1cc2cc(Cl)ccc2s1,False,,4.587035728003337,,
O=C(NC[C@@H]1OC(=O)N2c3ccc(N4CCOCC4=O)cc3OC[C@@H]12)c1cc2ccc(Cl)cc2s1,False,,5.756961951313706,,
O=C(NC[C@@H]1OC(=O)N2c3ccc(N4CCOCC4=O)cc3OC[C@@H]12)c1cc2cccc(Cl)c2s1,False,,4.0,,
O=C(NC[C@@H]1OC(=O)N2c3ccc(N4CCOCC4=O)cc3OC[C@@H]12)c1ccc(Cl)cc1,False,,6.795880017344075,,
O=C(NC[C@@H]1OC(=O)N2c3ccc(N4CCOCC4=O)cc3OC[C@@H]12)c1ccc(Cl)cn1,False,,6.1487416512809245,,
O=C(NC[C@@H]1OC(=O)N2c3ccc(N4CCOCC4=O)cc3OC[C@@H]12)c1ccc(Cl)s1,False,,8.495062183143919,4.0,
O=C(NC[C@@H]1OC(=O)N2c3ccc(N4CCOCC4=O)cc3OC[C@@H]12)c1cnc(Cl)s1,False,,5.151195298948196,,
O=C(NC[C@@H]1OC(=O)N2c3ccc(N4CCOCC4=O)cc3OC[C@@H]12)c1sc2cc(Cl)ccc2c1Cl,False,,4.0,,
O=C(NC[C@@H]1OC(=O)N2c3ccc(N4CCOCC4=O)cc3OC[C@H]12)c1ccc(Cl)s1,False,,7.2695135131444335,,
O=C(NC[C@@H]1OC(=O)N2c3ccc(N4CCOCC4=O)cc3S(=O)(=O)C[C@@H]12)c1ccc(Cl)s1,False,,7.729585092944459,,
O=C(NC[C@@H]1OC(=O)N2c3ccc(N4CCOCC4=O)cc3SC[C@@H]12)c1ccc(Cl)cc1,False,,7.344669441990659,,
O=C(NC[C@@H]1OC(=O)N2c3ccc(N4CCOCC4=O)cc3SC[C@@H]12)c1ccc(Cl)s1,False,,8.649648141427491,4.0,
O=C(NC[C@@H]1OC(=O)N2c3ccc(N4CCOCC4=O)cc3[S+]([O-])C[C@@H]12)c1ccc(Cl)s1,False,,7.207970147271079,,
O=C(NC[C@@H]1OC(=O)N2c3ccc(N4CC[C@@H](F)CC4=O)cc3OC[C@@H]12)c1ccc(Cl)s1,False,,7.391902053674721,,
O=C(NC[C@@H]1OC(=O)N2c3ccc(N4CC[C@@H](O)CC4=O)cc3OC[C@@H]12)c1ccc(Cl)s1,False,,6.886056647693163,,
O=C(NC[C@@H]1OC(=O)N2c3ccc(N4CC[C@H](F)CC4=O)cc3OC[C@@H]12)c1ccc(Cl)s1,False,,7.331241458249043,,
O=C(NC[C@@H]1OC(=O)N2c3ccc(N4CC[C@H](O)CC4=O)cc3OC[C@@H]12)c1ccc(Cl)s1,False,,5.913640169325252,,
O=C(NC[C@H](NS(=O)(=O)c1cccc(N2CCOCC2=O)c1Cl)C(=O)N1CCC(O)CC1)c1ccc(Cl)s1,False,,8.52432881167557,5.741602195904491,
O=C(NC[C@H]1CN(c2c(F)cc(-n3cccc3CN3CCCC3)cc2F)C(=O)O1)c1ccc(Cl)s1,False,,5.5343371851224115,,
O=C(NC[C@H]1CN(c2ccc(-c3nc(CN4CCCC4)cs3)cc2)C(=O)O1)c1ccc(Cl)s1,False,,5.591607671572582,,
O=C(NC[C@H]1CN(c2ccc(-c3nc(CN4CCCCC4)cs3)cc2)C(=O)O1)c1ccc(Cl)s1,False,,5.547804539993819,,
O=C(NC[C@H]1CN(c2ccc(-c3nc(CN4CCOCC4)cs3)cc2)C(=O)O1)c1ccc(Cl)s1,False,,5.431386261778547,,
O=C(NC[C@H]1CN(c2ccc(-n3c(CN4CCCCC4)cc4ccccc43)cc2)C(=O)O1)c1ccc(Cl)s1,False,,4.957818405484233,,
O=C(NC[C@H]1CN(c2ccc(-n3c(CN4CCOCC4)cc4ccccc43)cc2)C(=O)O1)c1ccc(Cl)s1,False,,4.972219865617381,,
O=C(NC[C@H]1CN(c2ccc(-n3cccc3CN3CCC3)cc2)C(=O)O1)c1ccc(Cl)s1,False,,6.018815332164989,,
O=C(NC[C@H]1CN(c2ccc(-n3cccc3CN3CCCC3)cc2)C(=O)O1)c1ccc(Cl)s1,False,,5.807357772612395,,
O=C(NC[C@H]1CN(c2ccc(-n3cccc3CN3CCCC3)cc2F)C(=O)O1)c1ccc(Cl)s1,False,,5.595112437433235,,
O=C(NC[C@H]1CN(c2ccc(-n3cccc3CN3CCCCC3)cc2)C(=O)O1)c1ccc(Cl)s1,False,,5.563426924335872,,
O=C(NC[C@H]1CN(c2ccc(-n3cccc3CN3CCOCC3)cc2)C(=O)O1)c1ccc(Cl)s1,False,,5.506652192935086,,
O=C(NC[C@H]1CN(c2ccc(N3CCC3=O)c(F)c2)C(=O)O1)c1ccc(Cl)s1,False,,6.42021640338319,,
O=C(NC[C@H]1CN(c2ccc(N3CCCC3)c(F)c2)C(=O)O1)c1ccc(Cl)s1,False,,8.628925683947166,,
O=C(NC[C@H]1CN(c2ccc(N3CCCC3)cc2)C(=O)O1)c1ccc(Cl)s1,False,,7.3979400086720375,,
O=C(NC[C@H]1CN(c2ccc(N3CCCC3=O)c(F)c2)C(=O)O1)c1ccc(Br)s1,False,,8.698970004336019,,
O=C(NC[C@H]1CN(c2ccc(N3CCCC3=O)c(F)c2)C(=O)O1)c1ccc(Cl)s1,False,,8.481486060122112,,
O=C(NC[C@H]1CN(c2ccc(N3CCCC3=O)cc2)C(=O)O1)c1ccc(Br)s1,False,,8.397940008672037,,
O=C(NC[C@H]1CN(c2ccc(N3CCCC3=O)cc2)C(=O)O1)c1ccc(Cl)s1,False,,9.036360508822877,,
O=C(NC[C@H]1CN(c2ccc(N3CCCCC3=O)c(F)c2)C(=O)O1)c1ccc(Cl)s1,False,,8.55284196865778,,
O=C(NC[C@H]1CN(c2ccc(N3CCCCC3=O)cc2)C(=O)O1)c1ccc(Br)s1,False,,9.0,,
O=C(NC[C@H]1CN(c2ccc(N3CCN(C(=O)CO)CC3)c(F)c2)C(=O)O1)c1ccc(Cl)s1,False,,6.920818753952375,,
O=C(NC[C@H]1CN(c2ccc(N3CCNCC3)c(F)c2)C(=O)O1)c1ccc(Cl)s1,False,,7.394867593168674,,
O=C(NC[C@H]1CN(c2ccc(N3CCOC3=O)cc2)C(=O)O1)c1ccc(Cl)s1,False,,7.3979400086720375,,
O=C(NC[C@H]1CN(c2ccc(N3CCOCC3)c(Cl)c2)C(=O)O1)c1ccc(Cl)s1,False,,7.481486060122112,,
O=C(NC[C@H]1CN(c2ccc(N3CCOCC3)c(F)c2)C(=O)O1)c1ccc(Cl)s1,False,,8.250015879541516,,
O=C(NC[C@H]1CN(c2ccc(N3CCOCC3)cc2)C(=O)O1)c1ccc(Cl)s1,False,,7.99328255337,,
O=C(NC[C@H]1CN(c2ccc(N3CCOCC3=O)c(C(F)(F)F)c2)C(=O)O1)c1ccc(Cl)s1,False,,9.12130786976434,,
O=C(NC[C@H]1CN(c2ccc(N3CCOCC3=O)c(F)c2)C(=O)O1)c1ccc(Br)s1,False,,9.154901959985743,,
O=C(NC[C@H]1CN(c2ccc(N3CCOCC3=O)c(F)c2)C(=O)O1)c1ccc(Cl)s1,False,,9.615958037777927,,
O=C(NC[C@H]1CN(c2ccc(N3CCOCC3=O)cc2)C(=O)O1)c1ccc(Br)o1,False,,8.330491872678493,,
O=C(NC[C@H]1CN(c2ccc(N3CCOCC3=O)cc2)C(=O)O1)c1ccc(Br)s1,False,,8.898109945810772,,
O=C(NC[C@H]1CN(c2ccc(N3CCOCC3=O)cc2)C(=O)O1)c1ccc(Cl)cc1,False,,8.297182792539717,,
O=C(NC[C@H]1CN(c2ccc(N3CCOCC3=O)cc2)C(=O)O1)c1ccc(Cl)cn1,False,,7.40405499991572,,
O=C(NC[C@H]1CN(c2ccc(N3CCOCC3=O)cc2)C(=O)O1)c1ccc(Cl)nc1,False,,7.104435434227806,,
O=C(NC[C@H]1CN(c2ccc(N3CCOCC3=O)cc2)C(=O)O1)c1ccc(Cl)s1,False,4.481486060122112,8.185579716794225,4.0,
O=C(NC[C@H]1CN(c2ccc(N3CCOCC3=O)cc2)C(=O)O1)c1cccc(Cl)c1,False,,6.36374418994385,,
O=C(NC[C@H]1CN(c2ccc(N3CCOCC3=O)cc2)C(=O)O1)c1ccccc1Cl,False,,5.2629780040967615,,
O=C(NC[C@H]1CN(c2ccc(N3CCOCC3=O)cc2)C(=O)O1)c1cnc(Cl)s1,False,,6.781541529878539,,
O=C(NC[C@H]1CN(c2ccc(N3CCS(=O)(=O)CC3)c(F)c2)C(=O)O1)c1ccc(Cl)s1,False,,6.6777807052660805,,
O=C(NC[C@H]1CN(c2ccc(N3CCSCC3)c(F)c2)C(=O)O1)c1ccc(Cl)s1,False,,7.70486916555014,,
O=C(NC[C@H]1CN(c2ccc(N3CCSCC3)c(F)c2)C(=O)O1)c1cccs1,False,,7.698970004336019,,
O=C(NC[C@H]1CN(c2ccc(N3CC[S+]([O-])CC3)c(F)c2)C(=O)O1)c1ccc(Cl)s1,False,,5.958607314841775,,
O=C(NC[C@H]1CN(c2ccc(S(=O)(=O)N3CCC3)c(Cl)c2)C(=O)O1)c1ccc(Cl)s1,False,,6.075720713938118,,
O=C(NC[C@H]1CN(c2ccc(S(=O)(=O)N3CCOCC3)c(Cl)c2)C(=O)O1)c1ccc(Cl)s1,False,,5.698970004336019,,
O=C(NC[C@H]1CN(c2ccc3c(c2)OCc2nccn2-3)C(=O)O1)c1ccc(Cl)s1,False,,6.130768280269024,,
O=C(NCc1c(F)cccc1-n1cnnn1)c1cn(Cc2ccc(Cn3ccccc3=O)cc2)nc1C(F)(F)F,False,5.3979400086720375,,,
O=C(NCc1cc(Cl)ccc1-n1cnnn1)[C@@H]1CC=NN1C(=O)[C@H](O)c1ccc(F)cc1,False,,5.568636235841013,8.397940008672037,
O=C(NCc1cc2cnccc2s1)[C@@H]1CN(C(=O)Oc2ccccc2Cl)CCN1C(=O)[C@@H](CC1CCCCC1)NC1CCCCC1,False,7.5638373529592435,,,
O=C(NCc1ccc2[nH]c(-c3ccc(Cl)s3)nc2c1)c1ccc(N2CCOCC2=O)cc1,False,,6.356547323513812,5.0,
O=C(NCc1ccc2c(c1)OCO2)c1cnc2ccc(S(=O)(=O)N3CCOCC3)cc2c1O,False,,,6.073019958652119,
O=C(NCc1ccc2c3c(cccc13)C(=O)N2)c1cccs1,False,4.301029995663981,,,
O=C(NCc1cccc(C(=O)O)c1NC(=O)c1nc2c(s1)COCC2)c1ccc(Cl)s1,False,,6.636388020107856,,
O=C(NCc1ccccc1)C(=O)[C@H](CC1CCNCC1)NC(=O)[C@H]1CCCN1C(=O)CC(c1ccccc1)c1ccccc1,False,,4.267606240177032,6.585026652029182,
O=C(NCc1ccccc1)C(=O)[C@H](CC1CCNCC1)NC(=O)[C@H]1CCCN1C(=O)[C@@H]1NCC[C@H]2CCCC[C@H]21,False,,5.5376020021010435,7.318758762624412,
O=C(NCc1ccccc1)C1=C[C@@H](c2coc3ccccc3c2=O)C[C@@H](OCCCCO)O1,False,,,4.301029995663981,
O=C(NCc1ccccc1)c1nc(-c2cccs2)no1,False,,,4.301029995663981,
O=C(NCc1ccccc1C(=O)Nc1ccc(N2CCOCC2=O)cc1)c1ccc(Cl)s1,False,,8.045757490560675,,
O=C(NCc1ccccn1)c1cn(-c2ccccc2)nc1-c1ccc(Cl)cc1,False,,,4.301029995663981,
O=C(NCc1ccccn1)c1cn(CCc2ccccc2)nn1,False,4.301029995663981,,,
O=C(NCc1ccco1)c1c2c(nc3ccccc13)CCC2,False,4.301029995663981,,,
O=C(NCc1ccco1)c1ccc2c(c1)CCO2,False,4.301029995663981,,,
O=C(NCc1ccco1)c1cnc2ccc(S(=O)(=O)N3CCOCC3)cc2c1O,False,,,6.025373186126967,
O=C(NCc1ccco1)c1scc2c1OCCO2,False,4.301029995663981,,,
O=C(NCc1cccs1)[C@@H]1CN(C(=O)Oc2ccc(Cl)c3cccnc23)CCN1C(=O)[C@@H](CC1CCCCC1)NC1CCCCC1,False,7.785156151952302,,,
O=C(NCc1cccs1)[C@@H]1CN(C(=O)Oc2ccc(F)c3cccnc23)CCN1C(=O)[C@@H](CC1CCCCC1)NC1CCCCC1,False,8.2839966563652,,,
O=C(NCc1cccs1)[C@@H]1CN(C(=O)Oc2ccc3c(c2)CCNC3)CCN1C(=O)[C@@H](CC1CCCCC1)NC1CCCCC1,False,7.7281583934635005,,,
O=C(NCc1cccs1)[C@@H]1CN(C(=O)Oc2ccc3c(c2)CNC3)CCN1C(=O)[C@@H](CC1CCCCC1)NC1CCCCC1,False,7.632644078973981,,,
O=C(NCc1cccs1)[C@@H]1CN(C(=O)Oc2ccc3ccncc3c2)CCN1C(=O)[C@@H](CC1CCCCC1)NC1CCCCC1,False,7.536107011014093,,,
O=C(NCc1cccs1)[C@@H]1CN(C(=O)Oc2cccc3c2CCNC3)CCN1C(=O)[C@@H](CC1CCCCC1)NC1CCCCC1,False,8.387216143280265,,,
O=C(NCc1cccs1)[C@@H]1CN(C(=O)Oc2cccc3c2CNCC3)CCN1C(=O)[C@@H](CC1CCCCC1)NC1CCCCC1,False,8.275724130399212,,,
O=C(NCc1cccs1)[C@@H]1CN(C(=O)Oc2cccc3ccc(O)nc23)CCN1C(=O)[C@@H](CC1CCCCC1)NC1CCCCC1,False,7.698970004336019,,,
O=C(NCc1cccs1)[C@@H]1CN(C(=O)Oc2cccc3ccccc23)CCN1C(=O)[C@@H](CC1CCCCC1)NC1CCC2(CC1)CCN(Cc1ccccc1)C2,False,7.9278063129490315,,,
O=C(NCc1cccs1)[C@@H]1CN(C(=O)Oc2cccc3cccnc23)CCN1C(=O)[C@@H](CC1CCCCC1)NC1CCCCC1,False,8.236572006437063,,,
O=C(NCc1cccs1)[C@@H]1CN(C(=O)Oc2cccc3cncnc23)CCN1C(=O)[C@@H](CC1CCCCC1)NC1CCCCC1,False,8.346787486224656,,,
O=C(NCc1cccs1)[C@@H]1CN(C(=O)Oc2cccc3ncccc23)CCN1C(=O)[C@@H](CC1CCCCC1)NC1CCCCC1,False,7.761953896871204,,,
O=C(NCc1cccs1)[C@@H]1CN(C(=O)Oc2ccccc2Br)CCN1C(=O)[C@@H](CC1CCCCC1)NC1CCCCC1,False,7.542118103266008,,,
O=C(NCc1cccs1)[C@@H]1CN(C(=O)Oc2ccccc2Cl)CCN1C(=O)C(CC1CCNCC1)NC1CCCCC1,False,7.804100347590766,,,
O=C(NCc1cccs1)[C@@H]1CN(C(=O)Oc2ccccc2Cl)CCN1C(=O)[C@@H](CC1CCCCC1)NC1CCC(CO)CC1,False,7.575118363368933,,,
O=C(NCc1cccs1)[C@@H]1CN(C(=O)Oc2ccccc2Cl)CCN1C(=O)[C@@H](CC1CCCCC1)NC1CCC(c2nnc(O)o2)CC1,False,7.61261017366127,,,
O=C(NCc1cccs1)[C@@H]1CN(C(=O)Oc2ccccc2Cl)CCN1C(=O)[C@@H](CC1CCCCC1)NC1CCC2(CC1)CCN(Cc1ccccc1)C2,False,8.116280736383011,,,
O=C(NCc1cccs1)[C@@H]1CN(C(=O)Oc2ccccc2Cl)CCN1C(=O)[C@@H](CC1CCCCC1)NC1CCCCC1,False,7.557520230935552,,,
O=C(NCc1cccs1)[C@@H]1CN(C(=O)Oc2ccccc2Cl)CCN1C(=O)[C@@H](CCCCN1CCCCC1)NC1CCC2(CC1)CCN(Cc1ccccc1)C2,False,9.045757490560675,,,
O=C(NCc1cccs1)[C@@H]1CN(C(=O)Oc2ccccc2Cl)CCN1C(=O)[C@@H](CCCCN1CCCCC1)NC1CCCCC1,False,9.154901959985743,,,
O=C(NCc1cccs1)[C@@H]1CN(C(=O)Oc2ccccc2Cl)CCN1C(=O)[C@@H](CCCCN1CCCS1(=O)=O)NC1CCCCC1,False,8.337242168318426,,,
O=C(NCc1cccs1)[C@@H]1CN(C(=O)Oc2ccccc2Cl)CCN1C(=O)[C@@H](CCCCN1CCOCC1)NC1CCC2(CC1)CCN(Cc1ccccc1)C2,False,8.744727494896694,,,
O=C(NCc1cccs1)[C@@H]1CN(C(=O)Oc2ccccc2Cl)CCN1C(=O)[C@H](NC1CCCCC1)C1CCN(C(=O)c2cscn2)CC1,False,7.804100347590766,,,
O=C(NCc1cccs1)[C@@H]1CN(C(=O)Oc2ccccc2Cl)CCN1C(=O)[C@H](NC1CCCCC1)C1CCN(CC(F)(F)F)CC1,False,7.6307841425898575,,,
O=C(NCc1cccs1)[C@@H]1CN(C(=O)Oc2ccccc2Cl)CCN1C(=O)[C@H](NC1CCCCC1)C1CCN(Cc2ccccc2)CC1,False,7.581698708680254,,,
O=C(NCc1cccs1)[C@@H]1CN(C(=O)Oc2ccccc2Cl)CCN1C(=O)[C@H](NC1CCCCC1)C1CCN(S(=O)(=O)C2CC2)CC1,False,8.769551078621726,,,
O=C(NCc1cccs1)[C@@H]1CN(C(=O)Oc2ccccc2Cl)CCN1C(=O)[C@H](NC1CCCCC1)C1CCN(S(=O)(=O)c2cn[nH]c2)CC1,False,7.675717544702307,,,
O=C(NCc1cccs1)[C@H]1CN(C(=O)C(CC2CCNCC2)NC2CCCCC2)CC[C@H]1NC(=O)N1CCC2(CC1)CC2,False,7.081445469449727,,,
O=C(NCc1cccs1)[C@H]1CN(C(=O)[C@@H](CC2CCNCC2)NC2CCCCC2)CC[C@H]1NC(=O)N1CCC2(CC1)CC2,False,7.3260580013659125,,,
O=C(NCc1cccs1)[C@H]1CN(C(=O)[C@@H](CCCCN2CCCS2(=O)=O)NC2CCCCC2)CC[C@H]1NC(=O)N1CCC2(CC1)CC2,False,7.939302159646388,,,
O=C(NCc1cccs1)[C@H]1CN(C(=O)[C@@H](CCCCNCC(F)(F)F)NC2CCCCC2)CC[C@H]1NC(=O)N1CCC2(CC1)CC2,False,7.332547047110046,,,
O=C(NCc1cccs1)[C@H]1CN(C(=O)[C@@H](CCCCNS(=O)(=O)C2CC2)NC2CCCCC2)CC[C@H]1NC(=O)N1CCC2(CC1)CC2,False,7.3655227298392685,,,
O=C(NCc1ccncc1)c1cc(NS(=O)(=O)Cc2ccccc2)ccc1Sc1ccccc1,False,,4.522878745280337,,
O=C(NCc1ccncc1)c1ccc(Br)o1,False,4.301029995663981,,,
O=C(NCc1nnc(S)n1-c1ccccc1)c1ccco1,False,4.301029995663981,,,
O=C(NN=C1CCCCCC1)c1cn(-c2ccccc2)nc1-c1ccccc1,False,,,4.301029995663981,
O=C(NNC(=O)C(c1ccccc1)c1ccccc1)c1cccs1,False,,,4.301029995663981,
O=C(NNC(=S)Nc1ccc(Cl)c(Cl)c1)c1ccccc1O,False,,,9.987162775294827,
O=C(NNC1=NCCCCC1)Nc1cccc(Cl)c1,False,4.301029995663981,,5.111099715014532,
O=C(NNc1c(Cl)cc(Cl)cc1Cl)c1nnc(O)c2ccccc12,False,4.301029995663981,,,
O=C(NNc1cc(Cl)ccc1Cl)c1c(F)cccc1Cl,False,4.301029995663981,,,
O=C(N[C@@H](C(=O)Nc1ccc(N2CCOCC2=O)cc1)c1ccccc1)c1ccc(Cl)s1,False,,4.5376020021010435,5.0,
O=C(N[C@H](C(=O)Nc1ccc(N2CCOCC2=O)cc1)c1ccccc1)c1ccc(Cl)s1,False,,4.585026652029182,5.0,
O=C(N[C@H](C(=O)O)c1ccccc1)C1CCC(Cn2nnc3ccccc3c2=O)CC1,False,4.301029995663981,,,
O=C(Nc1cc(Cl)ccc1O)c1cc2cc(Cl)cc(Br)c2oc1=O,True,5.301029995663981,,,
O=C(Nc1cc(O)nc2ncnn12)c1ccco1,False,4.301029995663981,,,
O=C(Nc1cc2c3c(c1)C1CCCC1CN3CC1CCCC21)c1ccc([N+](=O)[O-])cc1,False,,,4.301029995663981,
O=C(Nc1ccc(-n2ccccc2=O)cc1F)[C@H]1C[C@](O)(c2ccccc2)CN1C(=O)Nc1ccc(Cl)cc1,False,,10.096910013008056,,
O=C(Nc1ccc(-n2ccccc2=O)cc1F)[C@H]1Cc2ccccc2CN1C(=O)Nc1ccc(Cl)cn1,False,,9.09307465498481,,
O=C(Nc1ccc(-n2ccccc2=O)cc1F)c1nc(CNC(=O)c2ccc(Cl)s2)no1,False,,9.12131560861925,,
O=C(Nc1ccc(-n2ccccc2=O)cn1)[C@H]1C[C@](O)(c2ccc(F)c(F)c2)CN1C(=O)Nc1ccc(Cl)cc1,False,,10.096910013008056,,
O=C(Nc1ccc(-n2ccccc2=O)cn1)[C@H]1C[C@](O)(c2ccc(F)cc2)CN1C(=O)Nc1ccc(Cl)cc1,False,,9.795880017344075,,
O=C(Nc1ccc(-n2ccccc2=O)cn1)[C@H]1C[C@](O)(c2ccc(F)cc2F)CN1C(=O)Nc1ccc(Cl)cc1,False,,10.0,,
O=C(Nc1ccc(-n2ccccc2=O)cn1)[C@H]1C[C@](O)(c2ccccc2)CN1C(=O)Nc1ccc(Cl)cc1,False,,9.301029995663981,,
O=C(Nc1ccc(-n2ccccc2=O)cn1)[C@H]1C[C@](O)(c2ccccc2C(F)(F)F)CN1C(=O)Nc1ccc(Cl)cc1,False,,9.468521082957745,,
O=C(Nc1ccc(-n2ccccc2=O)cn1)[C@H]1C[C@](O)(c2ccccc2Cl)CN1C(=O)Nc1ccc(Cl)cc1,False,,10.698970004336019,,
O=C(Nc1ccc(C(=O)N[C@H]2c3cccc(O)c3C[C@H]2C(=O)O)cc1)NC1CC1,False,3.408935392973501,,,
O=C(Nc1ccc(C(=O)OCN2C(=O)c3ccccc3S2(=O)=O)cc1)OCc1ccccc1,False,,,4.481486060122112,
O=C(Nc1ccc(Cc2ccncc2)cc1)c1ccco1,False,,,4.301029995663981,
O=C(Nc1ccc(Cl)c(C(F)(F)F)c1)N1CCCC(O)C1,False,4.301029995663981,,,
O=C(Nc1ccc(Cl)c(Cl)c1)C1CC(=O)N(c2ccc(Br)cc2)C1,False,,,4.301029995663981,
O=C(Nc1ccc(Cl)c(Cl)c1)N1CC=CCC1,False,4.301029995663981,,,
O=C(Nc1ccc(Cl)cc1)[C@@H]1Cc2ccccc2CN1C(=O)OCc1ccccc1,False,,3.3010299956639813,,
O=C(Nc1ccc(Cl)cc1C(=O)Nc1ccc(Cl)cn1)c1ccc(-c2cccc(N3CCC(C(=O)O)CC3)c2)cc1,False,,8.744727494896694,,
O=C(Nc1ccc(Cl)cc1C(=O)Nc1ccc(Cl)cn1)c1ccc(-c2cccc(N3CCC(O)CC3)c2)cc1,False,,8.154901959985743,,
O=C(Nc1ccc(Cl)cc1C(=O)Nc1ccc(Cl)cn1)c1ccc(-c2cccc(N3CCCC3)c2)cc1,False,,8.275724130399212,,
O=C(Nc1ccc(Cl)cc1C(=O)Nc1ccc(Cl)cn1)c1ccc(-c2cccc(N3CCCCC3)c2)cc1,False,,7.795880017344075,,
O=C(Nc1ccc(Cl)cc1C(=O)Nc1ccc(Cl)cn1)c1ccc(-c2cccc(N3CCCNCC3)c2)cc1,False,,7.494850021680094,,
O=C(Nc1ccc(Cl)cc1C(=O)Nc1ccc(Cl)cn1)c1ccc(-c2cccc(N3CCNCC3)c2)cc1,False,,7.4089353929735005,,
O=C(Nc1ccc(Cl)cc1C(=O)Nc1ccc(Cl)cn1)c1ccc(-c2cccc(N3CCOCC3)c2)cc1,False,,7.130768280269024,,
O=C(Nc1ccc(Cl)cc1C(=O)Nc1ccc(Cl)cn1)c1ccc(-c2ccccc2N2CCC(C(=O)O)CC2)cc1,False,,9.397940008672037,,
O=C(Nc1ccc(Cl)cc1C(=O)Nc1ccc(Cl)cn1)c1ccc(-c2ccccc2N2CCC(O)CC2)cc1,False,,9.0,,
O=C(Nc1ccc(Cl)cc1C(=O)Nc1ccc(Cl)cn1)c1ccc(-c2ccccc2N2CCCC2)cc1,False,,8.55284196865778,,
O=C(Nc1ccc(Cl)cc1C(=O)Nc1ccc(Cl)cn1)c1ccc(-c2ccccc2N2CCCCC2)cc1,False,,8.55284196865778,,
O=C(Nc1ccc(Cl)cc1C(=O)Nc1ccc(Cl)cn1)c1ccc(-c2ccccc2N2CCCNCC2)cc1,False,,8.2518119729938,,
O=C(Nc1ccc(Cl)cc1C(=O)Nc1ccc(Cl)cn1)c1ccc(-c2ccccc2N2CCNCC2)cc1,False,,8.387216143280265,,
O=C(Nc1ccc(Cl)cc1C(=O)Nc1ccc(Cl)cn1)c1ccc(-c2ccccc2N2CCOCC2)cc1,False,,8.387216143280265,,
O=C(Nc1ccc(Cl)cc1C(=O)Nc1ccc(Cl)cn1)c1ccc(CN2CCC(C(=O)O)CC2)cc1,False,,6.638272163982407,4.958607314841775,
O=C(Nc1ccc(Cl)cc1C(=O)Nc1ccc(Cl)cn1)c1ccc(CN2CCC(O)CC2)cc1,False,,6.866461091629782,4.958607314841775,
O=C(Nc1ccc(Cl)cc1C(=O)Nc1ccc(Cl)cn1)c1ccc(CN2CCCC2)cc1,False,,7.795880017344075,4.958607314841775,
O=C(Nc1ccc(Cl)cc1C(=O)Nc1ccc(Cl)cn1)c1ccc(CN2CCCC2=O)cc1,False,,6.258060922270801,4.958607314841775,
O=C(Nc1ccc(Cl)cc1C(=O)Nc1ccc(Cl)cn1)c1ccc(CN2CCCCC2)cc1,False,,7.823908740944319,4.958607314841775,
O=C(Nc1ccc(Cl)cc1C(=O)Nc1ccc(Cl)cn1)c1ccc(CN2CCN=C2S)cc1,False,,7.455931955649724,4.958607314841775,
O=C(Nc1ccc(Cl)cc1C(=O)Nc1ccc(Cl)cn1)c1ccc(CN2CCNC2=O)cc1,False,,7.522878745280337,4.958607314841775,
O=C(Nc1ccc(Cl)cc1C(=O)Nc1ccc(Cl)cn1)c1ccc(CN2CCNCC2)cc1,False,,7.769551078621726,4.958607314841775,
O=C(Nc1ccc(Cl)cc1C(=O)Nc1ccc(Cl)cn1)c1ccc(CN2CCOCC2)cc1,False,,6.853871964321762,4.958607314841775,
O=C(Nc1ccc(Cl)cc1C(=O)Nc1ccc(Cl)cn1)c1ccc(C[n+]2ccccc2)cc1,False,,8.236572006437063,4.958607314841775,
O=C(Nc1ccc(Cl)cc1O)c1cc2cc(Cl)cc(Br)c2oc1=O,True,5.096910013008056,,,
O=C(Nc1ccc(Cl)cn1)[C@@H]1OC(=O)N2c3ccc(N4CCOCC4=O)cc3OC[C@@H]12,False,,4.0,,
O=C(Nc1ccc(Cl)s1)[C@@H]1OC(=O)N2c3ccc(N4CCOCC4=O)cc3OC[C@@H]12,False,,4.0,,
O=C(Nc1ccc(F)cc1)Nc1cc(OCC(F)(F)F)cc(OCC(F)(F)F)c1,False,4.301029995663981,,,
O=C(Nc1ccc(F)cc1F)c1ccc(-n2cncn2)nc1,False,,,4.301029995663981,
O=C(Nc1ccc(N2CC(CNC(=O)c3ccc(Cl)s3)OC2=O)cc1)c1cccs1,False,,5.886056647693163,,
O=C(Nc1ccc(N2CCCCC2)cc1)[C@@H]1Cc2ccccc2CN1C(=O)OCc1ccccc1,False,,3.3010299956639813,,
O=C(Nc1ccc(N2CCCCC2=O)cc1)[C@@H]1Cc2ccccc2CN1C(=O)OCc1ccccc1,False,,5.00436480540245,,
O=C(Nc1ccc(N2CCCCC2=O)cc1)[C@@H]1Cc2ccccc2CN1C(=O)c1ccc(C(F)(F)F)cc1,False,,4.876148359032914,,
O=C(Nc1ccc(N2CCN(C(=O)c3ccccc3)CC2)cc1)c1ccc2c(c1)OCO2,False,4.301029995663981,,,
O=C(Nc1ccc(N2CCN(C(=O)c3cccs3)CC2)cc1)[C@@H]1Cc2ccccc2CN1C(=O)OCc1ccccc1,False,,3.3010299956639813,,
O=C(Nc1ccc(N2CCOCC2)cc1)C1CCN(S(=O)(=O)c2ccccc2F)CC1,False,,,4.301029995663981,
O=C(Nc1ccc(N2CCOCC2=O)cc1)[C@@H]1CC=CCN1C(=O)Cc1ccc(Cl)cc1,False,,5.045757490560675,,
O=C(Nc1ccc(N2CCOCC2=O)cc1)[C@@H]1Cc2ccccc2CN1C(=O)OCc1ccccc1,False,,5.221848749616356,,
O=C(Nc1ccc(N2CCOCC2=O)cc1)[C@@H]1Cc2ccccc2CN1C(=O)c1ccc(CCl)cc1,False,,5.5376020021010435,,
O=C(Nc1ccc(N2CCOCC2=O)cc1)[C@@H]1[C@@H]2CC[C@H](C2)N1C(=O)Cc1ccc(Cl)cc1,False,,5.0,,
O=C(Nc1ccc(N2CCOCC2=O)cc1)[C@H]1CCCCN1C(=O)Cc1ccc(Cl)cc1,False,,4.638272163982407,,
O=C(Nc1ccc(N2CCOCC2=O)cc1)[C@H]1C[C@@H](O)CN1C(=O)Nc1ccc(Cl)cc1,False,,8.976222676395595,,
O=C(Nc1ccc(N2CCOCC2=O)cc1)[C@H]1Cc2ccccc2CN1C(=O)Cc1ccc(Cl)cc1,False,3.3010299956639813,6.568636235841013,3.3010299956639813,
O=C(Nc1ccc(N2CCOCC2=O)cc1)c1cc(CO)n(Cc2cc(-c3ccc(Cl)s3)on2)n1,False,,8.827643649877272,,
O=C(Nc1ccc(N2CCOCC2=O)cc1)c1ccc2[nH]c(-c3ccc(Cl)s3)nc2c1,False,,5.721246399047171,5.0,
O=C(Nc1ccc(O)cc1)c1cc2cc(Cl)cc(Br)c2oc1=O,True,4.3872161432802645,,,
O=C(Nc1ccc(OS(=O)(=O)O)cc1)c1cccc(N2C(=O)c3ccc(C(=O)Nc4ccc(OS(=O)(=O)O)cc4)cc3C2=O)c1,False,,,3.543633966870957,
O=C(Nc1ccc2nn[nH]c2c1)[C@@H]1C[C@H](N2CCOCC2)CN1C(=O)/C=C/c1cc(Cl)ccc1-n1cnnn1,False,,4.0,4.0,
O=C(Nc1cccc(Br)c1)c1ccn(C(=O)c2ccccc2Cl)n1,False,,,5.301029995663981,
O=C(Nc1cccc(O)c1)c1cc2cc(Cl)cc(Br)c2oc1=O,True,4.468521082957745,,,
O=C(Nc1cccc2c1CN(Cc1cccc(CNc3ccncc3)c1)C2=O)c1ccc(Cl)s1,False,,8.096910013008056,,
O=C(Nc1ccccc1)[C@@H]1C[C@H](N2CCN(S(=O)(=O)c3ccccc3)CC2)CN1C(=O)/C=C/c1cc(Cl)ccc1-n1cnnn1,False,,4.0,4.0,
O=C(Nc1ccccc1)c1cc2c(ccc3ccccc32)oc1=O,True,,4.301029995663981,4.301029995663981,
O=C(Nc1ccccc1)c1cc2cc(Br)ccc2oc1=O,True,4.619788758288394,,,
O=C(Nc1ccccc1)c1cc2cc(CCl)ccc2oc1=O,True,4.769551078621726,4.301029995663981,4.301029995663981,
O=C(Nc1ccccc1)c1cc2cc(Cl)cc(Br)c2oc1=O,True,5.076213670428944,,,
O=C(Nc1ccccc1)c1cc2cc(Cl)cc(Cl)c2oc1=O,True,4.721246399047171,,,
O=C(Nc1ccccc1)c1cc2cc([N+](=O)[O-])ccc2oc1=O,True,4.657577319177793,,,
O=C(Nc1ccccc1)c1cc2ccc(O)cc2oc1=O,True,,4.301029995663981,4.301029995663981,
O=C(Nc1ccccc1)c1cc2ccccc2oc1=O,True,4.376750709602099,,,
O=C(Nc1ccccc1)c1ccn(C(=O)c2ccccc2)n1,False,,,6.4089353929735005,
O=C(Nc1ccccc1C(=O)Nc1ccc(Cl)cn1)c1ccc(C2=NCCCN2)cc1,False,,6.645891560852599,,
O=C(Nc1ccccc1C(=O)Nc1ccc(Cl)cn1)c1ccc(C2=NCCN2)cc1,False,,6.5003129173815966,,
O=C(Nc1ccccc1CNC(=O)c1ccc(Cl)s1)c1ccc(N2CCOCC2=O)cc1,False,,8.387216143280265,,
O=C(Nc1ccccc1Cl)C1CC(=O)N(c2ccccc2)C1,False,4.301029995663981,,,
O=C(Nc1ccccc1N1CCOCC1)c1ccc2[nH]cnc2c1,False,,,5.16304705592192,
O=C(Nc1ccccc1O)c1cc2cc(Cl)cc(Br)c2oc1=O,True,5.154901959985743,,,
O=C(Nc1cccs1)[C@H]1CN(C(=O)[C@@H](CC2CCCCC2)NC2CCCCC2)CC[C@H]1NC(=O)N1CCCC2(CCNC2=O)C1,False,6.368556230986828,,,
O=C(Nc1nc(-c2ccc(Cl)s2)cs1)c1cccs1,False,4.621356492304991,,,
O=C(Nc1nc(-c2ccccc2)n[nH]1)c1ccccc1,False,6.268411234813261,5.301029995663981,5.9083330424043154,
O=C(Nc1nc(-c2ccccn2)cs1)c1ncc(Cl)c(Cl)c1Cl,False,4.301029995663981,,,
O=C(Nc1nc(-c2ccccn2)n[nH]1)Oc1ccccc1,False,6.209714835966758,5.301029995663981,4.885389015767827,
O=C(Nc1nc(-c2ccccn2)n[nH]1)c1ccccc1,False,6.87942606879415,5.301029995663981,6.628932137728263,
O=C(Nc1nc(-c2cccnc2)n[nH]1)c1ccccc1,False,6.525783735923745,5.301029995663981,6.062983892535185,
O=C(Nc1nc(-c2cccs2)cs1)c1ccc(Cl)cc1,False,,,5.34720557520566,
O=C(Nc1nc(-c2cccs2)cs1)c1ccco1,False,,,4.301029995663981,
O=C(Nc1nc(-c2ccncc2)n[nH]1)C1CCCCC1,False,6.0,5.301029995663981,5.301029995663981,
O=C(Nc1nc(-c2ccncc2)n[nH]1)c1ccccc1,False,6.97469413473523,5.301029995663981,6.016824927962187,
O=C(Nc1nc(C(F)(F)F)n[nH]1)c1cccs1,False,5.675571432278066,,,
O=C(Nc1nc(Nc2ccccc2)n[nH]1)c1ccccc1,False,6.0,5.301029995663981,5.301029995663981,
O=C(Nc1nc(Nc2cccnc2)n[nH]1)c1ccccc1,False,5.301029995663981,5.301029995663981,5.096910013008056,
O=C(Nc1nc2cc3c(cc2s1)OCO3)c1ccco1,False,6.3423610153839185,,5.019105761105,
O=C(Nc1nc2n(n1)C(c1ccc(Cl)cc1)CC(c1ccc(Cl)cc1)N2)c1ccco1,False,4.301029995663981,,,
O=C(Nc1ncc(Cc2ccccc2)s1)c1cccs1,False,4.301029995663981,,,
O=C(Nc1nccs1)c1cccc(S(=O)(=O)N2CCCCC2)c1,False,4.301029995663981,,,
O=C(Nc1ncnc2sc3c(c12)CCCCC3)c1ccc(F)cc1,False,4.301029995663981,,,
O=C(Nc1nnc(-c2ccccc2)s1)c1cc(S(=O)(=O)N2CCOCC2)c(Cl)cc1Cl,False,4.301029995663981,,,
O=C(O)C1CCCCC1C(=O)NCCc1ccccc1,False,4.301029995663981,,,
O=C(O)C1CCN(c2ccc(Cl)nn2)CC1,False,,,4.301029995663981,
O=C(O)CC(=O)Nc1ccccc1C(=O)O,False,4.301029995663981,,,
O=C(O)CC(Cc1ccc(Br)cc1)C(=O)O,False,4.301029995663981,,,
O=C(O)CC1(CC(=O)NCc2ccncc2)CCCCC1,False,4.301029995663981,,,
O=C(O)CCC(=O)Nc1ccc2c(c1)C(=O)C(=O)NC2=O,False,,,5.301029995663981,
O=C(O)CCN1C(=O)C2C3c4ccccc4C(c4ccccc43)[C@@H]2C1=O,False,4.301029995663981,,,
O=C(O)CCS(=O)(=O)c1ccc2cc(Cl)ccc2c1,False,,5.301029995663981,,
O=C(O)CN(CCCS(=O)(=O)c1ccc2cc(Cl)ccc2c1)C(=O)C1CCN(c2ccncc2)CC1,False,,7.267606240177032,,
O=C(O)CN1C(=O)/C(=C/c2ccc(N3CCCCC3)o2)SC1=S,False,4.301029995663981,,,
O=C(O)CN[C@H](CC1CCCCC1)C(=O)N(CC(=O)ONCC1CCNCC1)C1CCCC1,False,,,3.876148359032914,
O=C(O)CN[C@H](CC1CCCCC1)C(=O)N(CC(=O)ONCCC1CCNCC1)C1CCCC1,False,,,4.130768280269024,
O=C(O)CN[C@H](CC1CCCCC1)C(=O)NCC(=O)NC(CC1CCNCC1)C(=O)c1nccs1,False,,5.958607314841775,4.7121982700697735,
O=C(O)CN[C@H](CC1CCCCC1)C(=O)N[C@@H](Cc1ccccc1)C(=O)NC(CC1CCNCC1)C(=O)c1nccs1,False,,5.107905397309519,5.508638306165727,
O=C(O)COc1ccc2c(c1)OCCO2,False,4.301029995663981,,,
O=C(O)CSCC(=O)NCc1cccc(C(F)(F)F)c1,False,,,4.301029995663981,
O=C(O)C[C@@H]1CC[C@H](NC(=O)Cc2cccs2)B(O)O1,False,,,3.0,
O=C(O)Cc1ccc(NC(=O)CCN2C(=O)c3ccc([N+](=O)[O-])cc3C2=O)cc1,False,4.301029995663981,,,
O=C(O)Cc1ccccc1C(=O)O,False,,,4.301029995663981,
O=C(O)[C@@H]1[C@@H](CCC2CCCNC2)C(=O)N1C(=O)N1CCN(C(=O)CCCCCc2ccccc2)CC1,False,,4.481486060122112,4.481486060122112,
O=C(O)c1c(F)ccc2c1OB(O)[C@@H]1C[C@H]21,False,,,4.0,
O=C(O)c1cc([N+](=O)[O-])ccc1NCc1ccccc1Cl,False,,,4.301029995663981,
O=C(O)c1ccc(/C=C2\SC(=S)N(Nc3ccccc3)C2=O)cc1,False,4.301029995663981,,,
O=C(O)c1ccc(/C=N/NC(=O)c2ccc(F)cc2)cc1,False,,,4.301029995663981,
O=C(O)c1ccc(/N=C/c2nc(-c3ccco3)oc2O)cc1,False,,,4.301029995663981,
O=C(O)c1ccc(CNC(=O)c2ccc(Cl)s2)c(NC(=O)c2nc3c(s2)CN(C(CF)CF)CC3)c1,False,,8.161150909262744,,
O=C(O)c1ccc(CNC(=O)c2ccc(Cl)s2)c(NC(=O)c2nc3c(s2)COCC3)c1,False,,7.275724130399211,,
O=C(O)c1ccc(NC(=NS(=O)(=O)c2ccc(Cl)cc2)c2ccccc2)cc1,False,4.301029995663981,,,
O=C(O)c1ccc(NC(=O)[C@@H]2C[C@H](N3CCOCC3)CN2C(=O)/C=C/c2cc(Cl)ccc2-n2cnnn2)cc1,False,,4.0,4.0,
O=C(O)c1ccc(NC2=C(Cl)C(=O)c3ccccc3C2=O)cc1,False,4.301029995663981,,,
O=C(O)c1ccc(NCc2nc3ccccc3n2Cc2ccccc2)cc1,False,4.301029995663981,,,
O=C(O)c1ccc2c(c1)nc(C(=O)NC1CCN(C3CC3)CC1)n2Cc1cc(-c2ccc(Cl)s2)on1,False,,7.684622730916427,,
O=C(O)c1ccccc1SCC(=O)N1CCOCC1,False,,,4.301029995663981,
O=C(OC1CCNCC1)c1cc2cc(CCl)ccc2oc1=O,True,,,3.5228787452803374,
O=C(OC1O[C@@H]2COC(=O)c3cc(O)c(O)c(O)c3-c3c(cc(O)c(O)c3O)C(=O)O[C@H]2[C@H](OC(=O)c2cc(O)c(O)c(O)c2)[C@H]1OC(=O)c1cc(O)c(O)c(O)c1)c1cc(O)c(O)c(O)c1,False,,6.6777807052660805,,
O=C(OCC(=O)N1CCCc2ccccc21)c1ccc(Cl)nc1,False,4.301029995663981,,,
O=C(OCC(=O)c1ccc(Cl)s1)c1ccc2ccccc2n1,False,4.301029995663981,,,
O=C(OCC(F)(F)F)c1nn(C(=O)c2ccccc2)c2ccccc12,False,,,5.173925197299173,
O=C(OC[C@H]1O[C@@H](OC(=O)c2cc(O)c(O)c(O)c2)[C@H](OC(=O)c2cc(O)c(O)c(O)c2)[C@@H](OC(=O)c2cc(O)c(O)c(O)c2)[C@@H]1OC(=O)c1cc(O)c(O)c(O)c1)c1cc(O)c(O)c(O)c1,False,,6.769551078621726,,
O=C(O[C@H]1[C@H](OC(=O)c2cc(OS(=O)(=O)[O-])cc(OS(=O)(=O)[O-])c2)[C@H](OC(=O)c2cc(OS(=O)(=O)[O-])cc(OS(=O)(=O)[O-])c2)[C@@H](OC(=O)c2cc(OS(=O)(=O)[O-])cc(OS(=O)(=O)[O-])c2)[C@H](OC(=O)c2cc(OS(=O)(=O)[O-])cc(OS(=O)(=O)[O-])c2)[C@H]1OC(=O)c1cc(OS(=O)(=O)[O-])cc(OS(=O)(=O)[O-])c1)c1cc(OS(=O)(=O)[O-])cc(OS(=O)(=O)[O-])c1.[Na+].[Na+].[Na+].[Na+].[Na+].[Na+].[Na+].[Na+].[Na+].[Na+].[Na+].[Na+],False,4.3979400086720375,4.3979400086720375,4.3979400086720375,
O=C(Oc1cc(=O)n2ccccc2n1)c1ccccc1,False,5.772733056742211,,,
O=C(Oc1cc(Cl)ccc1Cl)c1cc2cc(CCl)ccc2oc1=O,True,,,6.987162775294828,
O=C(Oc1ccc(Cl)c2cccnc12)c1ccco1,False,4.666031280705832,,,
O=C(Oc1ccc2c(=O)c(Cl)coc2c1)c1ccncc1,False,4.744586130925028,,,
O=C(Oc1ccc2c3c(c(=O)oc2c1)CCC3)c1ccco1,True,5.20608744353297,,,
O=C(Oc1ccc2ccc(=O)oc2c1)c1cccs1,True,5.108103101971463,,,
O=C(Oc1cccc(-n2cnnn2)c1)c1ccco1,False,4.907608884598672,,,
O=C(Oc1cccc(Cl)n1)c1cc2cc(CCl)ccc2oc1=O,True,,,6.060480747381382,
O=C(Oc1ccccc1)c1cc2cc(CCl)ccc2oc1=O,True,4.301029995663981,4.301029995663981,5.154901959985743,
O=C(Oc1cncc(Cl)c1)c1cc2cc(CCl)ccc2oc1=O,True,,,3.5228787452803374,
O=C(Oc1cncc(Cl)c1)c1ccco1,False,5.856554243577237,,,
O=C(Oc1nsnc1N1CCOCC1)c1ccccc1,False,5.358241410733205,,,
O=C(Oc1oc(-c2ccco2)nc1/C=N/c1ccccc1)c1ccco1,False,4.998310410983335,,5.880981783668139,
O=C(Oc1oc(-c2ccco2)nc1/C=N/c1ccccc1)c1ccoc1,False,4.962895955898439,,5.863339667642133,
O=C([C@H](O)CS(=O)(=O)c1ccc2cc(Cl)ccc2c1)N1CCC(N2CCCC2)CC1,False,,6.8326826652518236,,
O=C([C@H](O)CS(=O)(=O)c1ccc2cc(Cl)ccc2c1)N1CCC(N2CCCC2=O)CC1,False,,7.853871964321762,,
O=C([C@H](O)CS(=O)(=O)c1ccc2cc(Cl)ccc2c1)N1CCC(N2CCCCC2=O)CC1,False,,8.040958607678906,,
O=C([C@H](O)CS(=O)(=O)c1ccc2cc(Cl)ccc2c1)N1CCC(N2CCCCCC2=O)CC1,False,,7.552841968657781,,
O=C([C@H](O)CS(=O)(=O)c1ccc2cc(Cl)ccc2c1)N1CCC(N2CCCNC2=O)CC1,False,,8.523147076825747,5.920818753952375,
O=C([C@H](O)CS(=O)(=O)c1ccc2cc(Cl)ccc2c1)N1CCC(N2CCCOC2=O)CC1,False,,7.698970004336019,,
O=C([C@H](O)CS(=O)(=O)c1ccc2cc(Cl)ccc2c1)N1CCC(N2CCCS2(=O)=O)CC1,False,,6.703334809738469,,
O=C([C@H](O)CS(=O)(=O)c1ccc2cc(Cl)ccc2c1)N1CCC(N2CCNC2=O)CC1,False,,7.638272163982407,,
O=C([C@H](O)CS(=O)(=O)c1ccc2cc(Cl)ccc2c1)N1CCC(N2CCOC2=O)CC1,False,,7.221848749616356,,
O=C([C@H](O)CS(=O)(=O)c1ccc2cc(Cl)ccc2c1)N1CCC(N2CCOCC2=O)CC1,False,,8.443697499232712,,
O=C([C@H](O)CS(=O)(=O)c1ccc2cc(Cl)ccc2c1)N1CCC(N2C[C@@H]3CCCN3C2=O)CC1,False,,7.619788758288394,,
O=C([C@H](O)CS(=O)(=O)c1ccc2cc(Cl)ccc2c1)N1CCC(N2C[C@H]3CCCN3C2=O)CC1,False,,7.292429823902063,,
O=C([C@H](O)CS(=O)(=O)c1ccc2cc(Cl)ccc2c1)N1CCC(N2Cc3ccccc3C2=O)CC1,False,,8.638272163982407,,
O=C([C@H](O)CS(=O)(=O)c1ccc2cc(Cl)ccc2c1)N1CCC(N2Cc3cccn3C2=O)CC1,False,,8.769551078621726,,
O=C([C@H](O)CS(=O)(=O)c1ccc2cc(Cl)ccc2c1)N1CCC(N2NCCCC2=O)CC1,False,,7.309803919971486,,
O=C([C@H](O)CS(=O)(=O)c1ccc2cc(Cl)ccc2c1)N1CCC(n2cc[nH]c2=O)CC1,False,,7.337242168318426,,
O=C([O-])C1O[C@@H](O[C@H]2C(O)C(NS(=O)(=O)[O-])[C@@H](O)O[C@H]2COS(=O)(=O)[O-])C(NS(=O)(=O)[O-])[C@@H](O)[C@@H]1O[C@@H]1OC(COS(=O)(=O)[O-])[C@@H](O[C@@H]2O[C@@H](C(=O)[O-])[C@@H](O[C@H]3O[C@@H](COS(=O)(=O)[O-])[C@@H](O)C(O)C3NS(=O)(=O)[O-])C(O)C2O)[C@H](OS(=O)(=O)[O-])C1OS(=O)(=O)[O-].[Na+].[Na+].[Na+].[Na+].[Na+].[Na+].[Na+].[Na+].[Na+].[Na+],False,,,6.886056647693163,
O=C([O-])[C@H]1O[C@@H](O[C@H]2[C@H](O)[C@@H](NS(=O)(=O)[O-])[C@@H](OCCNS(=O)(=O)[O-])O[C@@H]2COS(=O)(=O)[O-])[C@H](O)[C@@H](O)[C@@H]1O[C@H]1O[C@H](COS(=O)(=O)[O-])[C@@H](O)[C@H](O)[C@H]1NS(=O)(=O)[O-].[Na+].[Na+].[Na+].[Na+].[Na+].[Na+],False,,5.698970004336019,5.698970004336019,
O=C(c1cc2c([nH]1)CCNC2)N1CCN(S(=O)(=O)c2ccc3cc(Cl)ccc3c2)CC1,False,,5.207608310501746,,
O=C(c1cc2c(s1)CCNC2)N1CCN(S(=O)(=O)c2ccc3cc(Cl)ccc3c2)CC1,False,,6.568636235841013,,
O=C(c1cc2c(s1)CNCC2)N1CCN(S(=O)(=O)c2ccc3cc(Cl)ccc3c2)CC1,False,,6.795880017344075,,
O=C(c1cc2ccccc2[nH]1)N1CCOCC1,False,,,4.301029995663981,
O=C(c1cc2ccccc2n1Cc1cc(-c2ccc(Cl)s2)on1)N1CCC(Nc2ccncc2)CC1,False,,,6.721246399047171,
O=C(c1ccc(-c2ccc([N+](=O)[O-])cc2)o1)N1CCCCC1,False,,,4.301029995663981,
O=C(c1ccc(-n2ccnc2)cc1)N1CC[C@H](CNS(=O)(=O)/C=C/c2ccc(Cl)s2)C1,False,,5.886056647693163,,
O=C(c1ccc(Br)cc1)n1nnc2ccccc21,False,6.221848749616356,,,
O=C(c1ccc(Br)o1)n1nnc2ccccc21,False,5.707743928643524,,,
O=C(c1ccc(C2=NCCCN2)cc1)N1CCN(S(=O)(=O)c2ccc3cc(Br)ccc3c2)CC1,False,,5.886056647693163,,
O=C(c1ccc(C2=NCCN2)cc1)N1CCN(S(=O)(=O)c2ccc3cc(Br)ccc3c2)CC1,False,,6.275724130399211,,
O=C(c1ccc(COc2ccc(F)cc2)o1)n1cc(Br)cn1,False,4.789111090806672,,,
O=C(c1ccc(Cl)c(Cl)c1)n1cccn1,False,,,5.552841968657781,
O=C(c1ccc(Cl)cc1)n1nnc2ccccc21,False,4.498940737782249,,,
O=C(c1ccc(F)cc1)n1cc(Cl)cn1,False,,,5.161150909262744,
O=C(c1ccc(N2CCCC2=O)cc1)N1CCCCCC1,False,4.301029995663981,,,
O=C(c1ccc(N2CCCCC2)c([N+](=O)[O-])c1)N(c1ccccn1)c1ccccn1,False,,,4.301029995663981,
O=C(c1ccc([N+](=O)[O-])cc1)n1nc(-c2ccccc2)nc1NCc1ccc(F)cc1,False,,,6.333500739438307,
O=C(c1ccc([N+](=O)[O-])cc1)n1nc(-c2ccccc2)nc1NCc1ccccc1,False,,,7.532984181561565,
O=C(c1ccc2c(c1)CCNC2)N1CCN(S(=O)(=O)c2ccc3cc(Cl)ccc3c2)CC1,False,,6.1938200260161125,,
O=C(c1ccc2c(c1)OCO2)N1CCN(c2ccc(F)cc2)CC1,False,4.301029995663981,,,
O=C(c1ccc2c(c1)OCO2)n1nnc2ccccc21,False,6.436578248505798,,,
O=C(c1ccc2c(n1)CCNC2)N1CCN(S(=O)(=O)c2ccc3cc(Cl)ccc3c2)CC1,False,,6.036212172654444,,
O=C(c1cccc(F)c1)n1nnc2ccccc21,False,4.979952119173337,,,
O=C(c1cccc([N+](=O)[O-])c1)n1cc(Cl)cn1,False,,,6.167491087293763,
O=C(c1cccc([N+](=O)[O-])c1)n1nc(-c2ccccc2)nc1NCc1ccccc1,False,,,6.282770671339506,
O=C(c1cccc([N+](=O)[O-])c1)n1nnc2ccccc21,False,4.301029995663981,,,
O=C(c1cccc2c1OCCO2)n1nc(-c2ccccn2)cc1NCc1ccc(Cl)s1,False,,,7.920818753952375,
O=C(c1ccccc1)C1CN(c2ccccc2)CC1c1ccc(Cl)cc1,False,4.301029995663981,,,
O=C(c1ccccc1)N1CCCC(c2nc(O)c3nnn(Cc4ccccc4)c3n2)C1,False,4.301029995663981,,,
O=C(c1ccccc1)n1cc([N+](=O)[O-])cn1,False,,,4.924453038607469,
O=C(c1ccccc1)n1ccc([N+](=O)[O-])n1,False,,,4.958607314841775,
O=C(c1ccccc1)n1nc(-c2ccccc2)nc1NCc1ccco1,False,,,5.76462055175608,
O=C(c1ccccc1)n1nc(-c2ccccn2)cc1NCc1ccc(Cl)s1,False,,,8.301029995663981,
O=C(c1ccccc1)n1nc(-c2ccccn2)nc1NCc1ccc(F)cc1,False,,4.548213564475709,8.0,
O=C(c1ccccc1)n1nnc2ccccc21,False,5.695865067117861,,6.3659864935197925,
O=C(c1ccccc1Cl)n1nc(-c2ccccn2)nc1NCc1ccccc1,False,,5.366531544420414,8.301029995663981,
O=C(c1ccccc1F)n1nc(-c2ccccn2)nc1NCc1ccccc1,False,,5.497572880015567,8.154901959985743,
O=C(c1ccccc1Oc1ccccc1)n1nc(-c2ccccn2)cc1NCc1ccc(Cl)s1,False,,,7.468521082957745,
O=C(c1cccnc1)C1CCCN(Cc2nc(-c3cnccn3)no2)C1,False,4.301029995663981,,,
O=C(c1cccnc1)n1nc(-c2ccco2)nc1NCc1cccs1,False,,,9.0,
O=C(c1ccco1)N1CCN(C(=O)N2c3ccccc3Sc3ccccc32)CC1,False,,,4.301029995663981,
O=C(c1ccco1)N1CCN(S(=O)(=O)c2ccc(Oc3ccccc3)cc2)CC1,False,4.301029995663981,,,
O=C(c1ccco1)n1nc(-c2ccccc2)nc1SCc1ccccc1,False,,,6.157784049798146,
O=C(c1ccco1)n1nc(-c2cccnc2)nc1NCc1ccccc1,False,,,7.426432226960781,
O=C(c1ccco1)n1nc(-c2cccnc2)nc1NCc1ccco1,False,,,6.8737386811361185,
O=C(c1ccco1)n1nc(-c2ccco2)nc1SCc1ccccc1,False,,,6.696674321781085,
O=C(c1ccco1)n1nnc2ccccc21,False,4.467245621007502,,,
O=C(c1cccs1)n1nc(-c2cccnc2)nc1NCc1ccco1,False,,,6.148350350899094,
O=C(c1cccs1)n1nc(-c2ccco2)nc1SCc1ccccc1,False,,,5.83001714422011,
O=C(c1ccoc1)n1nc(-c2ccccn2)cc1NCc1ccc(Cl)s1,False,,,8.045757490560675,
O=C(c1ccsc1)n1nc(-c2ccccc2F)nc1NCc1cccs1,False,,,7.698970004336019,
O=C(c1ccsc1)n1nc(-c2ccccn2)cc1NCc1ccc(Cl)s1,False,,,8.221848749616356,
O=C(c1cn(-c2ccccc2)nc1-c1ccccc1)n1nnc2ccccc21,False,5.354039617611184,,,
O=C(c1cn(-c2ccccc2)nc1-c1ccncc1)n1nnc2ccccc21,False,6.011681889173409,,,
O=C(c1csc2c1CCCC2)n1cccn1,False,5.268138979658216,,,
O=C(c1csc2ccccc12)n1cccn1,False,5.395090632997863,,,
O=C(c1nc2c(s1)CNCC2)N1CCN(S(=O)(=O)c2ccc3cc(Cl)ccc3c2)CC1,False,,7.221848749616356,4.0376020021010435,
O=C(c1nc2ccccc2s1)N1CCN(c2ccccn2)CC1,False,,,4.301029995663981,
O=C(c1nccs1)[C@H]1CCCN1C(=O)[C@@H]1CCCN1C(=O)CCCc1ccccc1,False,,,3.0,
O=C1C(Cl)=C(N2CCOCC2)C(=O)N1c1ccccc1,False,4.301029995663981,,,
O=C1C(c2ccncc2)N(CCC2=CCCCC2)C(=O)CN1C1CCCCC1,False,4.301029995663981,,,
O=C1C=C(O)c2c(O)cccc2C1=O,False,,,4.301029995663981,
O=C1CC(N2CCN(Cc3ccc(Cl)cc3)CC2)C(=O)N1CCc1ccccc1,False,4.301029995663981,,,
O=C1CCC(C(=O)Nc2cccc3ccccc23)N1,False,,,4.301029995663981,
O=C1CN(C(=O)COC(=O)c2oc3ccccc3c2COc2ccccc2)c2ccccc2N1,False,4.301029995663981,,,
O=C1CN(Cc2ccccc2)/C(=N\Cc2ccco2)S1,False,4.301029995663981,,,
O=C1CN(S(=O)(=O)c2ccc3cc(Cl)ccc3c2)CC2(CO)NC3(CCN(c4ccncc4)CC3)CN12,False,,9.214670164989233,,
O=C1CN(S(=O)(=O)c2ccc3cc(Cl)ccc3c2)CC2(CO)SC3(CCN(c4ccncc4)CC3)CN12,False,,8.920818753952375,,
O=C1COCCN1c1ccc(N2C[C@H](CNS(=O)(=O)c3ccc(Cl)s3)OC2=O)cc1,False,,6.306004711666362,,
O=C1N(Cc2ccccc2)C(=O)N1Cc1ccccc1,False,,,7.142667503568731,
O=C1N=C(Nc2ccccc2)S/C1=C/c1cccs1,False,4.301029995663981,,,
O=C1N=C(c2ccccc2)S/C1=C\c1cccs1,False,4.301029995663981,,,
O=C1NC(=O)N(CCc2ccccc2)C(=O)/C1=C/NNC(=O)c1ccncc1,False,,,4.301029995663981,
O=C1NC(=O)N(Cc2ccc(F)cc2)C(=O)/C1=C/Nc1ccc(C(=O)O)cc1,False,4.301029995663981,,,
O=C1NC(=O)c2cc(NC(=O)c3ccc([N+](=O)[O-])cc3)ccc2C1=O,False,,,5.301029995663981,
O=C1NC(=O)c2ccccc2C1=O,False,,,5.301029995663981,
O=C1NC(=S)N(C2CC2)C(=O)/C1=C/c1ccc2c(c1)CCN2CCCCl,False,4.301029995663981,,,
O=C1NC2(CCCCC2)NN1c1ccccc1,False,,,4.301029995663981,
O=C1NCC(COCc2ccco2)O1,False,,,4.301029995663981,
O=C1NCCc2c(OC(=O)N3CCN(C(=O)[C@@H](CC4CCCCC4)NC4CCCCC4)[C@H](C(=O)NCc4cccs4)C3)cccc21,False,7.694648630553377,,,
O=C1OC(Nc2ccc(F)c([N+](=O)[O-])c2)c2ccccc21,False,,,4.301029995663981,
O=C1OC(Nc2ncccn2)c2ccccc21,False,4.301029995663981,,,
O=C1OC[C@@H](O)[C@H]([C@@H]2OC(=O)c3cc(O)c(O)c(O)c3-c3c(O)c(O)c(O)c4c3C(=O)O[C@H]2[C@@H]4O)OC(=O)c2cc(O)c(O)c(O)c2-c2c1cc(O)c(O)c2O,False,,6.142667503568731,,
O=C1OC[C@@H](O)[C@H]([C@@H]2OC(=O)c3cc(O)c(O)c(O)c3-c3c(O)c(O)c(O)c4c3C(=O)O[C@H]2[C@H]4O)OC(=O)c2cc(O)c(O)c(O)c2-c2c1cc(O)c(O)c2O,False,,6.552841968657781,,
O=C1OC[C@H]2OC(O)[C@@H]3OC(=O)c4cc(O)c(O)c(O)c4-c4c(cc(O)c(O)c4O)C(=O)O[C@H]3[C@@H]2OC(=O)c2cc(O)c(O)c(O)c2-c2c1cc(O)c(O)c2O,False,,6.251811972993799,,
O=C1O[C@H]2CCC[C@@H]2[C@@H]1Cc1ccccc1,False,,,7.136677139879544,
O=C1O[C@H]2CCC[C@@H]2[C@@H]1Sc1ccccc1,False,,,8.0,
O=C1O[C@H]2CCC[C@@H]2[C@H]1Cc1ccccc1,False,,,7.036212172654444,
O=C1O[C@H]2CCC[C@@H]2[C@H]1Sc1ccccc1,False,,,8.221848749616356,
O=C1SCCC1NC(=O)C(c1ccccc1)c1ccccc1,False,4.301029995663981,,,
O=C1[C@@H](NS(=O)(=O)c2cc3ncccc3s2)CCN1Cc1cc2ccncc2[nH]1,False,,7.610204272826754,,
O=C1[C@@H](NS(=O)(=O)c2ccc3cc(Cl)ccc3c2)CCCN1CC(=O)N1CCCC1c1cccnc1,False,,6.889410289700751,,
O=C1c2ccccc2C(=O)N1OS(=O)(=O)c1ccccc1,False,5.794430267622017,,,
O=C1c2cccnc2C(=O)N1c1cccc(-c2nc3ccccc3o2)c1,False,4.301029995663981,,,
O=C1c2oc3ccccc3c(=O)c2C(c2cccc(F)c2)N1CCCO,False,4.301029995663981,,,
O=Cc1ccc(OCC(=O)Nc2ccccc2C(F)(F)F)cc1,False,4.301029995663981,,,
O=S(=O)(N1CCCCC1)N1CCN(c2ccccc2F)CC1,False,4.301029995663981,,,
O=S(=O)(Nc1ccccc1)c1ccc(-c2csnn2)cc1,False,4.301029995663981,,,
O=S(=O)([N-]c1nc2ccccc2nc1-[n+]1ccn(Cc2ccccc2)c1)c1ccc(Cl)cc1,False,4.301029995663981,,,
O=S(=O)(c1ccc(S(=O)(=O)N2CCCC2)cc1)N1CCCCCC1,False,4.301029995663981,,,
O=S([O-])c1ccc2cc(Cl)ccc2c1.[Na+],False,,5.301029995663981,,
O=[N+]([O-])c1ccc(-c2cc(O)n3nc(-c4ccc(Cl)cc4)cc3n2)cc1,False,,,4.301029995663981,
O=[N+]([O-])c1ccc(-c2nnc(CSc3nnc(O)n3C3CCCCC3)o2)cc1,False,,,5.393506850697342,
O=[N+]([O-])c1ccc2c(c1)c1ccccc1n2CCO,False,4.301029995663981,,,
O=[N+]([O-])c1ccc2nc(-c3c[nH]c4ccccc34)cc(-c3ccccc3)c2c1,False,,,4.522878745280337,
O=[N+]([O-])c1ccc2nc(-c3ccc(O)cc3)cc(-c3ccccc3)c2c1,False,,,4.522878745280337,
O=[N+]([O-])c1cccc(S(=O)(=O)Nc2ccncc2)c1,False,4.301029995663981,,,
O=[N+]([O-])c1cncc([N+](=O)[O-])c1Nc1ccccc1Cl,False,4.301029995663981,,,
O=c1[nH]c(=O)n(Cc2ccccc2)c2c1C(C(F)(F)F)(C(F)(F)F)NC(c1ccco1)=N2,False,,,4.5019640346850345,
O=c1c(Cl)c(Cl)cnn1Cc1ccc(F)cc1,False,4.301029995663981,,,
O=c1c(O)c(-c2ccc(O)c(O)c2)oc2cc(O)cc(O)c12,False,,,5.173393743112328,
O=c1c(O)c(-c2ccc(O)c(O)c2)oc2cc(O)cc(OCc3ccc(COc4cc(O)cc5oc(-c6ccc(O)c(O)c6)c(O)c(=O)c45)cc3)c12,False,,3.6736641390712483,3.5734887386354246,
O=c1c(OS(=O)(=O)[O-])c(-c2ccc(OS(=O)(=O)[O-])c(OS(=O)(=O)[O-])c2)oc2cc(OS(=O)(=O)[O-])cc(OCc3ccc(COc4cc(OS(=O)(=O)[O-])cc5oc(-c6ccc(OS(=O)(=O)[O-])c(OS(=O)(=O)[O-])c6)c(OS(=O)(=O)[O-])c(=O)c45)cc3)c12.[Na+].[Na+].[Na+].[Na+].[Na+].[Na+].[Na+].[Na+],False,3.0,3.2967086218813386,3.8068754016455384,
O=c1c(OS(=O)(=O)[O-])c(-c2ccc(OS(=O)(=O)[O-])c(OS(=O)(=O)[O-])c2)oc2cc(OS(=O)(=O)[O-])cc(OCc3cn(CCCCCCCCn4c(-c5ccc(OS(=O)(=O)[O-])cc5)nc5ccccc5c4=O)nn3)c12.[Na+].[Na+].[Na+].[Na+].[Na+],False,,3.6020599913279625,3.3010299956639813,
O=c1c2c(O)c(O)c(O)cc2nc(-c2ccccc2)n1-c1ccccc1,False,,,5.0,
O=c1c2cc(OS(=O)(=O)O)c(OS(=O)(=O)O)cc2oc2cc(OS(=O)(=O)O)c([C@@H]3O[C@H](COS(=O)(=O)O)[C@@H](OS(=O)(=O)O)[C@H](OS(=O)(=O)O)[C@H]3OS(=O)(=O)O)c(O)c12,False,,3.0132282657337552,,
O=c1c2ccc(O[C@@H]3O[C@H](COS(=O)(=O)O)[C@@H](OS(=O)(=O)O)[C@H](OS(=O)(=O)O)[C@H]3OS(=O)(=O)O)cc2oc2cc(O[C@@H]3O[C@H](COS(=O)(=O)O)[C@@H](OS(=O)(=O)O)[C@H](OS(=O)(=O)O)[C@H]3OS(=O)(=O)O)ccc12,False,,3.1307682802690238,,
O=c1oc(-c2c(F)cccc2F)nc2cc(C(F)(F)F)ccc12,False,,3.7594507517174005,3.8728952016351923,
O=c1oc(-c2c(F)cccc2F)nc2cc([N+](=O)[O-])ccc12,False,,3.9507819773298185,3.6989700043360187,
O=c1oc(-c2c(F)cccc2F)nc2cnccc12,False,,3.6989700043360187,3.6989700043360187,
O=c1oc(-c2ccc(Br)o2)nc2ccccc12,False,4.301029995663981,,,
O=c1oc(-c2ccccc2Cl)nc2ccsc12,False,6.617316709566357,,,
O=c1oc(-c2ccccc2F)nc2cnccc12,False,,4.045757490560675,,
O=c1oc(-c2ccccc2F)nc2ncccc12,False,,4.494850021680094,4.841637507904751,
O=c1oc(-c2ccccc2I)nc2ccccc12,False,,,6.292429823902063,
O=c1oc(-c2ccccc2[N+](=O)[O-])nc2ccccc12,False,4.892678417441968,,6.936441481889019,
O=c1oc(-c2cccnc2)nc2ccccc12,False,,,6.014982413250465,
O=c1oc(-c2ccco2)nc2c1cnn2-c1ccccc1,False,4.739045649340091,,,
O=c1oc2cc(OCCCCn3cc(COc4ccc(-c5oc(=O)c6c(Cl)cc(Cl)cc6c5-c5ccccc5)cc4)nn3)ccc2c(-c2ccccc2)c1-c1ccc(OS(=O)(=O)O)cc1,True,,,6.7447274948966935,
O=c1oc2ccccc2c(O)c1C1CC(c2ccc(-c3ccc(Br)cc3)cc2)Cc2ccccc21,True,,,,6.823908740944319
O=c1oc2ccccc2c(O)c1Cc1ccc(Br)cc1,True,,,,6.191789027075778
O=c1oc2ccccc2c(O)c1Cc1ccc(C(F)(F)F)cc1,True,,,,6.302770657240282
O=c1oc2ccccc2c(O)c1Cc1ccc2c(c1)OCO2,True,,,,6.0589857562944305
O=c1oc2ccccc2c(O)c1Cc1cccnc1,True,,,,4.621765671707104
OC1(c2ccc(F)cc2)CCN(Cc2nnnn2Cc2cccs2)CC1,False,,,4.301029995663981,
OC[C@H]1O[C@@H](Oc2cc3c(O[C@@H]4O[C@H](CO)[C@@H](O)[C@H](O)[C@H]4O)cc(O)cc3[o+]c2-c2ccc(O)c(O)c2)[C@H](O)[C@@H](O)[C@@H]1O,False,,,4.1249387366083,
Oc1c2nc3cccc(Cl)c3c-2ncn1CCN1CCCCC1,False,4.301029995663981,,,
Oc1cc(O)c2c(c1)O[C@H](c1ccc(O)c(O)c1)[C@@H](O)C2,False,,,3.9030899869919438,
Oc1cc(O)c2c(c1)O[C@H](c1ccc(O)c(O)c1)[C@H](O)C2,False,,,3.8239087409443187,
Oc1cc(O)c2cc(O)c(-c3ccc(O)c(O)c3)[o+]c2c1,False,,,6.6020599913279625,
Oc1ccc(-c2cc(-c3ccccc3)c3cc(Cl)ccc3n2)cc1,False,,,4.522878745280337,
Oc1ccc(-c2nc3ccccc3s2)cc1,False,,,4.301029995663981,
Oc1ccc(Cl)cc1/C=C/c1ccc2cccc(O)c2n1,False,,,4.301029995663981,
Oc1cccc(-c2nc3ccccc3s2)c1,False,,,4.301029995663981,
Oc1cccc(CCc2ccc(Oc3cc(CCc4cccc(O)c4)ccc3O)cc2)c1,False,,,4.7447274948966935,
Oc1ccccc1C(Nc1nccs1)c1ccc2cccnc2c1O,False,,4.301029995663981,,
Oc1nc2ccc(Cl)cc2c(-c2ccccc2)c1N1CCOCC1,False,,,4.301029995663981,
S=C(NCc1cccs1)NCC1CCCO1,False,,,4.301029995663981,
Sc1nnc(-c2ccncc2)n1/N=C/C=C/c1ccco1,False,4.344073728263485,,,
[2H]C([2H])(OC(=O)N[C@@H](CC(C)C)C(=O)N[C@H](C=O)C[C@@H]1CCNC1=O)C(C)(C)Oc1ccc(Cl)cc1,False,,,4.301029995663981,
[2H]C([2H])(OC(=O)N[C@@H](CC(C)C)C(=O)N[C@H](C=O)C[C@@H]1CCNC1=O)C(C)(C)Sc1ccccc1,False,,,4.301029995663981,
[O-][S+](NC1CCCCC1)C12CC3CC(CC(C3)C1)C2,False,4.301029995663981,,,
c1ccc(-c2csc3ncnc(NCC4COc5ccccc5O4)c23)cc1,False,4.301029995663981,,,
c1ccc(-n2cccc2)c(N2CCCCC2)c1,False,4.301029995663981,,,
c1ccc(CNc2nc(-c3ccccn3)n[nH]2)cc1,False,,,4.0,
c1ccc2c(-c3nnc4n3CCCCC4)cc(-c3ccncc3)nc2c1,False,,,4.301029995663981,
c1cncc(-c2csc(NCc3ccco3)n2)c1,False,4.301029995663981,,,
c1coc(-c2nc3ccccc3nc2-c2ccco2)c1,False,4.301029995663981,,,
c1csc(-c2nc3ccccc3[nH]2)c1,False,4.301029995663981,,,
